=== LANE MASK DEBUG LOG — started 2026-04-09 18:17:17 ===
Legend:
  raw      : masks from YOLO (before any classification fix)
  prep     : after _prepare_local_ai_side_masks (guessed→resolve)
  bev      : after _reclassify_masks_via_bev
  guide    : final _build_local_mask_guidance result
  err      : crosstrack error [m]  (+right / -left of centre)
  hdg      : heading error [deg]
  steer    : commanded steering [deg]  (+right / -left)
  Lcx/Rcx  : BEV x-centroid of left/right mask [px], centre=320
  src      : YOLO source (g=guessed_single, e=explicit_class, etc)

F000001 18:17:17.577 | raw: L=none R=none | prep: 2-line | bev: bev=skipped swap=no | guide: ? sides=? err=? hdg=-1.1° | OUT steer=-4.2° v=14.2
F000002 18:17:17.794 | raw: L=none R=none | prep: 2-line | bev: bev=skipped swap=no | guide: legacy_line_fit sides=? err=? hdg=-1.1° | OUT steer=-4.6° v=14.1
F000003 18:17:17.858 | raw: L=none R=none | prep: 2-line | bev: bev=skipped swap=no | guide: legacy_line_fit sides=? err=? hdg=-1.1° | OUT steer=-4.7° v=14.1
F000004 18:17:17.917 | raw: L=none R=none | prep: 2-line | bev: bev=skipped swap=no | guide: legacy_line_fit sides=? err=? hdg=-1.1° | OUT steer=-4.7° v=14.1
F000005 18:17:17.976 | raw: L=none R=none | prep: 2-line | bev: bev=skipped swap=no | guide: legacy_line_fit sides=? err=? hdg=-1.1° | OUT steer=-4.7° v=14.1
F000006 18:17:18.116 | raw: L=none R=none | prep: 2-line | bev: bev=skipped swap=no | guide: legacy_line_fit sides=? err=? hdg=-1.1° | OUT steer=-4.7° v=14.1
F000007 18:17:18.184 | raw: L=none R=none | prep: 2-line | bev: bev=skipped swap=no | guide: legacy_line_fit sides=? err=? hdg=-1.1° | OUT steer=-4.7° v=14.1
F000008 18:17:18.252 | raw: L=none R=none | prep: 2-line | bev: bev=skipped swap=no | guide: legacy_line_fit sides=? err=? hdg=-1.1° | OUT steer=-4.7° v=14.1
F000009 18:17:18.320 | raw: L=none R=none | prep: 2-line | bev: bev=skipped swap=no | guide: legacy_line_fit sides=? err=? hdg=-1.1° | OUT steer=-4.7° v=14.1
F000010 18:17:18.512 | raw: L=none R=none | prep: 2-line | bev: bev=skipped swap=no | guide: legacy_line_fit sides=? err=? hdg=-1.1° | OUT steer=-4.7° v=14.1
F000011 18:17:18.578 | raw: L=none R=none | prep: 2-line | bev: bev=skipped swap=no | guide: legacy_line_fit sides=? err=? hdg=-1.1° | OUT steer=-4.7° v=14.1
F000012 18:17:18.645 | raw: L=none R=none | prep: 2-line | bev: bev=skipped swap=no | guide: legacy_line_fit sides=? err=? hdg=-1.1° | OUT steer=-4.7° v=14.1
F000013 18:17:18.708 | raw: L=none R=none | prep: 2-line | bev: bev=skipped swap=no | guide: legacy_line_fit sides=? err=? hdg=-1.1° | OUT steer=-4.7° v=14.1
F000014 18:17:18.912 | raw: L=none R=none | prep: 2-line | bev: bev=skipped swap=no | guide: legacy_line_fit sides=? err=? hdg=-1.1° | OUT steer=-4.7° v=14.1
F000015 18:17:18.974 | raw: L=none R=none | prep: 2-line | bev: bev=skipped swap=no | guide: legacy_line_fit sides=? err=? hdg=-1.1° | OUT steer=-4.7° v=14.1
F000016 18:17:19.039 | raw: L=none R=none | prep: 2-line | bev: bev=skipped swap=no | guide: legacy_line_fit sides=? err=? hdg=-1.1° | OUT steer=-4.7° v=14.1
F000017 18:17:19.101 | raw: L=none R=none | prep: 2-line | bev: bev=skipped swap=no | guide: legacy_line_fit sides=? err=? hdg=-1.1° | OUT steer=-4.7° v=14.1
F000018 18:17:19.314 | raw: L=none R=none | prep: 2-line | bev: bev=skipped swap=no | guide: legacy_line_fit sides=? err=? hdg=-1.1° | OUT steer=-4.7° v=14.1
F000019 18:17:19.381 | raw: L=none R=none | prep: 2-line | bev: bev=skipped swap=no | guide: legacy_line_fit sides=? err=? hdg=-1.1° | OUT steer=-4.7° v=14.1
F000020 18:17:19.450 | raw: L=none R=none | prep: 2-line | bev: bev=skipped swap=no | guide: legacy_line_fit sides=? err=? hdg=-1.1° | OUT steer=-4.7° v=14.1
F000021 18:17:19.525 | raw: L=none R=none | prep: 2-line | bev: bev=skipped swap=no | guide: legacy_line_fit sides=? err=? hdg=-1.1° | OUT steer=-4.7° v=14.1
F000022 18:17:19.714 | raw: L=none R=none | prep: 2-line | bev: bev=skipped swap=no | guide: legacy_line_fit sides=? err=? hdg=-1.1° | OUT steer=-4.7° v=14.1
F000023 18:17:19.785 | raw: L=none R=none | prep: 2-line | bev: bev=skipped swap=no | guide: legacy_line_fit sides=? err=? hdg=-1.1° | OUT steer=-4.7° v=14.1
F000024 18:17:19.850 | raw: L=none R=none | prep: 2-line | bev: bev=skipped swap=no | guide: legacy_line_fit sides=? err=? hdg=-1.1° | OUT steer=-4.7° v=14.1
F000025 18:17:19.910 | raw: L=none R=none | prep: 2-line | bev: bev=skipped swap=no | guide: legacy_line_fit sides=? err=? hdg=-1.1° | OUT steer=-4.7° v=14.1
F000026 18:17:20.038 | raw: L=none R=none | prep: 2-line | bev: bev=skipped swap=no | guide: legacy_line_fit sides=? err=? hdg=-1.1° | OUT steer=-4.7° v=14.1
F000027 18:17:20.109 | raw: L=none R=none | prep: 2-line | bev: bev=skipped swap=no | guide: legacy_line_fit sides=? err=? hdg=-1.1° | OUT steer=-4.7° v=14.1
F000028 18:17:20.180 | raw: L=none R=none | prep: 2-line | bev: bev=skipped swap=no | guide: legacy_line_fit sides=? err=? hdg=-1.1° | OUT steer=-4.7° v=14.1
F000029 18:17:20.243 | raw: L=none R=none | prep: 2-line | bev: bev=skipped swap=no | guide: legacy_line_fit sides=? err=? hdg=-1.1° | OUT steer=-4.7° v=14.1
F000030 18:17:20.426 | raw: L=none R=none | prep: 2-line | bev: bev=skipped swap=no | guide: legacy_line_fit sides=? err=? hdg=-1.1° | OUT steer=-4.7° v=14.1
F000031 18:17:20.494 | raw: L=none R=none | prep: 2-line | bev: bev=skipped swap=no | guide: legacy_line_fit sides=? err=? hdg=-1.1° | OUT steer=-4.7° v=14.1
F000032 18:17:20.556 | raw: L=none R=none | prep: 2-line | bev: bev=skipped swap=no | guide: legacy_line_fit sides=? err=? hdg=-1.1° | OUT steer=-4.7° v=14.1
F000033 18:17:20.615 | raw: L=none R=none | prep: 2-line | bev: bev=skipped swap=no | guide: legacy_line_fit sides=? err=? hdg=-1.1° | OUT steer=-4.7° v=14.1
F000034 18:17:20.838 | raw: L=none R=none | prep: 2-line | bev: bev=skipped swap=no | guide: legacy_line_fit sides=? err=? hdg=-1.1° | OUT steer=-4.7° v=14.1
F000035 18:17:20.906 | raw: L=none R=none | prep: 2-line | bev: bev=skipped swap=no | guide: legacy_line_fit sides=? err=? hdg=-1.1° | OUT steer=-4.7° v=14.1
F000036 18:17:20.966 | raw: L=none R=none | prep: 2-line | bev: bev=skipped swap=no | guide: legacy_line_fit sides=? err=? hdg=-1.1° | OUT steer=-4.7° v=14.1
F000037 18:17:21.033 | raw: L=none R=none | prep: 2-line | bev: bev=skipped swap=no | guide: legacy_line_fit sides=? err=? hdg=-1.1° | OUT steer=-4.7° v=14.1
F000038 18:17:21.146 | raw: L=none R=none | prep: 2-line | bev: bev=skipped swap=no | guide: legacy_line_fit sides=? err=? hdg=-1.1° | OUT steer=-4.7° v=14.1
F000039 18:17:21.212 | raw: L=none R=none | prep: 2-line | bev: bev=skipped swap=no | guide: legacy_line_fit sides=? err=? hdg=-1.1° | OUT steer=-4.7° v=14.1
F000040 18:17:21.285 | raw: L=none R=none | prep: 2-line | bev: bev=skipped swap=no | guide: legacy_line_fit sides=? err=? hdg=-1.1° | OUT steer=-4.7° v=14.1
F000041 18:17:21.346 | raw: L=none R=none | prep: 2-line | bev: bev=skipped swap=no | guide: legacy_line_fit sides=? err=? hdg=-1.1° | OUT steer=-4.7° v=14.1
F000042 18:17:21.538 | raw: L=none R=none | prep: 2-line | bev: bev=skipped swap=no | guide: legacy_line_fit sides=? err=? hdg=-1.1° | OUT steer=-4.7° v=14.1
F000043 18:17:21.600 | raw: L=none R=none | prep: 2-line | bev: bev=skipped swap=no | guide: legacy_line_fit sides=? err=? hdg=-1.1° | OUT steer=-4.7° v=14.1
F000044 18:17:21.664 | raw: L=none R=none | prep: 2-line | bev: bev=skipped swap=no | guide: legacy_line_fit sides=? err=? hdg=-1.1° | OUT steer=-4.7° v=14.1
F000045 18:17:21.728 | raw: L=none R=none | prep: 2-line | bev: bev=skipped swap=no | guide: legacy_line_fit sides=? err=? hdg=-1.1° | OUT steer=-4.7° v=14.1
F000046 18:17:21.941 | raw: L=none R=none | prep: 2-line | bev: bev=skipped swap=no | guide: legacy_line_fit sides=? err=? hdg=-1.1° | OUT steer=-4.7° v=14.1
F000047 18:17:22.004 | raw: L=none R=none | prep: 2-line | bev: bev=skipped swap=no | guide: legacy_line_fit sides=? err=? hdg=-1.1° | OUT steer=-4.7° v=14.1
F000048 18:17:22.068 | raw: L=none R=none | prep: 2-line | bev: bev=skipped swap=no | guide: legacy_line_fit sides=? err=? hdg=-1.1° | OUT steer=-4.7° v=14.1
F000049 18:17:22.133 | raw: L=none R=none | prep: 2-line | bev: bev=skipped swap=no | guide: legacy_line_fit sides=? err=? hdg=-1.1° | OUT steer=-4.7° v=14.1
F000050 18:17:22.344 | raw: L=none R=none | prep: 2-line | bev: bev=skipped swap=no | guide: legacy_line_fit sides=? err=? hdg=-1.1° | OUT steer=-4.7° v=14.1
F000051 18:17:22.409 | raw: L=none R=none | prep: 2-line | bev: bev=skipped swap=no | guide: legacy_line_fit sides=? err=? hdg=-1.1° | OUT steer=-4.7° v=14.1
F000052 18:17:22.477 | raw: L=none R=none | prep: 2-line | bev: bev=skipped swap=no | guide: legacy_line_fit sides=? err=? hdg=-1.1° | OUT steer=-4.7° v=14.1
F000053 18:17:22.542 | raw: L=none R=none | prep: 2-line | bev: bev=skipped swap=no | guide: legacy_line_fit sides=? err=? hdg=-1.1° | OUT steer=-4.7° v=14.1
F000054 18:17:22.755 | raw: L=none R=none | prep: 2-line | bev: bev=skipped swap=no | guide: legacy_line_fit sides=? err=? hdg=-1.1° | OUT steer=-4.7° v=14.1
F000055 18:17:22.824 | raw: L=none R=none | prep: 2-line | bev: bev=skipped swap=no | guide: legacy_line_fit sides=? err=? hdg=-1.1° | OUT steer=-4.7° v=14.1
F000056 18:17:22.891 | raw: L=none R=none | prep: 2-line | bev: bev=skipped swap=no | guide: legacy_line_fit sides=? err=? hdg=-1.1° | OUT steer=-4.7° v=14.1
F000057 18:17:22.959 | raw: L=none R=none | prep: 2-line | bev: bev=skipped swap=no | guide: legacy_line_fit sides=? err=? hdg=-1.1° | OUT steer=-4.7° v=14.1
F000058 18:17:23.153 | raw: L=none R=none | prep: 2-line | bev: bev=skipped swap=no | guide: legacy_line_fit sides=? err=? hdg=-1.1° | OUT steer=-4.7° v=14.1
F000059 18:17:23.223 | raw: L=none R=none | prep: 2-line | bev: bev=skipped swap=no | guide: legacy_line_fit sides=? err=? hdg=-1.1° | OUT steer=-4.7° v=14.1
F000060 18:17:23.288 | raw: L=none R=none | prep: 2-line | bev: bev=skipped swap=no | guide: legacy_line_fit sides=? err=? hdg=-1.1° | OUT steer=-4.7° v=14.1
F000061 18:17:23.352 | raw: L=none R=none | prep: 2-line | bev: bev=skipped swap=no | guide: legacy_line_fit sides=? err=? hdg=-1.1° | OUT steer=-4.7° v=14.1
F000062 18:17:23.554 | raw: L=none R=none | prep: 2-line | bev: bev=skipped swap=no | guide: legacy_line_fit sides=? err=? hdg=-1.1° | OUT steer=-4.7° v=14.1
F000063 18:17:23.615 | raw: L=none R=none | prep: 2-line | bev: bev=skipped swap=no | guide: legacy_line_fit sides=? err=? hdg=-1.1° | OUT steer=-4.7° v=14.1
F000064 18:17:23.678 | raw: L=none R=none | prep: 2-line | bev: bev=skipped swap=no | guide: legacy_line_fit sides=? err=? hdg=-1.1° | OUT steer=-4.7° v=14.1
F000065 18:17:23.743 | raw: L=none R=none | prep: 2-line | bev: bev=skipped swap=no | guide: legacy_line_fit sides=? err=? hdg=-1.1° | OUT steer=-4.7° v=14.1
F000066 18:17:23.866 | raw: L=none R=none | prep: 2-line | bev: bev=skipped swap=no | guide: legacy_line_fit sides=? err=? hdg=-1.1° | OUT steer=-4.7° v=14.1
F000067 18:17:23.932 | raw: L=none R=none | prep: 2-line | bev: bev=skipped swap=no | guide: legacy_line_fit sides=? err=? hdg=-1.1° | OUT steer=-4.7° v=14.1
F000068 18:17:24.007 | raw: L=none R=none | prep: 2-line | bev: bev=skipped swap=no | guide: legacy_line_fit sides=? err=? hdg=-1.1° | OUT steer=-4.7° v=14.1
F000069 18:17:24.073 | raw: L=none R=none | prep: 2-line | bev: bev=skipped swap=no | guide: legacy_line_fit sides=? err=? hdg=-1.1° | OUT steer=-4.7° v=14.1
F000070 18:17:24.265 | raw: L=none R=none | prep: 2-line | bev: bev=skipped swap=no | guide: legacy_line_fit sides=? err=? hdg=-1.1° | OUT steer=-4.7° v=14.1
F000071 18:17:24.333 | raw: L=none R=none | prep: 2-line | bev: bev=skipped swap=no | guide: legacy_line_fit sides=? err=? hdg=-1.1° | OUT steer=-4.7° v=14.1
F000072 18:17:24.397 | raw: L=none R=none | prep: 2-line | bev: bev=skipped swap=no | guide: legacy_line_fit sides=? err=? hdg=-1.1° | OUT steer=-4.7° v=14.1
F000073 18:17:24.458 | raw: L=none R=none | prep: 2-line | bev: bev=skipped swap=no | guide: legacy_line_fit sides=? err=? hdg=-1.1° | OUT steer=-4.7° v=14.1
F000074 18:17:24.674 | raw: L=none R=none | prep: 2-line | bev: bev=skipped swap=no | guide: legacy_line_fit sides=? err=? hdg=-1.1° | OUT steer=-4.7° v=14.1
F000075 18:17:24.740 | raw: L=none R=none | prep: 2-line | bev: bev=skipped swap=no | guide: legacy_line_fit sides=? err=? hdg=-1.1° | OUT steer=-4.7° v=14.1
F000076 18:17:24.816 | raw: L=none R=none | prep: 2-line | bev: bev=skipped swap=no | guide: legacy_line_fit sides=? err=? hdg=-1.1° | OUT steer=-4.7° v=14.1
F000077 18:17:24.882 | raw: L=none R=none | prep: 2-line | bev: bev=skipped swap=no | guide: legacy_line_fit sides=? err=? hdg=-1.1° | OUT steer=-4.7° v=14.1
F000078 18:17:25.077 | raw: L=none R=none | prep: 2-line | bev: bev=skipped swap=no | guide: legacy_line_fit sides=? err=? hdg=-1.1° | OUT steer=-4.7° v=14.1
F000079 18:17:25.142 | raw: L=none R=none | prep: 2-line | bev: bev=skipped swap=no | guide: legacy_line_fit sides=? err=? hdg=-1.1° | OUT steer=-4.7° v=14.1
F000080 18:17:25.215 | raw: L=none R=none | prep: 2-line | bev: bev=skipped swap=no | guide: legacy_line_fit sides=? err=? hdg=-1.1° | OUT steer=-4.7° v=14.1
F000081 18:17:25.282 | raw: L=none R=none | prep: 2-line | bev: bev=skipped swap=no | guide: legacy_line_fit sides=? err=? hdg=-1.1° | OUT steer=-4.7° v=14.1
F000082 18:17:25.389 | raw: L=none R=none | prep: 2-line | bev: bev=skipped swap=no | guide: legacy_line_fit sides=? err=? hdg=-1.1° | OUT steer=-4.7° v=14.1
F000083 18:17:25.450 | raw: L=none R=none | prep: 2-line | bev: bev=skipped swap=no | guide: legacy_line_fit sides=? err=? hdg=-1.1° | OUT steer=-4.7° v=14.1
F000084 18:17:25.511 | raw: L=none R=none | prep: 2-line | bev: bev=skipped swap=no | guide: legacy_line_fit sides=? err=? hdg=-1.1° | OUT steer=-4.7° v=14.1
F000085 18:17:25.576 | raw: L=none R=none | prep: 2-line | bev: bev=skipped swap=no | guide: legacy_line_fit sides=? err=? hdg=-1.1° | OUT steer=-4.7° v=14.1
F000086 18:17:25.786 | raw: L=none R=none | prep: 2-line | bev: bev=skipped swap=no | guide: legacy_line_fit sides=? err=? hdg=-1.1° | OUT steer=-4.7° v=14.1
F000087 18:17:25.852 | raw: L=none R=none | prep: 2-line | bev: bev=skipped swap=no | guide: legacy_line_fit sides=? err=? hdg=-1.1° | OUT steer=-4.7° v=14.1
F000088 18:17:25.916 | raw: L=none R=none | prep: 2-line | bev: bev=skipped swap=no | guide: legacy_line_fit sides=? err=? hdg=-1.1° | OUT steer=-4.7° v=14.1
F000089 18:17:25.979 | raw: L=none R=none | prep: 2-line | bev: bev=skipped swap=no | guide: legacy_line_fit sides=? err=? hdg=-1.1° | OUT steer=-4.7° v=14.1
F000090 18:17:26.101 | raw: L=none R=none | prep: 2-line | bev: bev=skipped swap=no | guide: legacy_line_fit sides=? err=? hdg=-1.1° | OUT steer=-4.7° v=14.1
F000091 18:17:26.162 | raw: L=none R=none | prep: 2-line | bev: bev=skipped swap=no | guide: legacy_line_fit sides=? err=? hdg=-1.1° | OUT steer=-4.7° v=14.1
F000092 18:17:26.226 | raw: L=none R=none | prep: 2-line | bev: bev=skipped swap=no | guide: legacy_line_fit sides=? err=? hdg=-1.1° | OUT steer=-4.7° v=14.1
F000093 18:17:26.288 | raw: L=none R=none | prep: 2-line | bev: bev=skipped swap=no | guide: legacy_line_fit sides=? err=? hdg=-1.1° | OUT steer=-4.7° v=14.1
F000094 18:17:26.505 | raw: L=none R=none | prep: 2-line | bev: bev=skipped swap=no | guide: legacy_line_fit sides=? err=? hdg=-1.1° | OUT steer=-4.7° v=14.1
F000095 18:17:26.582 | raw: L=none R=none | prep: 2-line | bev: bev=skipped swap=no | guide: legacy_line_fit sides=? err=? hdg=-1.1° | OUT steer=-4.7° v=14.1
F000096 18:17:26.645 | raw: L=none R=none | prep: 2-line | bev: bev=skipped swap=no | guide: legacy_line_fit sides=? err=? hdg=-1.1° | OUT steer=-4.7° v=14.1
F000097 18:17:26.712 | raw: L=none R=none | prep: 2-line | bev: bev=skipped swap=no | guide: legacy_line_fit sides=? err=? hdg=-1.1° | OUT steer=-4.7° v=14.1
F000098 18:17:26.918 | raw: L=none R=none | prep: 2-line | bev: bev=skipped swap=no | guide: legacy_line_fit sides=? err=? hdg=-1.1° | OUT steer=-4.7° v=14.1
F000099 18:17:26.982 | raw: L=none R=none | prep: 2-line | bev: bev=skipped swap=no | guide: legacy_line_fit sides=? err=? hdg=-1.1° | OUT steer=-4.7° v=14.1
F000100 18:17:27.046 | raw: L=none R=none | prep: 2-line | bev: bev=skipped swap=no | guide: legacy_line_fit sides=? err=? hdg=-1.1° | OUT steer=-4.7° v=14.1
F000101 18:17:27.118 | raw: L=none R=none | prep: 2-line | bev: bev=skipped swap=no | guide: legacy_line_fit sides=? err=? hdg=-1.1° | OUT steer=-4.7° v=14.1
F000102 18:17:27.327 | raw: L=none R=none | prep: 2-line | bev: bev=skipped swap=no | guide: legacy_line_fit sides=? err=? hdg=-1.1° | OUT steer=-4.7° v=14.1
F000103 18:17:27.387 | raw: L=none R=none | prep: 2-line | bev: bev=skipped swap=no | guide: legacy_line_fit sides=? err=? hdg=-1.1° | OUT steer=-4.7° v=14.1
F000104 18:17:27.449 | raw: L=none R=none | prep: 2-line | bev: bev=skipped swap=no | guide: legacy_line_fit sides=? err=? hdg=-1.1° | OUT steer=-4.7° v=14.1
F000105 18:17:27.522 | raw: L=none R=none | prep: 2-line | bev: bev=skipped swap=no | guide: legacy_line_fit sides=? err=? hdg=-1.1° | OUT steer=-4.7° v=14.1
F000106 18:17:27.725 | raw: L=none R=none | prep: 2-line | bev: bev=skipped swap=no | guide: legacy_line_fit sides=? err=? hdg=-1.1° | OUT steer=-4.7° v=14.1
F000107 18:17:27.793 | raw: L=none R=none | prep: 2-line | bev: bev=skipped swap=no | guide: legacy_line_fit sides=? err=? hdg=-1.1° | OUT steer=-4.7° v=14.1
F000108 18:17:27.861 | raw: L=none R=none | prep: 2-line | bev: bev=skipped swap=no | guide: legacy_line_fit sides=? err=? hdg=-1.1° | OUT steer=-4.7° v=14.1
F000109 18:17:27.930 | raw: L=none R=none | prep: 2-line | bev: bev=skipped swap=no | guide: legacy_line_fit sides=? err=? hdg=-1.1° | OUT steer=-4.7° v=14.1
F000110 18:17:28.131 | raw: L=none R=none | prep: 2-line | bev: bev=skipped swap=no | guide: legacy_line_fit sides=? err=? hdg=-1.1° | OUT steer=-4.7° v=14.1
F000111 18:17:28.197 | raw: L=none R=none | prep: 2-line | bev: bev=skipped swap=no | guide: legacy_line_fit sides=? err=? hdg=-1.1° | OUT steer=-4.7° v=14.1
F000112 18:17:28.269 | raw: L=none R=none | prep: 2-line | bev: bev=skipped swap=no | guide: legacy_line_fit sides=? err=? hdg=-1.1° | OUT steer=-4.7° v=14.1
F000113 18:17:28.340 | raw: L=none R=none | prep: 2-line | bev: bev=skipped swap=no | guide: legacy_line_fit sides=? err=? hdg=-1.1° | OUT steer=-4.7° v=14.1
F000114 18:17:28.531 | raw: L=none R=none | prep: 2-line | bev: bev=skipped swap=no | guide: legacy_line_fit sides=? err=? hdg=-1.1° | OUT steer=-4.7° v=14.1
F000115 18:17:28.604 | raw: L=none R=none | prep: 2-line | bev: bev=skipped swap=no | guide: legacy_line_fit sides=? err=? hdg=-1.1° | OUT steer=-4.7° v=14.1
F000116 18:17:28.677 | raw: L=none R=none | prep: 2-line | bev: bev=skipped swap=no | guide: legacy_line_fit sides=? err=? hdg=-1.1° | OUT steer=-4.7° v=14.1
F000117 18:17:28.745 | raw: L=none R=none | prep: 2-line | bev: bev=skipped swap=no | guide: legacy_line_fit sides=? err=? hdg=-1.1° | OUT steer=-4.7° v=14.1
F000118 18:17:28.939 | raw: L=none R=none | prep: 2-line | bev: bev=skipped swap=no | guide: legacy_line_fit sides=? err=? hdg=-1.1° | OUT steer=-4.7° v=14.1
F000119 18:17:29.007 | raw: L=none R=none | prep: 2-line | bev: bev=skipped swap=no | guide: legacy_line_fit sides=? err=? hdg=-1.1° | OUT steer=-4.7° v=14.1
F000120 18:17:29.075 | raw: L=none R=none | prep: 2-line | bev: bev=skipped swap=no | guide: legacy_line_fit sides=? err=? hdg=-1.1° | OUT steer=-4.7° v=14.1
F000121 18:17:29.138 | raw: L=none R=none | prep: 2-line | bev: bev=skipped swap=no | guide: legacy_line_fit sides=? err=? hdg=-1.1° | OUT steer=-4.7° v=14.1
F000122 18:17:29.257 | raw: L=none R=none | prep: 2-line | bev: bev=skipped swap=no | guide: legacy_line_fit sides=? err=? hdg=-1.1° | OUT steer=-4.7° v=14.1
F000123 18:17:29.320 | raw: L=none R=none | prep: 2-line | bev: bev=skipped swap=no | guide: legacy_line_fit sides=? err=? hdg=-1.1° | OUT steer=-4.7° v=14.1
F000124 18:17:29.386 | raw: L=none R=none | prep: 2-line | bev: bev=skipped swap=no | guide: legacy_line_fit sides=? err=? hdg=-1.1° | OUT steer=-4.7° v=14.1
F000125 18:17:29.453 | raw: L=none R=none | prep: 2-line | bev: bev=skipped swap=no | guide: legacy_line_fit sides=? err=? hdg=-1.1° | OUT steer=-4.7° v=14.1
F000126 18:17:29.554 | raw: L=none R=none | prep: 2-line | bev: bev=skipped swap=no | guide: legacy_line_fit sides=? err=? hdg=-1.1° | OUT steer=-4.7° v=14.1
F000127 18:17:29.613 | raw: L=none R=none | prep: 2-line | bev: bev=skipped swap=no | guide: legacy_line_fit sides=? err=? hdg=-1.1° | OUT steer=-4.7° v=14.1
F000128 18:17:29.677 | raw: L=none R=none | prep: 2-line | bev: bev=skipped swap=no | guide: legacy_line_fit sides=? err=? hdg=-1.1° | OUT steer=-4.7° v=14.1
F000129 18:17:29.744 | raw: L=none R=none | prep: 2-line | bev: bev=skipped swap=no | guide: legacy_line_fit sides=? err=? hdg=-1.1° | OUT steer=-4.7° v=14.1
F000130 18:17:29.955 | raw: L=none R=none | prep: 2-line | bev: bev=skipped swap=no | guide: legacy_line_fit sides=? err=? hdg=-1.1° | OUT steer=-4.7° v=14.1
F000131 18:17:30.018 | raw: L=none R=none | prep: 2-line | bev: bev=skipped swap=no | guide: legacy_line_fit sides=? err=? hdg=-1.1° | OUT steer=-4.7° v=14.1
F000132 18:17:30.079 | raw: L=none R=none | prep: 2-line | bev: bev=skipped swap=no | guide: legacy_line_fit sides=? err=? hdg=-1.1° | OUT steer=-4.7° v=14.1
F000133 18:17:30.148 | raw: L=none R=none | prep: 2-line | bev: bev=skipped swap=no | guide: legacy_line_fit sides=? err=? hdg=-1.1° | OUT steer=-4.7° v=14.1
F000134 18:17:30.279 | raw: L=none R=none | prep: 2-line | bev: bev=skipped swap=no | guide: legacy_line_fit sides=? err=? hdg=-1.1° | OUT steer=-4.7° v=14.1
F000135 18:17:30.355 | raw: L=none R=none | prep: 2-line | bev: bev=skipped swap=no | guide: legacy_line_fit sides=? err=? hdg=-1.1° | OUT steer=-4.7° v=14.1
F000136 18:17:30.436 | raw: L=none R=none | prep: 2-line | bev: bev=skipped swap=no | guide: legacy_line_fit sides=? err=? hdg=-1.1° | OUT steer=-4.7° v=14.1
F000137 18:17:30.509 | raw: L=none R=none | prep: 2-line | bev: bev=skipped swap=no | guide: legacy_line_fit sides=? err=? hdg=-1.1° | OUT steer=-4.7° v=14.1
F000138 18:17:30.787 | raw: L=none R=none | prep: 2-line | bev: bev=skipped swap=no | guide: legacy_line_fit sides=? err=? hdg=-1.1° | OUT steer=-4.7° v=14.1
F000139 18:17:30.851 | raw: L=none R=none | prep: 2-line | bev: bev=skipped swap=no | guide: legacy_line_fit sides=? err=? hdg=-1.1° | OUT steer=-4.7° v=14.1
F000140 18:17:30.914 | raw: L=none R=none | prep: 2-line | bev: bev=skipped swap=no | guide: legacy_line_fit sides=? err=? hdg=-1.1° | OUT steer=-4.7° v=14.1
F000141 18:17:30.979 | raw: L=none R=none | prep: 2-line | bev: bev=skipped swap=no | guide: legacy_line_fit sides=? err=? hdg=-1.1° | OUT steer=-4.7° v=14.1
F000142 18:17:31.202 | raw: L=none R=none | prep: 2-line | bev: bev=skipped swap=no | guide: legacy_line_fit sides=? err=? hdg=-1.1° | OUT steer=-4.7° v=14.1
F000143 18:17:31.269 | raw: L=none R=none | prep: 2-line | bev: bev=skipped swap=no | guide: legacy_line_fit sides=? err=? hdg=-1.1° | OUT steer=-4.7° v=14.1
F000144 18:17:31.338 | raw: L=none R=none | prep: 2-line | bev: bev=skipped swap=no | guide: legacy_line_fit sides=? err=? hdg=-1.1° | OUT steer=-4.7° v=14.1
F000145 18:17:31.408 | raw: L=none R=none | prep: 2-line | bev: bev=skipped swap=no | guide: legacy_line_fit sides=? err=? hdg=-1.1° | OUT steer=-4.7° v=14.1
F000146 18:17:31.598 | raw: L=none R=none | prep: 2-line | bev: bev=skipped swap=no | guide: legacy_line_fit sides=? err=? hdg=-1.1° | OUT steer=-4.7° v=14.1
F000147 18:17:31.665 | raw: L=none R=none | prep: 2-line | bev: bev=skipped swap=no | guide: legacy_line_fit sides=? err=? hdg=-1.1° | OUT steer=-4.7° v=14.1
F000148 18:17:31.730 | raw: L=none R=none | prep: 2-line | bev: bev=skipped swap=no | guide: legacy_line_fit sides=? err=? hdg=-1.1° | OUT steer=-4.7° v=14.1
F000149 18:17:31.793 | raw: L=none R=none | prep: 2-line | bev: bev=skipped swap=no | guide: legacy_line_fit sides=? err=? hdg=-1.1° | OUT steer=-4.7° v=14.1
F000150 18:17:31.917 | raw: L=none R=none | prep: 2-line | bev: bev=skipped swap=no | guide: legacy_line_fit sides=? err=? hdg=-1.1° | OUT steer=-4.7° v=14.1
F000151 18:17:31.988 | raw: L=none R=none | prep: 2-line | bev: bev=skipped swap=no | guide: legacy_line_fit sides=? err=? hdg=-1.1° | OUT steer=-4.7° v=14.1
F000152 18:17:32.061 | raw: L=none R=none | prep: 2-line | bev: bev=skipped swap=no | guide: legacy_line_fit sides=? err=? hdg=-1.1° | OUT steer=-4.7° v=14.1
F000153 18:17:32.128 | raw: L=none R=none | prep: 2-line | bev: bev=skipped swap=no | guide: legacy_line_fit sides=? err=? hdg=-1.1° | OUT steer=-4.7° v=14.1
F000154 18:17:32.321 | raw: L=none R=none | prep: 2-line | bev: bev=skipped swap=no | guide: legacy_line_fit sides=? err=? hdg=-1.1° | OUT steer=-4.7° v=14.1
F000155 18:17:32.389 | raw: L=none R=none | prep: 2-line | bev: bev=skipped swap=no | guide: legacy_line_fit sides=? err=? hdg=-1.1° | OUT steer=-4.7° v=14.1
F000156 18:17:32.455 | raw: L=none R=none | prep: 2-line | bev: bev=skipped swap=no | guide: legacy_line_fit sides=? err=? hdg=-1.1° | OUT steer=-4.7° v=14.1
F000157 18:17:32.520 | raw: L=none R=none | prep: 2-line | bev: bev=skipped swap=no | guide: legacy_line_fit sides=? err=? hdg=-1.1° | OUT steer=-4.7° v=14.1
F000158 18:17:32.721 | raw: L=none R=none | prep: 2-line | bev: bev=skipped swap=no | guide: legacy_line_fit sides=? err=? hdg=-1.1° | OUT steer=-4.7° v=14.1
F000159 18:17:32.788 | raw: L=none R=none | prep: 2-line | bev: bev=skipped swap=no | guide: legacy_line_fit sides=? err=? hdg=-1.1° | OUT steer=-4.7° v=14.1
F000160 18:17:32.855 | raw: L=none R=none | prep: 2-line | bev: bev=skipped swap=no | guide: legacy_line_fit sides=? err=? hdg=-1.1° | OUT steer=-4.7° v=14.1
F000161 18:17:32.925 | raw: L=none R=none | prep: 2-line | bev: bev=skipped swap=no | guide: legacy_line_fit sides=? err=? hdg=-1.1° | OUT steer=-4.7° v=14.1
F000162 18:17:33.121 | raw: L=none R=none | prep: 2-line | bev: bev=skipped swap=no | guide: legacy_line_fit sides=? err=? hdg=-1.1° | OUT steer=-4.7° v=14.1
F000163 18:17:33.205 | raw: L=none R=none | prep: 2-line | bev: bev=skipped swap=no | guide: legacy_line_fit sides=? err=? hdg=-1.1° | OUT steer=-4.7° v=14.1
F000164 18:17:33.284 | raw: L=none R=none | prep: 2-line | bev: bev=skipped swap=no | guide: legacy_line_fit sides=? err=? hdg=-1.1° | OUT steer=-4.7° v=14.1
F000165 18:17:33.355 | raw: L=none R=none | prep: 2-line | bev: bev=skipped swap=no | guide: legacy_line_fit sides=? err=? hdg=-1.1° | OUT steer=-4.7° v=14.1
F000166 18:17:33.525 | raw: L=none R=none | prep: 2-line | bev: bev=skipped swap=no | guide: legacy_line_fit sides=? err=? hdg=-1.1° | OUT steer=-4.7° v=14.1
F000167 18:17:33.590 | raw: L=none R=none | prep: 2-line | bev: bev=skipped swap=no | guide: legacy_line_fit sides=? err=? hdg=-1.1° | OUT steer=-4.7° v=14.1
F000168 18:17:33.653 | raw: L=none R=none | prep: 2-line | bev: bev=skipped swap=no | guide: legacy_line_fit sides=? err=? hdg=-1.1° | OUT steer=-4.7° v=14.1
F000169 18:17:33.722 | raw: L=none R=none | prep: 2-line | bev: bev=skipped swap=no | guide: legacy_line_fit sides=? err=? hdg=-1.1° | OUT steer=-4.7° v=14.1
F000170 18:17:33.933 | raw: L=none R=none | prep: 2-line | bev: bev=skipped swap=no | guide: legacy_line_fit sides=? err=? hdg=-1.1° | OUT steer=-4.7° v=14.1
F000171 18:17:34.003 | raw: L=none R=none | prep: 2-line | bev: bev=skipped swap=no | guide: legacy_line_fit sides=? err=? hdg=-1.1° | OUT steer=-4.7° v=14.1
F000172 18:17:34.066 | raw: L=none R=none | prep: 2-line | bev: bev=skipped swap=no | guide: legacy_line_fit sides=? err=? hdg=-1.1° | OUT steer=-4.7° v=14.1
F000173 18:17:34.135 | raw: L=none R=none | prep: 2-line | bev: bev=skipped swap=no | guide: legacy_line_fit sides=? err=? hdg=-1.1° | OUT steer=-4.7° v=14.1
F000174 18:17:34.340 | raw: L=none R=none | prep: 2-line | bev: bev=skipped swap=no | guide: legacy_line_fit sides=? err=? hdg=-1.1° | OUT steer=-4.7° v=14.1
F000175 18:17:34.409 | raw: L=none R=none | prep: 2-line | bev: bev=skipped swap=no | guide: legacy_line_fit sides=? err=? hdg=-1.1° | OUT steer=-4.7° v=14.1
F000176 18:17:34.472 | raw: L=none R=none | prep: 2-line | bev: bev=skipped swap=no | guide: legacy_line_fit sides=? err=? hdg=-1.1° | OUT steer=-4.7° v=14.1
F000177 18:17:34.539 | raw: L=none R=none | prep: 2-line | bev: bev=skipped swap=no | guide: legacy_line_fit sides=? err=? hdg=-1.1° | OUT steer=-4.7° v=14.1
F000178 18:17:34.753 | raw: L=none R=none | prep: 2-line | bev: bev=skipped swap=no | guide: legacy_line_fit sides=? err=? hdg=-1.1° | OUT steer=-4.7° v=14.1
F000179 18:17:34.818 | raw: L=none R=none | prep: 2-line | bev: bev=skipped swap=no | guide: legacy_line_fit sides=? err=? hdg=-1.1° | OUT steer=-4.7° v=14.1
F000180 18:17:34.883 | raw: L=none R=none | prep: 2-line | bev: bev=skipped swap=no | guide: legacy_line_fit sides=? err=? hdg=-1.1° | OUT steer=-4.7° v=14.1
F000181 18:17:34.951 | raw: L=none R=none | prep: 2-line | bev: bev=skipped swap=no | guide: legacy_line_fit sides=? err=? hdg=-1.1° | OUT steer=-4.7° v=14.1
F000182 18:17:35.156 | raw: L=none R=none | prep: 2-line | bev: bev=skipped swap=no | guide: legacy_line_fit sides=? err=? hdg=-1.1° | OUT steer=-4.7° v=14.1
F000183 18:17:35.222 | raw: L=none R=none | prep: 2-line | bev: bev=skipped swap=no | guide: legacy_line_fit sides=? err=? hdg=-1.1° | OUT steer=-4.7° v=14.1
F000184 18:17:35.291 | raw: L=none R=none | prep: 2-line | bev: bev=skipped swap=no | guide: legacy_line_fit sides=? err=? hdg=-1.1° | OUT steer=-4.7° v=14.1
F000185 18:17:35.363 | raw: L=none R=none | prep: 2-line | bev: bev=skipped swap=no | guide: legacy_line_fit sides=? err=? hdg=-1.1° | OUT steer=-4.7° v=14.1
F000186 18:17:35.555 | raw: L=none R=none | prep: 2-line | bev: bev=skipped swap=no | guide: legacy_line_fit sides=? err=? hdg=-1.1° | OUT steer=-4.7° v=14.1
F000187 18:17:35.619 | raw: L=none R=none | prep: 2-line | bev: bev=skipped swap=no | guide: legacy_line_fit sides=? err=? hdg=-1.1° | OUT steer=-4.7° v=14.1
F000188 18:17:35.688 | raw: L=none R=none | prep: 2-line | bev: bev=skipped swap=no | guide: legacy_line_fit sides=? err=? hdg=-1.1° | OUT steer=-4.7° v=14.1
F000189 18:17:35.755 | raw: L=none R=none | prep: 2-line | bev: bev=skipped swap=no | guide: legacy_line_fit sides=? err=? hdg=-1.1° | OUT steer=-4.7° v=14.1
F000190 18:17:36.022 | raw: L(cx=78.5,a=5847,s=gue) R(cx=495.7,a=3742,s=gue) | prep: 2-line | bev: 2mask Lcx=34.7 Rcx=573.6 center=320.0 swap=no | guide: midpoint sides=left,right err=-0.043m hdg=+0.0° | OUT steer=-4.7° v=14.1
F000191 18:17:36.139 | raw: L(cx=78.5,a=5847,s=gue) R(cx=495.7,a=3742,s=gue) | prep: 2-line | bev: 2mask Lcx=34.7 Rcx=573.6 center=320.0 swap=no | guide: midpoint sides=left,right err=-0.043m hdg=+0.0° | OUT steer=-4.7° v=14.1
F000192 18:17:36.247 | raw: L(cx=71.4,a=3731,s=gue) R(cx=526.1,a=6443,s=gue) | prep: 2-line | bev: 2mask Lcx=None Rcx=587.7 center=320.0 swap=no | guide: midpoint sides=left,right err=-0.064m hdg=+0.0° | OUT steer=-4.7° v=14.1
F000193 18:17:36.421 | raw: L(cx=92.4,a=4802,s=gue) R(cx=541.7,a=7866,s=gue) | prep: 2-line | bev: 2mask Lcx=None Rcx=603.2 center=320.0 swap=no | guide: midpoint sides=left,right err=-0.040m hdg=+0.0° | OUT steer=-4.7° v=14.1
F000194 18:17:36.548 | raw: L(cx=99.1,a=4880,s=gue) R(cx=545.8,a=7328,s=gue) | prep: 2-line | bev: 2mask Lcx=None Rcx=602.5 center=320.0 swap=no | guide: midpoint sides=left,right err=-0.035m hdg=+0.0° | OUT steer=-4.7° v=14.1
F000195 18:17:36.672 | raw: L(cx=118.9,a=5593,s=gue) R(cx=567.3,a=5857,s=gue) | prep: 2-line | bev: 2mask Lcx=None Rcx=602.5 center=320.0 swap=no | guide: midpoint sides=left,right err=-0.033m hdg=+0.0° | OUT steer=-4.7° v=14.1
F000196 18:17:36.817 | raw: L(cx=119.2,a=5575,s=gue) R(cx=533.8,a=8351,s=gue) | prep: 2-line | bev: 2mask Lcx=None Rcx=602.5 center=320.0 swap=no | guide: midpoint sides=left,right err=-0.034m hdg=+0.0° | OUT steer=-4.7° v=14.1
F000197 18:17:36.936 | raw: L(cx=118.4,a=5518,s=gue) R(cx=533.6,a=8353,s=gue) | prep: 2-line | bev: 2mask Lcx=None Rcx=602.8 center=320.0 swap=no | guide: midpoint sides=left,right err=-0.032m hdg=+0.0° | OUT steer=-4.7° v=14.1
F000198 18:17:37.049 | raw: L(cx=119.2,a=5524,s=gue) R(cx=533.7,a=8329,s=gue) | prep: 2-line | bev: 2mask Lcx=None Rcx=602.7 center=320.0 swap=no | guide: midpoint sides=left,right err=-0.033m hdg=+0.0° | OUT steer=-4.7° v=14.1
F000199 18:17:37.351 | raw: L(cx=119.0,a=5495,s=gue) R(cx=533.5,a=8352,s=gue) | prep: 2-line | bev: 2mask Lcx=None Rcx=602.5 center=320.0 swap=no | guide: midpoint sides=left,right err=-0.033m hdg=+0.0° | OUT steer=-4.7° v=14.1
F000200 18:17:37.470 | raw: L(cx=118.9,a=5528,s=gue) R(cx=533.0,a=8334,s=gue) | prep: 2-line | bev: 2mask Lcx=None Rcx=602.5 center=320.0 swap=no | guide: midpoint sides=left,right err=-0.033m hdg=+0.0° | OUT steer=-4.7° v=14.1
F000201 18:17:37.582 | raw: L(cx=118.4,a=5536,s=gue) R(cx=533.2,a=8322,s=gue) | prep: 2-line | bev: 2mask Lcx=None Rcx=602.4 center=320.0 swap=no | guide: midpoint sides=left,right err=-0.033m hdg=+0.0° | OUT steer=-4.7° v=14.1
F000202 18:17:37.767 | raw: L(cx=118.9,a=5500,s=gue) R(cx=533.5,a=8299,s=gue) | prep: 2-line | bev: 2mask Lcx=None Rcx=602.6 center=320.0 swap=no | guide: midpoint sides=left,right err=-0.033m hdg=+0.0° | OUT steer=-4.7° v=14.1
F000203 18:17:37.878 | raw: L(cx=118.2,a=5495,s=gue) R(cx=533.4,a=8333,s=gue) | prep: 2-line | bev: 2mask Lcx=None Rcx=602.6 center=320.0 swap=no | guide: midpoint sides=left,right err=-0.033m hdg=+0.0° | OUT steer=-4.7° v=14.1
F000204 18:17:37.985 | raw: L(cx=118.8,a=5544,s=gue) R(cx=533.2,a=8287,s=gue) | prep: 2-line | bev: 2mask Lcx=None Rcx=602.7 center=320.0 swap=no | guide: midpoint sides=left,right err=-0.033m hdg=+0.0° | OUT steer=-4.7° v=14.1
F000205 18:17:38.265 | raw: L(cx=119.1,a=5509,s=gue) R(cx=533.4,a=8317,s=gue) | prep: 2-line | bev: 2mask Lcx=None Rcx=602.5 center=320.0 swap=no | guide: midpoint sides=left,right err=-0.033m hdg=+0.0° | OUT steer=-4.7° v=14.1
F000206 18:17:38.375 | raw: L(cx=119.1,a=5563,s=gue) R(cx=533.0,a=8313,s=gue) | prep: 2-line | bev: 2mask Lcx=None Rcx=602.4 center=320.0 swap=no | guide: midpoint sides=left,right err=-0.033m hdg=+0.0° | OUT steer=-4.7° v=14.1
F000207 18:17:38.517 | raw: L(cx=119.1,a=5546,s=gue) R(cx=533.1,a=8348,s=gue) | prep: 2-line | bev: 2mask Lcx=None Rcx=602.7 center=320.0 swap=no | guide: midpoint sides=left,right err=-0.034m hdg=+0.0° | OUT steer=-4.7° v=14.1
F000208 18:17:38.782 | raw: L(cx=119.6,a=5568,s=gue) R(cx=533.5,a=8322,s=gue) | prep: 2-line | bev: 2mask Lcx=None Rcx=602.8 center=320.0 swap=no | guide: midpoint sides=left,right err=-0.034m hdg=+0.0° | OUT steer=-4.7° v=10.0
F000209 18:17:38.905 | raw: L(cx=119.9,a=5591,s=gue) R(cx=533.2,a=8338,s=gue) | prep: 2-line | bev: 2mask Lcx=None Rcx=602.7 center=320.0 swap=no | guide: midpoint sides=left,right err=-0.033m hdg=+0.0° | OUT steer=-4.2° v=10.0
F000210 18:17:39.035 | raw: L(cx=119.7,a=5597,s=gue) R(cx=532.9,a=8392,s=gue) | prep: 2-line | bev: 2mask Lcx=None Rcx=602.7 center=320.0 swap=no | guide: midpoint sides=left,right err=-0.034m hdg=+0.0° | OUT steer=-3.6° v=10.0
F000211 18:17:39.207 | raw: L(cx=119.6,a=5575,s=gue) R(cx=532.6,a=8409,s=gue) | prep: 2-line | bev: 2mask Lcx=None Rcx=602.8 center=320.0 swap=no | guide: midpoint sides=left,right err=-0.034m hdg=+0.0° | OUT steer=-3.5° v=10.0
F000212 18:17:39.327 | raw: L(cx=119.6,a=5600,s=gue) R(cx=532.8,a=8385,s=gue) | prep: 2-line | bev: 2mask Lcx=None Rcx=602.6 center=320.0 swap=no | guide: midpoint sides=left,right err=-0.033m hdg=+0.0° | OUT steer=-3.5° v=10.0
F000213 18:17:39.449 | raw: L(cx=119.5,a=5596,s=gue) R(cx=532.6,a=8437,s=gue) | prep: 2-line | bev: 2mask Lcx=None Rcx=602.8 center=320.0 swap=no | guide: midpoint sides=left,right err=-0.032m hdg=+0.0° | OUT steer=-3.5° v=10.0
F000214 18:17:39.598 | raw: L(cx=119.3,a=5612,s=gue) R(cx=532.5,a=8407,s=gue) | prep: 2-line | bev: 2mask Lcx=None Rcx=602.8 center=320.0 swap=no | guide: midpoint sides=left,right err=-0.031m hdg=+0.0° | OUT steer=-3.5° v=10.0
F000215 18:17:39.714 | raw: L(cx=141.0,a=6243,s=gue) R(cx=533.0,a=8361,s=gue) | prep: 2-line | bev: 2mask Lcx=None Rcx=602.5 center=320.0 swap=no | guide: midpoint sides=left,right err=-0.031m hdg=+0.0° | OUT steer=-3.5° v=11.0
F000216 18:17:39.860 | raw: L(cx=119.0,a=5574,s=gue) R(cx=532.8,a=8344,s=gue) | prep: 2-line | bev: 2mask Lcx=None Rcx=602.7 center=320.0 swap=no | guide: midpoint sides=left,right err=-0.032m hdg=+0.0° | OUT steer=-3.6° v=12.0
F000217 18:17:39.989 | raw: L(cx=119.1,a=5616,s=gue) R(cx=533.1,a=8356,s=gue) | prep: 2-line | bev: 2mask Lcx=None Rcx=602.5 center=320.0 swap=no | guide: midpoint sides=left,right err=-0.033m hdg=+0.0° | OUT steer=-3.9° v=10.0
F000218 18:17:40.097 | raw: L(cx=119.4,a=5590,s=gue) R(cx=532.7,a=8394,s=gue) | prep: 2-line | bev: 2mask Lcx=None Rcx=602.5 center=320.0 swap=no | guide: midpoint sides=left,right err=-0.033m hdg=+0.0° | OUT steer=-3.8° v=11.0
F000219 18:17:40.202 | raw: L(cx=119.4,a=5552,s=gue) R(cx=532.6,a=8381,s=gue) | prep: 2-line | bev: 2mask Lcx=None Rcx=602.6 center=320.0 swap=no | guide: midpoint sides=left,right err=-0.033m hdg=+0.0° | OUT steer=-3.7° v=12.0
F000220 18:17:40.405 | raw: L(cx=120.1,a=5559,s=gue) R(cx=532.8,a=8352,s=gue) | prep: 2-line | bev: 2mask Lcx=None Rcx=602.6 center=320.0 swap=no | guide: midpoint sides=left,right err=-0.032m hdg=+0.0° | OUT steer=-3.9° v=13.0
F000221 18:17:40.524 | raw: L(cx=119.5,a=5574,s=gue) R(cx=532.4,a=8422,s=gue) | prep: 2-line | bev: 2mask Lcx=None Rcx=602.4 center=320.0 swap=no | guide: midpoint sides=left,right err=-0.033m hdg=+0.0° | OUT steer=-4.2° v=14.0
F000222 18:17:40.656 | raw: L(cx=119.5,a=5574,s=gue) R(cx=532.4,a=8422,s=gue) | prep: 2-line | bev: 2mask Lcx=None Rcx=602.4 center=320.0 swap=no | guide: midpoint sides=left,right err=-0.033m hdg=+0.0° | OUT steer=-4.4° v=14.1
F000223 18:17:40.818 | raw: L(cx=119.2,a=5555,s=gue) R(cx=533.1,a=8337,s=gue) | prep: 2-line | bev: 2mask Lcx=None Rcx=602.7 center=320.0 swap=no | guide: midpoint sides=left,right err=-0.033m hdg=+0.0° | OUT steer=-4.6° v=14.1
F000224 18:17:40.937 | raw: L(cx=119.2,a=5623,s=gue) R(cx=532.9,a=8345,s=gue) | prep: 2-line | bev: 2mask Lcx=None Rcx=602.4 center=320.0 swap=no | guide: midpoint sides=left,right err=-0.033m hdg=+0.0° | OUT steer=-4.7° v=14.1
F000225 18:17:41.069 | raw: L(cx=118.9,a=5579,s=gue) R(cx=532.6,a=8359,s=gue) | prep: 2-line | bev: 2mask Lcx=None Rcx=602.7 center=320.0 swap=no | guide: midpoint sides=left,right err=-0.033m hdg=+0.0° | OUT steer=-4.7° v=14.1
F000226 18:17:41.317 | raw: L(cx=119.2,a=5554,s=gue) R(cx=532.6,a=8366,s=gue) | prep: 2-line | bev: 2mask Lcx=None Rcx=602.6 center=320.0 swap=no | guide: midpoint sides=left,right err=-0.033m hdg=+0.0° | OUT steer=-4.7° v=14.1
F000227 18:17:41.443 | raw: L(cx=119.2,a=5554,s=gue) R(cx=532.6,a=8366,s=gue) | prep: 2-line | bev: 2mask Lcx=None Rcx=602.6 center=320.0 swap=no | guide: midpoint sides=left,right err=-0.033m hdg=+0.0° | OUT steer=-4.7° v=14.1
F000228 18:17:41.570 | raw: L(cx=119.5,a=5531,s=gue) R(cx=533.4,a=8379,s=gue) | prep: 2-line | bev: 2mask Lcx=None Rcx=602.6 center=320.0 swap=no | guide: midpoint sides=left,right err=-0.033m hdg=+0.0° | OUT steer=-4.7° v=14.1
F000229 18:17:41.821 | raw: L(cx=119.4,a=5586,s=gue) R(cx=533.3,a=8360,s=gue) | prep: 2-line | bev: 2mask Lcx=None Rcx=602.3 center=320.0 swap=no | guide: midpoint sides=left,right err=-0.033m hdg=+0.0° | OUT steer=-4.7° v=14.1
F000230 18:17:41.935 | raw: L(cx=119.4,a=5586,s=gue) R(cx=533.3,a=8360,s=gue) | prep: 2-line | bev: 2mask Lcx=None Rcx=602.3 center=320.0 swap=no | guide: midpoint sides=left,right err=-0.033m hdg=+0.0° | OUT steer=-4.7° v=14.1
F000231 18:17:42.048 | raw: L(cx=119.1,a=5577,s=gue) R(cx=532.8,a=8362,s=gue) | prep: 2-line | bev: 2mask Lcx=None Rcx=602.2 center=320.0 swap=no | guide: midpoint sides=left,right err=-0.033m hdg=+0.0° | OUT steer=-3.5° v=14.3
F000232 18:17:42.311 | raw: L(cx=119.2,a=5585,s=gue) R(cx=533.0,a=8349,s=gue) | prep: 2-line | bev: 2mask Lcx=None Rcx=602.5 center=320.0 swap=no | guide: midpoint sides=left,right err=-0.034m hdg=+0.0° | OUT steer=-2.0° v=14.6
F000233 18:17:42.428 | raw: L(cx=119.2,a=5558,s=gue) R(cx=532.8,a=8376,s=gue) | prep: 2-line | bev: 2mask Lcx=None Rcx=602.5 center=320.0 swap=no | guide: midpoint sides=left,right err=-0.034m hdg=+0.0° | OUT steer=-1.8° v=14.6
F000234 18:17:42.540 | raw: L(cx=119.4,a=5556,s=gue) R(cx=533.1,a=8356,s=gue) | prep: 2-line | bev: 2mask Lcx=None Rcx=602.4 center=320.0 swap=no | guide: midpoint sides=left,right err=-0.034m hdg=+0.0° | OUT steer=-2.5° v=14.5
F000235 18:17:42.747 | raw: L(cx=118.9,a=5605,s=gue) R(cx=532.9,a=8385,s=gue) | prep: 2-line | bev: 2mask Lcx=None Rcx=602.5 center=320.0 swap=no | guide: midpoint sides=left,right err=-0.034m hdg=+0.0° | OUT steer=-3.3° v=14.3
F000236 18:17:42.866 | raw: L(cx=118.9,a=5605,s=gue) R(cx=532.9,a=8385,s=gue) | prep: 2-line | bev: 2mask Lcx=None Rcx=602.5 center=320.0 swap=no | guide: midpoint sides=left,right err=-0.033m hdg=+0.0° | OUT steer=-3.5° v=14.3
F000237 18:17:42.996 | raw: L(cx=140.8,a=6274,s=gue) R(cx=532.5,a=8422,s=gue) | prep: 2-line | bev: 2mask Lcx=None Rcx=602.3 center=320.0 swap=no | guide: midpoint sides=left,right err=-0.033m hdg=+0.0° | OUT steer=-3.5° v=14.3
F000238 18:17:43.239 | raw: L(cx=118.9,a=5587,s=gue) R(cx=532.9,a=8362,s=gue) | prep: 2-line | bev: 2mask Lcx=None Rcx=602.7 center=320.0 swap=no | guide: midpoint sides=left,right err=-0.033m hdg=+0.0° | OUT steer=-3.5° v=14.3
F000239 18:17:43.359 | raw: L(cx=119.3,a=5570,s=gue) R(cx=532.6,a=8351,s=gue) | prep: 2-line | bev: 2mask Lcx=None Rcx=602.7 center=320.0 swap=no | guide: midpoint sides=left,right err=-0.033m hdg=+0.0° | OUT steer=-3.5° v=14.3
F000240 18:17:43.475 | raw: L(cx=118.5,a=5617,s=gue) R(cx=533.3,a=8438,s=gue) | prep: 2-line | bev: 2mask Lcx=None Rcx=602.9 center=320.0 swap=no | guide: midpoint sides=left,right err=-0.033m hdg=+0.0° | OUT steer=-3.5° v=14.3
F000241 18:17:43.641 | raw: L(cx=139.6,a=6215,s=gue) R(cx=531.2,a=8467,s=gue) | prep: 2-line | bev: 2mask Lcx=None Rcx=602.7 center=320.0 swap=no | guide: midpoint sides=left,right err=-0.035m hdg=+0.0° | OUT steer=-3.5° v=14.3
F000242 18:17:43.747 | raw: L(cx=140.6,a=6210,s=gue) R(cx=530.7,a=8527,s=gue) | prep: 2-line | bev: 2mask Lcx=None Rcx=602.6 center=320.0 swap=no | guide: midpoint sides=left,right err=-0.035m hdg=+0.0° | OUT steer=-3.5° v=14.3
F000243 18:17:43.857 | raw: L(cx=138.4,a=6125,s=gue) R(cx=529.8,a=8633,s=gue) | prep: 2-line | bev: 2mask Lcx=None Rcx=601.6 center=320.0 swap=no | guide: midpoint sides=left,right err=-0.035m hdg=+0.0° | OUT steer=-3.5° v=14.3
F000244 18:17:44.137 | raw: L(cx=137.6,a=6101,s=gue) R(cx=528.9,a=8720,s=gue) | prep: 2-line | bev: 2mask Lcx=None Rcx=601.4 center=320.0 swap=no | guide: midpoint sides=left,right err=-0.032m hdg=+0.0° | OUT steer=-3.5° v=10.0
F000245 18:17:44.263 | raw: L(cx=137.8,a=5991,s=gue) R(cx=528.9,a=8576,s=gue) | prep: 2-line | bev: 2mask Lcx=None Rcx=600.8 center=320.0 swap=no | guide: midpoint sides=left,right err=-0.031m hdg=+0.0° | OUT steer=-3.1° v=10.0
F000246 18:17:44.371 | raw: L(cx=138.3,a=6045,s=gue) R(cx=527.3,a=8593,s=gue) | prep: 2-line | bev: 2mask Lcx=None Rcx=600.8 center=320.0 swap=no | guide: midpoint sides=left,right err=-0.029m hdg=+0.0° | OUT steer=-2.7° v=10.0
F000247 18:17:44.653 | raw: L(cx=116.5,a=5737,s=gue) R(cx=528.3,a=8473,s=gue) | prep: 2-line | bev: 2mask Lcx=None Rcx=600.1 center=320.0 swap=no | guide: midpoint sides=left,right err=-0.027m hdg=+0.0° | OUT steer=-2.6° v=10.0
F000248 18:17:44.778 | raw: L(cx=202.1,a=2290,s=gue) R(cx=528.1,a=8510,s=gue) | prep: 2-line | bev: 2mask Lcx=None Rcx=599.9 center=320.0 swap=no | guide: midpoint sides=left,right err=-0.033m hdg=+0.0° | OUT steer=-2.6° v=10.0
F000249 18:17:44.889 | raw: L(cx=127.4,a=5648,s=gue) R(cx=526.9,a=8611,s=gue) | prep: 2-line | bev: 2mask Lcx=None Rcx=599.3 center=320.0 swap=no | guide: midpoint sides=left,right err=-0.046m hdg=+0.0° | OUT steer=-2.6° v=11.0
F000250 18:17:45.070 | raw: L(cx=127.8,a=5422,s=gue) R(cx=527.0,a=8851,s=gue) | prep: 2-line | bev: 2mask Lcx=None Rcx=599.2 center=320.0 swap=no | guide: midpoint sides=left,right err=-0.041m hdg=+0.0° | OUT steer=-2.7° v=12.0
F000251 18:17:45.193 | raw: L(cx=126.5,a=5468,s=gue) R(cx=525.8,a=8684,s=gue) | prep: 2-line | bev: 2mask Lcx=None Rcx=599.1 center=320.0 swap=no | guide: midpoint sides=left,right err=-0.040m hdg=+0.0° | OUT steer=-2.9° v=13.0
F000252 18:17:45.318 | raw: L(cx=130.4,a=5409,s=gue) R(cx=526.4,a=9055,s=gue) | prep: 2-line | bev: 2mask Lcx=None Rcx=598.7 center=320.0 swap=no | guide: midpoint sides=left,right err=-0.037m hdg=+0.0° | OUT steer=-3.1° v=14.0
F000253 18:17:45.481 | raw: L(cx=113.9,a=5177,s=gue) R(cx=526.2,a=9110,s=gue) | prep: 2-line | bev: 2mask Lcx=None Rcx=598.6 center=320.0 swap=no | guide: midpoint sides=left,right err=-0.036m hdg=+0.0° | OUT steer=-3.3° v=14.3
F000254 18:17:45.608 | raw: L(cx=119.5,a=5390,s=gue) R(cx=524.7,a=9023,s=gue) | prep: 2-line | bev: 2mask Lcx=None Rcx=599.1 center=320.0 swap=no | guide: midpoint sides=left,right err=-0.033m hdg=+0.0° | OUT steer=-3.4° v=14.3
F000255 18:17:45.714 | raw: L(cx=128.6,a=5389,s=gue) R(cx=523.2,a=9088,s=gue) | prep: 2-line | bev: 2mask Lcx=None Rcx=598.8 center=320.0 swap=no | guide: midpoint sides=left,right err=-0.036m hdg=+0.0° | OUT steer=-3.5° v=14.3
F000256 18:17:45.983 | raw: L(cx=128.9,a=5473,s=gue) R(cx=523.1,a=9089,s=gue) | prep: 2-line | bev: 2mask Lcx=None Rcx=598.4 center=320.0 swap=no | guide: midpoint sides=left,right err=-0.038m hdg=+0.0° | OUT steer=-3.5° v=14.3
F000257 18:17:46.134 | raw: L(cx=130.1,a=5247,s=gue) R(cx=522.4,a=9097,s=gue) | prep: 2-line | bev: 2mask Lcx=None Rcx=597.7 center=320.0 swap=no | guide: midpoint sides=left,right err=-0.042m hdg=+0.0° | OUT steer=-3.5° v=14.3
F000258 18:17:46.237 | raw: L(cx=127.0,a=5318,s=gue) R(cx=522.2,a=9199,s=gue) | prep: 2-line | bev: 2mask Lcx=None Rcx=597.7 center=320.0 swap=no | guide: midpoint sides=left,right err=-0.040m hdg=+0.0° | OUT steer=-3.5° v=14.3
F000259 18:17:46.501 | raw: L(cx=128.0,a=5309,s=gue) R(cx=522.5,a=9320,s=gue) | prep: 2-line | bev: 2mask Lcx=None Rcx=597.6 center=320.0 swap=no | guide: midpoint sides=left,right err=-0.038m hdg=+0.0° | OUT steer=-3.5° v=10.0
F000260 18:17:46.616 | raw: L(cx=128.0,a=5309,s=gue) R(cx=522.5,a=9320,s=gue) | prep: 2-line | bev: 2mask Lcx=None Rcx=597.6 center=320.0 swap=no | guide: midpoint sides=left,right err=-0.036m hdg=+0.0° | OUT steer=-3.1° v=10.0
F000261 18:17:46.744 | raw: L(cx=128.5,a=5310,s=gue) R(cx=519.1,a=9620,s=gue) | prep: 2-line | bev: 2mask Lcx=None Rcx=597.5 center=320.0 swap=no | guide: midpoint sides=left,right err=-0.033m hdg=+0.0° | OUT steer=-2.7° v=11.0
F000262 18:17:46.978 | raw: L(cx=128.6,a=5461,s=gue) R(cx=522.3,a=9700,s=gue) | prep: 2-line | bev: 2mask Lcx=None Rcx=595.9 center=320.0 swap=no | guide: midpoint sides=left,right err=-0.060m hdg=+0.0° | OUT steer=-2.7° v=10.0
F000263 18:17:47.115 | raw: L(cx=136.7,a=5537,s=gue) R(cx=518.1,a=9317,s=gue) | prep: 2-line | bev: 2mask Lcx=None Rcx=595.7 center=320.0 swap=no | guide: midpoint sides=left,right err=-0.061m hdg=+0.0° | OUT steer=-2.7° v=11.0
F000264 18:17:47.238 | raw: L(cx=156.8,a=4768,s=gue) R(cx=516.5,a=9682,s=gue) | prep: 2-line | bev: 2mask Lcx=None Rcx=594.6 center=320.0 swap=no | guide: midpoint sides=left,right err=-0.087m hdg=+0.0° | OUT steer=-2.7° v=12.0
F000265 18:17:47.512 | raw: L(cx=150.3,a=5050,s=gue) R(cx=516.8,a=9735,s=gue) | prep: 2-line | bev: 2mask Lcx=None Rcx=594.1 center=320.0 swap=no | guide: midpoint sides=left,right err=-0.095m hdg=+0.0° | OUT steer=-2.9° v=10.0
F000266 18:17:47.642 | raw: L(cx=155.3,a=4988,s=gue) R(cx=515.0,a=9697,s=gue) | prep: 2-line | bev: 2mask Lcx=None Rcx=594.3 center=320.0 swap=no | guide: midpoint sides=left,right err=-0.101m hdg=+0.0° | OUT steer=-2.8° v=10.0
F000267 18:17:47.766 | raw: L(cx=131.5,a=4607,s=gue) R(cx=513.2,a=9333,s=gue) | prep: 2-line | bev: 2mask Lcx=None Rcx=592.5 center=320.0 swap=no | guide: midpoint sides=left,right err=-0.102m hdg=+0.0° | OUT steer=-2.6° v=11.0
F000268 18:17:47.917 | raw: L(cx=131.9,a=4604,s=gue) R(cx=511.7,a=9393,s=gue) | prep: 2-line | bev: 2mask Lcx=None Rcx=590.6 center=320.0 swap=no | guide: midpoint sides=left,right err=-0.107m hdg=+0.0° | OUT steer=-2.7° v=12.0
F000269 18:17:48.027 | raw: L(cx=137.3,a=4722,s=gue) R(cx=509.5,a=9512,s=gue) | prep: 2-line | bev: 2mask Lcx=None Rcx=588.8 center=320.0 swap=no | guide: midpoint sides=left,right err=-0.110m hdg=+0.0° | OUT steer=-2.9° v=13.0
F000270 18:17:48.144 | raw: L(cx=139.4,a=4765,s=gue) R(cx=505.8,a=9428,s=gue) | prep: 2-line | bev: 2mask Lcx=None Rcx=589.1 center=320.0 swap=no | guide: midpoint sides=left,right err=-0.112m hdg=+0.0° | OUT steer=-3.1° v=14.0
F000271 18:17:48.315 | raw: L(cx=144.4,a=4772,s=gue) R(cx=501.3,a=9372,s=gue) | prep: 2-line | bev: 2mask Lcx=None Rcx=588.6 center=320.0 swap=no | guide: midpoint sides=left,right err=-0.122m hdg=+0.0° | OUT steer=-3.3° v=14.3
F000272 18:17:48.429 | raw: L(cx=145.8,a=4786,s=gue) R(cx=500.1,a=9262,s=gue) | prep: 2-line | bev: 2mask Lcx=None Rcx=588.7 center=320.0 swap=no | guide: midpoint sides=left,right err=-0.122m hdg=+0.0° | OUT steer=-3.4° v=14.3
F000273 18:17:48.542 | raw: L(cx=145.8,a=4786,s=gue) R(cx=500.1,a=9262,s=gue) | prep: 2-line | bev: 2mask Lcx=None Rcx=588.7 center=320.0 swap=no | guide: midpoint sides=left,right err=-0.120m hdg=+0.0° | OUT steer=-3.5° v=14.3
F000274 18:17:48.742 | raw: L(cx=142.7,a=4636,s=gue) R(cx=497.6,a=9310,s=gue) | prep: 2-line | bev: 2mask Lcx=None Rcx=588.4 center=320.0 swap=no | guide: midpoint sides=left,right err=-0.125m hdg=+0.0° | OUT steer=-3.5° v=14.3
F000275 18:17:48.847 | raw: L(cx=143.1,a=4640,s=gue) R(cx=496.3,a=9289,s=gue) | prep: 2-line | bev: 2mask Lcx=None Rcx=588.9 center=320.0 swap=no | guide: midpoint sides=left,right err=-0.124m hdg=+0.0° | OUT steer=-3.5° v=14.3
F000276 18:17:48.963 | raw: L(cx=143.1,a=4653,s=gue) R(cx=495.6,a=9390,s=gue) | prep: 2-line | bev: 2mask Lcx=None Rcx=589.0 center=320.0 swap=no | guide: midpoint sides=left,right err=-0.126m hdg=+0.0° | OUT steer=-3.5° v=14.3
F000277 18:17:49.146 | raw: L(cx=126.8,a=4300,s=gue) R(cx=494.2,a=9452,s=gue) | prep: 2-line | bev: 2mask Lcx=None Rcx=588.7 center=320.0 swap=no | guide: midpoint sides=left,right err=-0.126m hdg=+0.0° | OUT steer=-3.5° v=14.3
F000278 18:17:49.261 | raw: L(cx=128.0,a=4139,s=gue) R(cx=493.6,a=9656,s=gue) | prep: 2-line | bev: 2mask Lcx=None Rcx=588.6 center=320.0 swap=no | guide: midpoint sides=left,right err=-0.131m hdg=+0.0° | OUT steer=-3.5° v=14.3
F000279 18:17:49.367 | raw: L(cx=129.4,a=4086,s=gue) R(cx=491.1,a=9393,s=gue) | prep: 2-line | bev: 2mask Lcx=None Rcx=588.7 center=320.0 swap=no | guide: midpoint sides=left,right err=-0.134m hdg=+0.0° | OUT steer=-3.5° v=14.3
F000280 18:17:49.651 | raw: L(cx=132.9,a=4116,s=gue) R(cx=489.7,a=9487,s=gue) | prep: 2-line | bev: 2mask Lcx=None Rcx=586.3 center=320.0 swap=no | guide: midpoint sides=left,right err=-0.140m hdg=+0.0° | OUT steer=-3.5° v=14.3
F000281 18:17:49.770 | raw: L(cx=137.3,a=4056,s=gue) R(cx=486.1,a=9343,s=gue) | prep: 2-line | bev: 2mask Lcx=None Rcx=584.8 center=320.0 swap=no | guide: midpoint sides=left,right err=-0.148m hdg=+0.0° | OUT steer=-3.5° v=14.3
F000282 18:17:49.902 | raw: L(cx=137.3,a=4056,s=gue) R(cx=486.1,a=9343,s=gue) | prep: 2-line | bev: 2mask Lcx=None Rcx=584.8 center=320.0 swap=no | guide: midpoint sides=left,right err=-0.153m hdg=+0.0° | OUT steer=-3.5° v=14.3
F000283 18:17:50.058 | raw: L(cx=137.1,a=4000,s=gue) R(cx=484.1,a=9366,s=gue) | prep: 2-line | bev: 2mask Lcx=None Rcx=583.7 center=320.0 swap=no | guide: midpoint sides=left,right err=-0.161m hdg=+0.0° | OUT steer=-3.5° v=14.3
F000284 18:17:50.171 | raw: L(cx=146.0,a=4052,s=gue) R(cx=480.0,a=9222,s=gue) | prep: 2-line | bev: 2mask Lcx=None Rcx=582.1 center=320.0 swap=no | guide: midpoint sides=left,right err=-0.169m hdg=+0.0° | OUT steer=-3.5° v=14.3
F000285 18:17:50.312 | raw: L(cx=150.2,a=4165,s=gue) R(cx=491.0,a=10084,s=gue) | prep: 2-line | bev: 2mask Lcx=None Rcx=584.3 center=320.0 swap=no | guide: midpoint sides=left,right err=-0.176m hdg=+0.0° | OUT steer=-3.5° v=14.3
F000286 18:17:50.564 | raw: L(cx=154.6,a=4205,s=gue) R(cx=476.7,a=9198,s=gue) | prep: 2-line | bev: 2mask Lcx=None Rcx=581.7 center=320.0 swap=no | guide: midpoint sides=left,right err=-0.159m hdg=+0.0° | OUT steer=-3.5° v=10.0
F000287 18:17:50.685 | raw: L(cx=155.3,a=4213,s=gue) R(cx=476.7,a=9395,s=gue) | prep: 2-line | bev: 2mask Lcx=None Rcx=581.5 center=320.0 swap=no | guide: midpoint sides=left,right err=-0.147m hdg=+0.0° | OUT steer=-3.1° v=10.0
F000288 18:17:50.820 | raw: L(cx=155.9,a=4221,s=gue) R(cx=478.4,a=9635,s=gue) | prep: 2-line | bev: 2mask Lcx=None Rcx=580.8 center=320.0 swap=no | guide: midpoint sides=left,right err=-0.139m hdg=+0.0° | OUT steer=-2.7° v=10.0
F000289 18:17:50.973 | raw: L(cx=153.2,a=4164,s=gue) R(cx=480.9,a=10215,s=gue) | prep: 2-line | bev: 2mask Lcx=None Rcx=580.6 center=320.0 swap=no | guide: midpoint sides=left,right err=-0.128m hdg=+0.0° | OUT steer=-2.6° v=10.0
F000290 18:17:51.111 | raw: L(cx=137.7,a=3920,s=gue) R(cx=478.8,a=10133,s=gue) | prep: 2-line | bev: 2mask Lcx=None Rcx=579.2 center=320.0 swap=no | guide: midpoint sides=left,right err=-0.124m hdg=+0.0° | OUT steer=-2.6° v=10.0
F000291 18:17:51.244 | raw: L(cx=143.3,a=4023,s=gue) R(cx=471.6,a=9783,s=gue) | prep: 2-line | bev: 2mask Lcx=None Rcx=576.7 center=320.0 swap=no | guide: midpoint sides=left,right err=-0.115m hdg=+0.0° | OUT steer=-2.6° v=11.0
F000292 18:17:51.372 | raw: L(cx=145.8,a=4070,s=gue) R(cx=475.0,a=9684,s=gue) | prep: 2-line | bev: 2mask Lcx=None Rcx=576.5 center=320.0 swap=no | guide: midpoint sides=left,right err=-0.106m hdg=+0.0° | OUT steer=-2.7° v=12.0
F000293 18:17:51.486 | raw: L(cx=153.0,a=4267,s=gue) R(cx=476.5,a=9831,s=gue) | prep: 2-line | bev: 2mask Lcx=None Rcx=575.6 center=320.0 swap=no | guide: midpoint sides=left,right err=-0.102m hdg=+0.0° | OUT steer=-2.9° v=13.0
F000294 18:17:51.602 | raw: L(cx=153.0,a=4267,s=gue) R(cx=476.5,a=9831,s=gue) | prep: 2-line | bev: 2mask Lcx=None Rcx=575.6 center=320.0 swap=no | guide: midpoint sides=left,right err=-0.101m hdg=+0.0° | OUT steer=-3.1° v=14.0
F000295 18:17:51.794 | raw: L(cx=160.6,a=4453,s=gue) R(cx=477.0,a=9512,s=gue) | prep: 2-line | bev: 2mask Lcx=None Rcx=572.5 center=320.0 swap=no | guide: midpoint sides=left,right err=-0.094m hdg=+0.0° | OUT steer=-3.3° v=14.3
F000296 18:17:51.915 | raw: L(cx=143.3,a=4105,s=gue) R(cx=477.5,a=9578,s=gue) | prep: 2-line | bev: 2mask Lcx=None Rcx=571.2 center=320.0 swap=no | guide: midpoint sides=left,right err=-0.088m hdg=+0.0° | OUT steer=-3.4° v=14.3
F000297 18:17:52.038 | raw: L(cx=146.0,a=4129,s=gue) R(cx=480.2,a=9495,s=gue) | prep: 2-line | bev: 2mask Lcx=None Rcx=570.6 center=320.0 swap=no | guide: midpoint sides=left,right err=-0.085m hdg=+0.0° | OUT steer=-3.5° v=14.3
F000298 18:17:52.305 | raw: L(cx=147.8,a=4193,s=gue) R(cx=480.2,a=9523,s=gue) | prep: 2-line | bev: 2mask Lcx=None Rcx=569.4 center=320.0 swap=no | guide: midpoint sides=left,right err=-0.081m hdg=+0.0° | OUT steer=-3.5° v=10.0
F000299 18:17:52.424 | raw: L(cx=152.6,a=4264,s=gue) R(cx=483.2,a=9972,s=gue) | prep: 2-line | bev: 2mask Lcx=None Rcx=567.1 center=320.0 swap=no | guide: midpoint sides=left,right err=-0.075m hdg=+0.0° | OUT steer=-3.1° v=10.0
F000300 18:17:52.503 | raw: L(cx=152.6,a=4264,s=gue) R(cx=483.2,a=9972,s=gue) | prep: 2-line | bev: 2mask Lcx=None Rcx=567.1 center=320.0 swap=no | guide: ? sides=? err=? hdg=-0.8° | OUT steer=-3.0° v=10.0
F000301 18:17:52.741 | raw: L(cx=152.6,a=4264,s=gue) R(cx=483.2,a=9972,s=gue) | prep: 2-line | bev: 2mask Lcx=None Rcx=567.1 center=320.0 swap=no | guide: ? sides=? err=? hdg=-0.8° | OUT steer=-3.1° v=1.0
F000302 18:17:52.874 | raw: L(cx=152.2,a=4305,s=gue) R(cx=485.4,a=9858,s=gue) | prep: 2-line | bev: 2mask Lcx=None Rcx=563.1 center=320.0 swap=no | guide: midpoint sides=left,right err=-0.062m hdg=+0.0° | OUT steer=-1.7° v=2.0
F000303 18:17:52.946 | raw: L(cx=152.2,a=4305,s=gue) R(cx=485.4,a=9858,s=gue) | prep: 2-line | bev: 2mask Lcx=None Rcx=563.1 center=320.0 swap=no | guide: ? sides=? err=? hdg=-0.8° | OUT steer=-1.4° v=3.0
F000304 18:17:53.189 | raw: L(cx=158.3,a=4455,s=gue) R(cx=492.1,a=9653,s=gue) | prep: 2-line | bev: 2mask Lcx=None Rcx=562.8 center=320.0 swap=no | guide: midpoint sides=left,right err=-0.052m hdg=+0.0° | OUT steer=-0.8° v=4.0
F000305 18:17:53.311 | raw: L(cx=170.6,a=4883,s=gue) R(cx=501.7,a=9588,s=gue) | prep: 2-line | bev: 2mask Lcx=None Rcx=566.1 center=320.0 swap=no | guide: midpoint sides=left,right err=-0.040m hdg=+0.0° | OUT steer=-1.0° v=5.0
F000306 18:17:53.418 | raw: L(cx=174.5,a=5280,s=gue) R(cx=510.2,a=9478,s=gue) | prep: 2-line | bev: 2mask Lcx=None Rcx=568.5 center=320.0 swap=no | guide: midpoint sides=left,right err=-0.037m hdg=+0.0° | OUT steer=-1.2° v=6.0
F000307 18:17:53.714 | raw: L(cx=182.7,a=5578,s=gue) R(cx=517.3,a=9244,s=gue) | prep: 2-line | bev: 2mask Lcx=None Rcx=567.0 center=320.0 swap=no | guide: midpoint sides=left,right err=-0.028m hdg=+0.0° | OUT steer=-1.5° v=7.0
F000308 18:17:53.834 | raw: L(cx=191.6,a=5909,s=gue) R(cx=520.0,a=9150,s=gue) | prep: 2-line | bev: 2mask Lcx=None Rcx=566.8 center=320.0 swap=no | guide: midpoint sides=left,right err=-0.023m hdg=+0.0° | OUT steer=-1.8° v=8.0
F000309 18:17:53.980 | raw: L(cx=212.2,a=6352,s=gue) R(cx=525.1,a=8915,s=gue) | prep: 2-line | bev: 2mask Lcx=None Rcx=568.7 center=320.0 swap=no | guide: midpoint sides=left,right err=-0.084m hdg=+0.0° | OUT steer=-1.8° v=9.0
F000310 18:17:54.214 | raw: L(cx=223.5,a=6797,s=gue) R(cx=530.0,a=8797,s=gue) | prep: 2-line | bev: 2mask Lcx=None Rcx=569.9 center=320.0 swap=no | guide: midpoint sides=left,right err=-0.088m hdg=+0.0° | OUT steer=-1.8° v=10.0
F000311 18:17:54.348 | raw: L(cx=227.8,a=6867,s=gue) R(cx=532.4,a=8596,s=gue) | prep: 2-line | bev: 2mask Lcx=None Rcx=568.6 center=320.0 swap=no | guide: midpoint sides=left,right err=-0.089m hdg=+0.0° | OUT steer=-1.8° v=10.0
F000312 18:17:54.460 | raw: L(cx=232.2,a=6953,s=gue) R(cx=533.8,a=8562,s=gue) | prep: 2-line | bev: 2mask Lcx=None Rcx=570.9 center=320.0 swap=no | guide: midpoint sides=left,right err=-0.094m hdg=+0.0° | OUT steer=-2.6° v=10.0
F000313 18:17:54.592 | raw: L(cx=232.2,a=6953,s=gue) R(cx=533.8,a=8562,s=gue) | prep: 2-line | bev: 2mask Lcx=None Rcx=570.9 center=320.0 swap=no | guide: midpoint sides=left,right err=-0.098m hdg=+0.0° | OUT steer=-2.6° v=10.0
F000314 18:17:54.703 | raw: L(cx=209.3,a=6572,s=gue) R(cx=542.8,a=8016,s=gue) | prep: 2-line | bev: 2mask Lcx=None Rcx=572.4 center=320.0 swap=no | guide: midpoint sides=left,right err=-0.090m hdg=+0.0° | OUT steer=-2.6° v=11.0
F000315 18:17:54.820 | raw: L(cx=226.4,a=6973,s=gue) R(cx=543.9,a=7873,s=gue) | prep: 2-line | bev: 2mask Lcx=None Rcx=574.7 center=320.0 swap=no | guide: midpoint sides=left,right err=-0.068m hdg=+0.0° | OUT steer=-2.7° v=12.0
F000316 18:17:55.108 | raw: L(cx=245.7,a=7500,s=gue) R(cx=552.9,a=7650,s=gue) | prep: 2-line | bev: 2mask Lcx=None Rcx=575.5 center=320.0 swap=no | guide: midpoint sides=left,right err=-0.071m hdg=+0.0° | OUT steer=-2.9° v=13.0
F000317 18:17:55.225 | raw: L(cx=189.7,a=6355,s=gue) R(cx=558.1,a=7531,s=gue) | prep: 2-line | bev: 2mask Lcx=None Rcx=576.7 center=320.0 swap=no | guide: midpoint sides=left,right err=-0.052m hdg=+0.0° | OUT steer=-3.1° v=14.0
F000318 18:17:55.347 | raw: L(cx=245.5,a=7767,s=gue) R(cx=560.0,a=7542,s=gue) | prep: 2-line | bev: 2mask Lcx=None Rcx=578.9 center=320.0 swap=no | guide: midpoint sides=left,right err=-0.041m hdg=+0.0° | OUT steer=-3.7° v=10.0
F000319 18:17:55.540 | raw: L(cx=198.0,a=6658,s=gue) R(cx=567.5,a=7298,s=gue) | prep: 2-line | bev: 2mask Lcx=None Rcx=578.1 center=320.0 swap=no | guide: midpoint sides=left,right err=-0.029m hdg=+0.0° | OUT steer=-4.2° v=10.0
F000320 18:17:55.678 | raw: L(cx=202.8,a=6785,s=gue) R(cx=572.3,a=7067,s=gue) | prep: 2-line | bev: 2mask Lcx=None Rcx=578.5 center=320.0 swap=no | guide: midpoint sides=left,right err=-0.023m hdg=+0.0° | OUT steer=-4.2° v=10.0
F000321 18:17:55.803 | raw: L(cx=211.1,a=7043,s=gue) R(cx=580.1,a=6990,s=gue) | prep: 2-line | bev: 2mask Lcx=None Rcx=584.1 center=320.0 swap=no | guide: midpoint sides=left,right err=-0.013m hdg=+0.0° | OUT steer=-4.2° v=10.0
F000322 18:17:55.935 | raw: L(cx=208.9,a=7109,s=gue) R(cx=585.5,a=6981,s=gue) | prep: 2-line | bev: 2mask Lcx=None Rcx=585.2 center=320.0 swap=no | guide: midpoint sides=left,right err=-0.007m hdg=+0.0° | OUT steer=-4.2° v=10.0
F000323 18:17:56.046 | raw: L(cx=222.2,a=7459,s=gue) R(cx=591.9,a=6410,s=gue) | prep: 2-line | bev: 2mask Lcx=None Rcx=584.5 center=320.0 swap=no | guide: midpoint sides=left,right err=-0.003m hdg=+0.0° | OUT steer=-4.2° v=10.0
F000324 18:17:56.153 | raw: L(cx=235.9,a=7796,s=gue) R(cx=596.7,a=6211,s=gue) | prep: 2-line | bev: 2mask Lcx=None Rcx=585.6 center=320.0 swap=no | guide: midpoint sides=left,right err=0.001m hdg=+0.0° | OUT steer=-4.2° v=10.0
F000325 18:17:56.355 | raw: L(cx=234.7,a=7766,s=gue) R(cx=597.9,a=6312,s=gue) | prep: 2-line | bev: 2mask Lcx=None Rcx=586.9 center=320.0 swap=no | guide: midpoint sides=left,right err=0.003m hdg=+0.0° | OUT steer=-4.2° v=10.0
F000326 18:17:56.472 | raw: L(cx=241.8,a=8144,s=gue) R(cx=602.2,a=5884,s=gue) | prep: 2-line | bev: 2mask Lcx=None Rcx=587.0 center=320.0 swap=no | guide: midpoint sides=left,right err=0.006m hdg=+0.0° | OUT steer=-3.4° v=11.0
F000327 18:17:56.589 | raw: L(cx=240.2,a=8251,s=gue) R(cx=605.1,a=6203,s=gue) | prep: 2-line | bev: 2mask Lcx=None Rcx=589.2 center=320.0 swap=no | guide: midpoint sides=left,right err=0.010m hdg=+0.0° | OUT steer=-2.7° v=12.0
F000328 18:17:56.860 | raw: L(cx=237.5,a=8259,s=gue) R(cx=608.9,a=6001,s=gue) | prep: 2-line | bev: 2mask Lcx=None Rcx=588.8 center=320.0 swap=no | guide: midpoint sides=left,right err=0.013m hdg=+0.0° | OUT steer=-2.9° v=10.0
F000329 18:17:56.970 | raw: L(cx=212.7,a=7868,s=gue) R(cx=613.0,a=5529,s=gue) | prep: 2-line | bev: 2mask Lcx=None Rcx=590.5 center=320.0 swap=no | guide: midpoint sides=left,right err=0.015m hdg=+0.0° | OUT steer=-2.8° v=10.0
F000330 18:17:57.075 | raw: L(cx=252.2,a=8927,s=gue) R(cx=618.3,a=5056,s=gue) | prep: 2-line | bev: 2mask Lcx=None Rcx=592.9 center=320.0 swap=no | guide: midpoint sides=left,right err=0.020m hdg=+0.0° | OUT steer=-2.6° v=11.0
F000331 18:17:57.368 | raw: L(cx=242.0,a=8845,s=gue) R(cx=623.5,a=4269,s=gue) | prep: 2-line | bev: 2mask Lcx=None Rcx=596.5 center=320.0 swap=no | guide: midpoint sides=left,right err=0.023m hdg=+0.0° | OUT steer=-2.7° v=10.0
F000332 18:17:57.484 | raw: L(cx=256.7,a=9303,s=gue) R(cx=628.7,a=2561,s=gue) | prep: 2-line | bev: 2mask Lcx=None Rcx=598.7 center=320.0 swap=no | guide: midpoint sides=left,right err=0.021m hdg=+0.0° | OUT steer=-2.7° v=11.0
F000333 18:17:57.603 | raw: L(cx=258.9,a=9511,s=gue) R(cx=631.9,a=1661,s=gue) | prep: 2-line | bev: 2mask Lcx=None Rcx=600.0 center=320.0 swap=no | guide: midpoint sides=left,right err=0.018m hdg=+0.0° | OUT steer=-2.7° v=12.0
F000334 18:17:57.838 | raw: L=none R(cx=261.2,a=9620,s=gue) | prep: det=right res=left via=mask | bev: 1mask present=left cx=None center=320.0 correct=None swap=no | guide: midpoint sides=left err=0.028m hdg=+0.0° | OUT steer=-2.8° v=10.0
F000335 18:17:57.925 | raw: L=none R(cx=260.2,a=9740,s=gue) | prep: det=right res=left via=mask | bev: 1mask present=left cx=None center=320.0 correct=None swap=no | guide: midpoint sides=left err=0.016m hdg=+0.0° | OUT steer=-2.7° v=10.0
F000336 18:17:58.004 | raw: L=none R(cx=259.1,a=9765,s=gue) | prep: det=right res=left via=mask | bev: 1mask present=left cx=None center=320.0 correct=None swap=no | guide: midpoint sides=left err=0.017m hdg=+0.0° | OUT steer=-2.6° v=10.0
F000337 18:17:58.189 | raw: L(cx=240.9,a=9424,s=gue) R(cx=634.5,a=896,s=gue) | prep: 2-line | bev: 2mask Lcx=None Rcx=601.1 center=320.0 swap=no | guide: midpoint sides=left,right err=-0.015m hdg=+0.0° | OUT steer=-2.7° v=10.0
F000338 18:17:58.291 | raw: L=none R(cx=253.5,a=9621,s=gue) | prep: det=right res=left via=mask | bev: 1mask present=left cx=None center=320.0 correct=None swap=no | guide: midpoint sides=left err=0.009m hdg=+5.5° | OUT steer=-3.6° v=11.0
F000339 18:17:58.376 | raw: L=none R(cx=254.4,a=9536,s=gue) | prep: det=right res=left via=mask | bev: 1mask present=left cx=None center=320.0 correct=None swap=no | guide: midpoint sides=left err=0.014m hdg=+3.6° | OUT steer=-3.6° v=12.0
F000340 18:17:58.655 | raw: L=none R(cx=254.3,a=9486,s=gue) | prep: det=right res=left via=mask | bev: 1mask present=left cx=None center=320.0 correct=None swap=no | guide: midpoint sides=left err=0.018m hdg=+2.3° | OUT steer=-3.0° v=10.0
F000341 18:17:58.742 | raw: L=none R(cx=266.6,a=9648,s=gue) | prep: det=right res=left via=mask | bev: 1mask present=left cx=None center=320.0 correct=None swap=no | guide: midpoint sides=left err=0.019m hdg=+1.5° | OUT steer=-2.7° v=11.0
F000342 18:17:58.853 | raw: L(cx=254.7,a=9540,s=gue) R(cx=634.5,a=872,s=gue) | prep: 2-line | bev: 2mask Lcx=None Rcx=600.3 center=320.0 swap=no | guide: midpoint sides=left,right err=-0.016m hdg=+0.0° | OUT steer=-2.7° v=10.0
F000343 18:17:59.063 | raw: L=none R(cx=253.6,a=9340,s=gue) | prep: det=right res=left via=mask | bev: 1mask present=left cx=None center=320.0 correct=None swap=no | guide: midpoint sides=left err=0.013m hdg=+5.1° | OUT steer=-3.5° v=10.0
F000344 18:17:59.141 | raw: L=none R(cx=253.6,a=9340,s=gue) | prep: det=right res=left via=mask | bev: 1mask present=left cx=None center=320.0 correct=None swap=no | guide: midpoint sides=left err=0.017m hdg=+3.3° | OUT steer=-3.3° v=10.0
F000345 18:17:59.265 | raw: L(cx=256.3,a=9445,s=gue) R(cx=634.5,a=776,s=gue) | prep: 2-line | bev: 2mask Lcx=None Rcx=600.3 center=320.0 swap=no | guide: midpoint sides=left,right err=-0.009m hdg=+0.0° | OUT steer=-2.7° v=10.0
F000346 18:17:59.405 | raw: L(cx=257.7,a=9543,s=gue) R(cx=634.5,a=800,s=gue) | prep: 2-line | bev: 2mask Lcx=None Rcx=601.1 center=320.0 swap=no | guide: midpoint sides=left,right err=-0.019m hdg=+0.0° | OUT steer=-2.6° v=10.0
F000347 18:17:59.520 | raw: L(cx=258.5,a=9520,s=gue) R(cx=634.5,a=776,s=gue) | prep: 2-line | bev: 2mask Lcx=None Rcx=600.3 center=320.0 swap=no | guide: midpoint sides=left,right err=-0.013m hdg=+0.0° | OUT steer=-2.6° v=10.0
F000348 18:17:59.635 | raw: L(cx=258.5,a=9520,s=gue) R(cx=634.5,a=776,s=gue) | prep: 2-line | bev: 2mask Lcx=None Rcx=600.3 center=320.0 swap=no | guide: midpoint sides=left,right err=-0.009m hdg=+0.0° | OUT steer=-2.6° v=10.0
F000349 18:17:59.897 | raw: L(cx=257.5,a=9485,s=gue) R(cx=634.5,a=720,s=gue) | prep: 2-line | bev: 2mask Lcx=None Rcx=600.3 center=320.0 swap=no | guide: midpoint sides=left,right err=-0.007m hdg=+0.0° | OUT steer=-2.6° v=10.0
F000350 18:18:00.018 | raw: L(cx=255.8,a=9477,s=gue) R(cx=634.5,a=720,s=gue) | prep: 2-line | bev: 2mask Lcx=None Rcx=600.3 center=320.0 swap=no | guide: midpoint sides=left,right err=-0.005m hdg=+0.0° | OUT steer=-2.6° v=10.0
F000351 18:18:00.099 | raw: L(cx=256.4,a=9536,s=gue) R=none | prep: det=left res=left via=mask | bev: 1mask present=left cx=None center=320.0 correct=None swap=no | guide: midpoint sides=left err=0.024m hdg=+1.0° | OUT steer=-2.6° v=10.0
F000352 18:18:00.367 | raw: L(cx=255.8,a=9719,s=gue) R=none | prep: det=left res=left via=mask | bev: 1mask present=left cx=None center=320.0 correct=None swap=no | guide: midpoint sides=left err=0.032m hdg=+0.6° | OUT steer=-2.6° v=10.0
F000353 18:18:00.461 | raw: L(cx=255.9,a=10027,s=gue) R=none | prep: det=left res=left via=mask | bev: 1mask present=left cx=None center=320.0 correct=None swap=no | guide: midpoint sides=left err=0.040m hdg=+0.4° | OUT steer=-2.6° v=10.0
F000354 18:18:00.555 | raw: L(cx=255.9,a=10027,s=gue) R=none | prep: det=left res=left via=mask | bev: 1mask present=left cx=None center=320.0 correct=None swap=no | guide: midpoint sides=left err=0.041m hdg=+0.3° | OUT steer=-2.6° v=10.0
F000355 18:18:00.668 | raw: L(cx=237.4,a=9763,s=gue) R=none | prep: det=left res=left via=mask | bev: 1mask present=left cx=None center=320.0 correct=None swap=no | guide: midpoint sides=left err=0.047m hdg=+0.2° | OUT steer=-2.6° v=10.0
F000356 18:18:00.754 | raw: L(cx=248.4,a=10121,s=gue) R=none | prep: det=left res=left via=mask | bev: 1mask present=left cx=None center=320.0 correct=None swap=no | guide: midpoint sides=left err=0.049m hdg=+0.1° | OUT steer=-2.6° v=11.0
F000357 18:18:00.844 | raw: L(cx=251.5,a=10031,s=gue) R=none | prep: det=left res=left via=mask | bev: 1mask present=left cx=None center=320.0 correct=None swap=no | guide: midpoint sides=left err=0.049m hdg=+0.1° | OUT steer=-2.8° v=12.0
F000358 18:18:01.001 | raw: L(cx=254.3,a=10066,s=gue) R=none | prep: det=left res=left via=mask | bev: 1mask present=left cx=None center=320.0 correct=None swap=no | guide: midpoint sides=left err=0.049m hdg=+0.0° | OUT steer=-3.0° v=12.0
F000359 18:18:01.092 | raw: L(cx=256.2,a=10137,s=gue) R=none | prep: det=left res=left via=mask | bev: 1mask present=left cx=None center=320.0 correct=None swap=no | guide: midpoint sides=left err=0.049m hdg=+0.0° | OUT steer=-3.0° v=12.0
F000360 18:18:01.185 | raw: L(cx=259.9,a=10137,s=gue) R=none | prep: det=left res=left via=mask | bev: 1mask present=left cx=None center=320.0 correct=None swap=no | guide: midpoint sides=left err=0.050m hdg=+0.0° | OUT steer=-3.0° v=12.0
F000361 18:18:01.382 | raw: L(cx=260.4,a=10158,s=gue) R=none | prep: det=left res=left via=mask | bev: 1mask present=left cx=None center=320.0 correct=None swap=no | guide: midpoint sides=left err=0.050m hdg=+0.0° | OUT steer=-3.0° v=12.0
F000362 18:18:01.483 | raw: L(cx=259.9,a=10292,s=gue) R=none | prep: det=left res=left via=mask | bev: 1mask present=left cx=None center=320.0 correct=None swap=no | guide: midpoint sides=left err=0.050m hdg=+0.0° | OUT steer=-3.0° v=12.0
F000363 18:18:01.584 | raw: L(cx=259.3,a=10336,s=gue) R=none | prep: det=left res=left via=mask | bev: 1mask present=left cx=None center=320.0 correct=None swap=no | guide: midpoint sides=left err=0.051m hdg=+0.0° | OUT steer=-3.0° v=12.0
F000364 18:18:01.692 | raw: L(cx=257.0,a=10437,s=gue) R=none | prep: det=left res=left via=mask | bev: 1mask present=left cx=None center=320.0 correct=None swap=no | guide: midpoint sides=left err=0.048m hdg=+0.0° | OUT steer=-3.0° v=12.0
F000365 18:18:01.785 | raw: L(cx=261.1,a=10711,s=gue) R=none | prep: det=left res=left via=mask | bev: 1mask present=left cx=None center=320.0 correct=None swap=no | guide: midpoint sides=left err=0.047m hdg=+0.0° | OUT steer=-3.0° v=12.0
F000366 18:18:01.876 | raw: L(cx=259.5,a=10713,s=gue) R=none | prep: det=left res=left via=mask | bev: 1mask present=left cx=None center=320.0 correct=None swap=no | guide: midpoint sides=left err=0.047m hdg=+0.0° | OUT steer=-3.0° v=12.0
F000367 18:18:02.103 | raw: L(cx=258.1,a=10762,s=gue) R=none | prep: det=left res=left via=mask | bev: 1mask present=left cx=None center=320.0 correct=None swap=no | guide: midpoint sides=left err=0.047m hdg=+0.0° | OUT steer=-3.0° v=12.0
F000368 18:18:02.197 | raw: L(cx=255.8,a=10799,s=gue) R=none | prep: det=left res=left via=mask | bev: 1mask present=left cx=None center=320.0 correct=None swap=no | guide: midpoint sides=left err=0.047m hdg=+0.0° | OUT steer=-3.0° v=12.0
F000369 18:18:02.279 | raw: L(cx=255.8,a=10799,s=gue) R=none | prep: det=left res=left via=mask | bev: 1mask present=left cx=None center=320.0 correct=None swap=no | guide: midpoint sides=left err=0.047m hdg=+0.0° | OUT steer=-3.0° v=12.0
F000370 18:18:02.406 | raw: L(cx=240.8,a=10408,s=gue) R=none | prep: det=left res=left via=mask | bev: 1mask present=left cx=None center=320.0 correct=None swap=no | guide: midpoint sides=left err=0.052m hdg=+0.0° | OUT steer=-3.0° v=12.0
F000371 18:18:02.498 | raw: L(cx=252.3,a=10748,s=gue) R=none | prep: det=left res=left via=mask | bev: 1mask present=left cx=None center=320.0 correct=None swap=no | guide: midpoint sides=left err=0.050m hdg=+0.0° | OUT steer=-3.0° v=12.0
F000372 18:18:02.583 | raw: L(cx=252.3,a=10605,s=gue) R=none | prep: det=left res=left via=mask | bev: 1mask present=left cx=None center=320.0 correct=None swap=no | guide: midpoint sides=left err=0.052m hdg=+0.0° | OUT steer=-3.0° v=12.0
F000373 18:18:02.799 | raw: L(cx=256.5,a=10738,s=gue) R=none | prep: det=left res=left via=mask | bev: 1mask present=left cx=None center=320.0 correct=None swap=no | guide: midpoint sides=left err=0.054m hdg=+0.0° | OUT steer=-3.0° v=12.0
F000374 18:18:02.878 | raw: L(cx=256.5,a=10738,s=gue) R=none | prep: det=left res=left via=mask | bev: 1mask present=left cx=None center=320.0 correct=None swap=no | guide: midpoint sides=left err=0.054m hdg=+0.0° | OUT steer=-3.0° v=12.0
F000375 18:18:02.968 | raw: L(cx=259.4,a=10743,s=gue) R=none | prep: det=left res=left via=mask | bev: 1mask present=left cx=None center=320.0 correct=None swap=no | guide: midpoint sides=left err=0.054m hdg=+0.0° | OUT steer=-3.0° v=12.0
F000376 18:18:03.111 | raw: L(cx=236.4,a=10107,s=gue) R=none | prep: det=left res=left via=mask | bev: 1mask present=left cx=None center=320.0 correct=None swap=no | guide: midpoint sides=left err=0.054m hdg=+0.0° | OUT steer=-3.0° v=12.0
F000377 18:18:03.192 | raw: L(cx=257.9,a=10795,s=gue) R=none | prep: det=left res=left via=mask | bev: 1mask present=left cx=None center=320.0 correct=None swap=no | guide: midpoint sides=left err=0.054m hdg=+0.0° | OUT steer=-3.0° v=12.0
F000378 18:18:03.280 | raw: L(cx=257.9,a=10795,s=gue) R=none | prep: det=left res=left via=mask | bev: 1mask present=left cx=None center=320.0 correct=None swap=no | guide: midpoint sides=left err=0.054m hdg=+0.0° | OUT steer=-3.0° v=12.0
F000379 18:18:03.510 | raw: L(cx=244.6,a=10333,s=gue) R=none | prep: det=left res=left via=mask | bev: 1mask present=left cx=None center=320.0 correct=None swap=no | guide: midpoint sides=left err=0.056m hdg=+0.0° | OUT steer=-3.0° v=12.0
F000380 18:18:03.597 | raw: L(cx=256.8,a=10808,s=gue) R=none | prep: det=left res=left via=mask | bev: 1mask present=left cx=None center=320.0 correct=None swap=no | guide: midpoint sides=left err=0.057m hdg=+0.0° | OUT steer=-3.0° v=12.0
F000381 18:18:03.673 | raw: L(cx=256.8,a=10808,s=gue) R=none | prep: det=left res=left via=mask | bev: 1mask present=left cx=None center=320.0 correct=None swap=no | guide: midpoint sides=left err=0.057m hdg=+0.0° | OUT steer=-3.0° v=12.0
F000382 18:18:04.024 | raw: L(cx=254.0,a=10723,s=gue) R=none | prep: det=left res=left via=mask | bev: 1mask present=left cx=None center=320.0 correct=None swap=no | guide: midpoint sides=left err=0.060m hdg=+0.0° | OUT steer=-3.0° v=10.0
F000383 18:18:04.108 | raw: L(cx=248.8,a=10647,s=gue) R=none | prep: det=left res=left via=mask | bev: 1mask present=left cx=None center=320.0 correct=None swap=no | guide: midpoint sides=left err=0.058m hdg=+0.0° | OUT steer=-2.7° v=11.0
F000384 18:18:04.197 | raw: L(cx=248.8,a=10647,s=gue) R=none | prep: det=left res=left via=mask | bev: 1mask present=left cx=None center=320.0 correct=None swap=no | guide: midpoint sides=left err=0.058m hdg=+0.0° | OUT steer=-2.8° v=10.0
F000385 18:18:04.417 | raw: L(cx=252.1,a=10783,s=gue) R=none | prep: det=left res=left via=mask | bev: 1mask present=left cx=None center=320.0 correct=None swap=no | guide: midpoint sides=left err=0.064m hdg=+0.0° | OUT steer=-2.6° v=10.0
F000386 18:18:04.505 | raw: L(cx=252.1,a=10783,s=gue) R=none | prep: det=left res=left via=mask | bev: 1mask present=left cx=None center=320.0 correct=None swap=no | guide: midpoint sides=left err=0.064m hdg=+0.0° | OUT steer=-2.6° v=10.0
F000387 18:18:04.590 | raw: L(cx=252.0,a=10994,s=gue) R=none | prep: det=left res=left via=mask | bev: 1mask present=left cx=None center=320.0 correct=None swap=no | guide: midpoint sides=left err=0.068m hdg=+0.0° | OUT steer=-2.6° v=11.0
F000388 18:18:04.732 | raw: L(cx=250.3,a=10952,s=gue) R=none | prep: det=left res=left via=mask | bev: 1mask present=left cx=None center=320.0 correct=None swap=no | guide: midpoint sides=left err=0.069m hdg=+0.0° | OUT steer=-2.8° v=10.0
F000389 18:18:04.818 | raw: L(cx=250.3,a=10952,s=gue) R=none | prep: det=left res=left via=mask | bev: 1mask present=left cx=None center=320.0 correct=None swap=no | guide: midpoint sides=left err=0.069m hdg=+0.0° | OUT steer=-2.6° v=10.0
F000390 18:18:04.902 | raw: L=none R(cx=252.6,a=10895,s=gue) | prep: det=right res=left via=mask | bev: 1mask present=left cx=None center=320.0 correct=None swap=no | guide: midpoint sides=left err=0.069m hdg=+0.0° | OUT steer=-2.6° v=11.0
F000391 18:18:05.135 | raw: L=none R(cx=254.1,a=10976,s=gue) | prep: det=right res=left via=mask | bev: 1mask present=left cx=None center=320.0 correct=None swap=no | guide: midpoint sides=left err=0.070m hdg=+0.0° | OUT steer=-2.8° v=10.0
F000392 18:18:05.249 | raw: L(cx=254.0,a=11110,s=gue) R=none | prep: det=left res=left via=mask | bev: 1mask present=left cx=None center=320.0 correct=None swap=no | guide: midpoint sides=left err=0.074m hdg=+0.0° | OUT steer=-2.6° v=10.0
F000393 18:18:05.332 | raw: L(cx=254.0,a=11051,s=gue) R=none | prep: det=left res=left via=mask | bev: 1mask present=left cx=None center=320.0 correct=None swap=no | guide: midpoint sides=left err=0.074m hdg=+0.0° | OUT steer=-2.6° v=10.0
F000394 18:18:05.534 | raw: L(cx=257.1,a=11173,s=gue) R=none | prep: det=left res=left via=mask | bev: 1mask present=left cx=None center=320.0 correct=None swap=no | guide: midpoint sides=left err=0.076m hdg=+0.0° | OUT steer=-2.6° v=10.0
F000395 18:18:05.616 | raw: L(cx=253.6,a=11078,s=gue) R=none | prep: det=left res=left via=mask | bev: 1mask present=left cx=None center=320.0 correct=None swap=no | guide: midpoint sides=left err=0.077m hdg=+0.0° | OUT steer=-2.6° v=11.0
F000396 18:18:05.699 | raw: L(cx=255.3,a=11010,s=gue) R=none | prep: det=left res=left via=mask | bev: 1mask present=left cx=None center=320.0 correct=None swap=no | guide: midpoint sides=left err=0.079m hdg=+0.0° | OUT steer=-2.8° v=12.0
F000397 18:18:05.841 | raw: L(cx=254.1,a=10992,s=gue) R=none | prep: det=left res=left via=mask | bev: 1mask present=left cx=1.9 center=320.0 correct=left swap=no | guide: midpoint sides=left err=0.080m hdg=+0.0° | OUT steer=-3.0° v=12.0
F000398 18:18:05.935 | raw: L(cx=254.0,a=11151,s=gue) R=none | prep: det=left res=left via=mask | bev: 1mask present=left cx=2.6 center=320.0 correct=left swap=no | guide: midpoint sides=left err=0.080m hdg=+0.0° | OUT steer=-3.0° v=12.0
F000399 18:18:06.020 | raw: L(cx=254.6,a=11118,s=gue) R=none | prep: det=left res=left via=mask | bev: 1mask present=left cx=3.6 center=320.0 correct=left swap=no | guide: midpoint sides=left err=0.082m hdg=+0.0° | OUT steer=-3.0° v=12.0
F000400 18:18:06.240 | raw: L(cx=253.7,a=11157,s=gue) R=none | prep: det=left res=left via=mask | bev: 1mask present=left cx=3.6 center=320.0 correct=left swap=no | guide: midpoint sides=left err=0.083m hdg=+0.0° | OUT steer=-3.0° v=10.0
F000401 18:18:06.330 | raw: L(cx=252.2,a=11183,s=gue) R=none | prep: det=left res=left via=mask | bev: 1mask present=left cx=6.6 center=320.0 correct=left swap=no | guide: midpoint sides=left err=0.088m hdg=+0.0° | OUT steer=-2.7° v=10.0
F000402 18:18:06.424 | raw: L=none R(cx=255.4,a=11136,s=gue) | prep: det=right res=left via=mask | bev: 1mask present=left cx=9.1 center=320.0 correct=left swap=no | guide: midpoint sides=left err=0.089m hdg=+0.0° | OUT steer=-2.6° v=11.0
F000403 18:18:06.638 | raw: L(cx=253.0,a=11356,s=gue) R=none | prep: det=left res=left via=mask | bev: 1mask present=left cx=12.0 center=320.0 correct=left swap=no | guide: midpoint sides=left err=0.091m hdg=+0.0° | OUT steer=-2.8° v=10.0
F000404 18:18:06.732 | raw: L=none R(cx=256.0,a=11298,s=gue) | prep: det=right res=left via=mask | bev: 1mask present=left cx=14.5 center=320.0 correct=left swap=no | guide: midpoint sides=left err=0.093m hdg=+0.0° | OUT steer=-2.6° v=10.0
F000405 18:18:06.819 | raw: L=none R(cx=254.9,a=11299,s=gue) | prep: det=right res=left via=mask | bev: 1mask present=left cx=13.7 center=320.0 correct=left swap=no | guide: midpoint sides=left err=0.092m hdg=+0.0° | OUT steer=-2.6° v=11.0
F000406 18:18:07.032 | raw: L=none R=none | prep: 2-line | bev: bev=skipped swap=no | guide: legacy_line_fit sides=? err=? hdg=-0.8° | OUT steer=-2.8° v=12.0
F000407 18:18:07.098 | raw: L=none R=none | prep: 2-line | bev: bev=skipped swap=no | guide: legacy_line_fit sides=? err=? hdg=-0.8° | OUT steer=-3.0° v=13.0
F000408 18:18:07.198 | raw: L=none R(cx=435.0,a=5016,s=gue) | prep: det=right res=left via=mask | bev: 1mask present=left cx=None center=320.0 correct=None swap=no | guide: midpoint sides=left err=0.192m hdg=+0.0° | OUT steer=-2.6° v=12.0
F000409 18:18:07.261 | raw: L=none R=none | prep: 2-line | bev: bev=skipped swap=no | guide: legacy_line_fit sides=? err=? hdg=-0.8° | OUT steer=-3.0° v=13.0
F000410 18:18:07.455 | raw: L=none R(cx=442.9,a=4853,s=gue) | prep: det=right res=left via=mask | bev: 1mask present=left cx=None center=320.0 correct=None swap=no | guide: midpoint sides=left err=0.192m hdg=+0.0° | OUT steer=-2.6° v=12.0
F000411 18:18:07.539 | raw: L=none R(cx=442.9,a=4853,s=gue) | prep: det=right res=left via=mask | bev: 1mask present=left cx=None center=320.0 correct=None swap=no | guide: midpoint sides=left err=0.192m hdg=+0.0° | OUT steer=-2.6° v=12.0
F000412 18:18:07.623 | raw: L=none R(cx=446.4,a=4811,s=gue) | prep: det=right res=left via=mask | bev: 1mask present=left cx=None center=320.0 correct=None swap=no | guide: midpoint sides=left err=0.192m hdg=+0.0° | OUT steer=-3.0° v=12.0
F000413 18:18:07.768 | raw: L=none R(cx=441.1,a=4987,s=gue) | prep: det=right res=left via=mask | bev: 1mask present=left cx=None center=320.0 correct=None swap=no | guide: midpoint sides=left err=0.192m hdg=+0.0° | OUT steer=-3.0° v=12.0
F000414 18:18:07.868 | raw: L=none R(cx=449.1,a=4770,s=gue) | prep: det=right res=left via=mask | bev: 1mask present=left cx=None center=320.0 correct=None swap=no | guide: midpoint sides=left err=0.192m hdg=+0.0° | OUT steer=-3.0° v=12.0
F000415 18:18:07.952 | raw: L=none R(cx=448.8,a=4807,s=gue) | prep: det=right res=left via=mask | bev: 1mask present=left cx=None center=320.0 correct=None swap=no | guide: midpoint sides=left err=0.192m hdg=+0.0° | OUT steer=-3.0° v=12.0
F000416 18:18:08.179 | raw: L=none R(cx=450.8,a=4827,s=gue) | prep: det=right res=left via=mask | bev: 1mask present=left cx=None center=320.0 correct=None swap=no | guide: midpoint sides=left err=0.192m hdg=+0.0° | OUT steer=-3.0° v=12.0
F000417 18:18:08.267 | raw: L=none R(cx=450.8,a=4827,s=gue) | prep: det=right res=left via=mask | bev: 1mask present=left cx=None center=320.0 correct=None swap=no | guide: midpoint sides=left err=0.192m hdg=+0.0° | OUT steer=-3.0° v=12.0
F000418 18:18:08.349 | raw: L=none R(cx=446.6,a=4959,s=gue) | prep: det=right res=left via=mask | bev: 1mask present=left cx=None center=320.0 correct=None swap=no | guide: midpoint sides=left err=0.192m hdg=+0.0° | OUT steer=-3.0° v=12.0
F000419 18:18:08.579 | raw: L=none R(cx=448.9,a=4859,s=gue) | prep: det=right res=left via=mask | bev: 1mask present=left cx=None center=320.0 correct=None swap=no | guide: midpoint sides=left err=0.192m hdg=+0.0° | OUT steer=-3.0° v=12.0
F000420 18:18:08.672 | raw: L=none R(cx=448.9,a=4868,s=gue) | prep: det=right res=left via=mask | bev: 1mask present=left cx=None center=320.0 correct=None swap=no | guide: midpoint sides=left err=0.192m hdg=+0.0° | OUT steer=-3.0° v=12.0
F000421 18:18:08.759 | raw: L=none R(cx=450.0,a=4916,s=gue) | prep: det=right res=left via=mask | bev: 1mask present=left cx=None center=320.0 correct=None swap=no | guide: midpoint sides=left err=0.192m hdg=+0.0° | OUT steer=-3.0° v=12.0
F000422 18:18:08.975 | raw: L=none R(cx=449.6,a=4854,s=gue) | prep: det=right res=left via=mask | bev: 1mask present=left cx=None center=320.0 correct=None swap=no | guide: midpoint sides=left err=0.192m hdg=+0.0° | OUT steer=-3.0° v=12.0
F000423 18:18:09.069 | raw: L=none R(cx=449.6,a=4752,s=gue) | prep: det=right res=left via=mask | bev: 1mask present=left cx=None center=320.0 correct=None swap=no | guide: midpoint sides=left err=0.192m hdg=+0.0° | OUT steer=-3.0° v=12.0
F000424 18:18:09.144 | raw: L=none R=none | prep: 2-line | bev: bev=skipped swap=no | guide: legacy_line_fit sides=? err=? hdg=-0.8° | OUT steer=-3.0° v=13.0
F000425 18:18:09.398 | raw: L=none R(cx=400.6,a=6457,s=gue) | prep: det=right res=left via=mask | bev: 1mask present=left cx=164.7 center=320.0 correct=left swap=no | guide: midpoint sides=left err=0.131m hdg=+0.0° | OUT steer=-3.0° v=12.0
F000426 18:18:09.493 | raw: L=none R(cx=447.4,a=4673,s=gue) | prep: det=right res=left via=mask | bev: 1mask present=left cx=None center=320.0 correct=None swap=no | guide: midpoint sides=left err=0.192m hdg=+0.0° | OUT steer=-3.0° v=12.0
F000427 18:18:09.588 | raw: L=none R(cx=446.7,a=4615,s=gue) | prep: det=right res=left via=mask | bev: 1mask present=left cx=None center=320.0 correct=None swap=no | guide: midpoint sides=left err=0.192m hdg=+0.0° | OUT steer=-3.0° v=12.0
F000428 18:18:09.808 | raw: L=none R(cx=448.5,a=4476,s=gue) | prep: det=right res=left via=mask | bev: 1mask present=left cx=None center=320.0 correct=None swap=no | guide: midpoint sides=left err=0.192m hdg=+0.0° | OUT steer=-3.0° v=12.0
F000429 18:18:09.896 | raw: L=none R(cx=363.1,a=7605,s=gue) | prep: det=right res=left via=mask | bev: 1mask present=left cx=162.0 center=320.0 correct=left swap=no | guide: midpoint sides=left err=0.145m hdg=+0.0° | OUT steer=-3.0° v=12.0
F000430 18:18:09.985 | raw: L=none R(cx=363.1,a=7605,s=gue) | prep: det=right res=left via=mask | bev: 1mask present=left cx=162.0 center=320.0 correct=left swap=no | guide: midpoint sides=left err=0.145m hdg=+0.0° | OUT steer=-3.0° v=12.0
F000431 18:18:10.106 | raw: L=none R=none | prep: 2-line | bev: bev=skipped swap=no | guide: legacy_line_fit sides=? err=? hdg=-0.8° | OUT steer=-3.0° v=13.0
F000432 18:18:10.193 | raw: L=none R(cx=447.1,a=4154,s=gue) | prep: det=right res=left via=mask | bev: 1mask present=left cx=None center=320.0 correct=None swap=no | guide: single_line_physical sides=left err=0.193m hdg=+3.0° | OUT steer=-3.0° v=12.0
F000433 18:18:10.284 | raw: L=none R(cx=445.7,a=4255,s=gue) | prep: det=right res=left via=mask | bev: 1mask present=left cx=None center=320.0 correct=None swap=no | guide: single_line_physical sides=left err=0.193m hdg=+3.2° | OUT steer=-3.2° v=12.0
F000434 18:18:10.518 | raw: L=none R(cx=443.2,a=4302,s=gue) | prep: det=right res=left via=mask | bev: 1mask present=left cx=None center=320.0 correct=None swap=no | guide: single_line_physical sides=left err=0.193m hdg=+2.9° | OUT steer=-3.0° v=12.0
F000435 18:18:10.613 | raw: L=none R(cx=443.2,a=4302,s=gue) | prep: det=right res=left via=mask | bev: 1mask present=left cx=None center=320.0 correct=None swap=no | guide: single_line_physical sides=left err=0.193m hdg=+2.2° | OUT steer=-3.0° v=12.0
F000436 18:18:10.704 | raw: L=none R(cx=442.8,a=4308,s=gue) | prep: det=right res=right via=mask | bev: 1mask present=left cx=355.8 center=320.0 correct=right swap=YES ←! | guide: single_line_physical sides=right err=-0.149m hdg=+14.5° | OUT steer=-3.0° v=12.0
F000437 18:18:10.935 | raw: L=none R(cx=440.5,a=4386,s=gue) | prep: det=right res=right via=mask | bev: 1mask present=right cx=365.0 center=320.0 correct=right swap=no | guide: single_line_physical sides=right err=-0.193m hdg=+15.1° | OUT steer=-3.0° v=12.0
F000438 18:18:11.025 | raw: L=none R(cx=440.5,a=4386,s=gue) | prep: det=right res=right via=mask | bev: 1mask present=right cx=365.0 center=320.0 correct=right swap=no | guide: single_line_physical sides=right err=-0.193m hdg=+14.4° | OUT steer=-3.0° v=12.0
F000439 18:18:11.113 | raw: L=none R(cx=411.4,a=5513,s=gue) | prep: det=right res=left via=mask | bev: 1mask present=right cx=303.2 center=320.0 correct=left swap=YES ←! | guide: single_line_physical sides=left err=0.167m hdg=+3.2° | OUT steer=-3.1° v=12.0
F000440 18:18:11.332 | raw: L=none R(cx=422.2,a=4895,s=gue) | prep: det=right res=right via=mask | bev: 1mask present=left cx=323.3 center=320.0 correct=right swap=YES ←! | guide: single_line_physical sides=right err=-0.193m hdg=+15.4° | OUT steer=-3.1° v=12.0
F000441 18:18:11.430 | raw: L=none R(cx=414.7,a=4841,s=gue) | prep: det=right res=left via=mask | bev: 1mask present=right cx=315.2 center=320.0 correct=left swap=YES ←! | guide: single_line_physical sides=left err=0.168m hdg=+3.0° | OUT steer=-3.1° v=12.0
F000442 18:18:11.528 | raw: L=none R(cx=394.5,a=5524,s=gue) | prep: det=right res=left via=mask | bev: 1mask present=left cx=295.8 center=320.0 correct=left swap=no | guide: single_line_physical sides=left err=0.167m hdg=+3.2° | OUT steer=-3.2° v=12.0
F000443 18:18:11.643 | raw: L=none R(cx=372.8,a=6799,s=gue) | prep: det=right res=left via=mask | bev: 1mask present=left cx=281.8 center=320.0 correct=left swap=no | guide: single_line_physical sides=left err=0.167m hdg=+3.1° | OUT steer=-3.1° v=12.0
F000444 18:18:11.726 | raw: L=none R(cx=380.3,a=6219,s=gue) | prep: det=right res=left via=mask | bev: 1mask present=left cx=286.9 center=320.0 correct=left swap=no | guide: single_line_physical sides=left err=0.167m hdg=+3.1° | OUT steer=-3.1° v=12.0
F000445 18:18:11.827 | raw: L=none R(cx=380.3,a=6219,s=gue) | prep: det=right res=left via=mask | bev: 1mask present=left cx=286.9 center=320.0 correct=left swap=no | guide: single_line_physical sides=left err=0.167m hdg=+2.3° | OUT steer=-3.0° v=12.0
F000446 18:18:12.054 | raw: L=none R(cx=396.4,a=5428,s=gue) | prep: det=right res=left via=mask | bev: 1mask present=left cx=307.7 center=320.0 correct=left swap=no | guide: single_line_physical sides=left err=0.175m hdg=+1.4° | OUT steer=-3.0° v=12.0
F000447 18:18:12.135 | raw: L=none R(cx=396.4,a=5428,s=gue) | prep: det=right res=left via=mask | bev: 1mask present=left cx=307.7 center=320.0 correct=left swap=no | guide: single_line_physical sides=left err=0.175m hdg=+0.3° | OUT steer=-3.0° v=12.0
F000448 18:18:12.220 | raw: L=none R(cx=342.3,a=7999,s=gue) | prep: det=right res=left via=mask | bev: 1mask present=left cx=279.2 center=320.0 correct=left swap=no | guide: single_line_physical sides=left err=0.171m hdg=+2.0° | OUT steer=-3.0° v=12.0
F000449 18:18:12.363 | raw: L=none R(cx=342.3,a=7999,s=gue) | prep: det=right res=left via=mask | bev: 1mask present=left cx=279.2 center=320.0 correct=left swap=no | guide: single_line_physical sides=left err=0.171m hdg=+0.4° | OUT steer=-3.0° v=12.0
F000450 18:18:12.465 | raw: L=none R(cx=338.6,a=7853,s=gue) | prep: det=right res=left via=mask | bev: 1mask present=left cx=280.2 center=320.0 correct=left swap=no | guide: single_line_physical sides=left err=0.173m hdg=+1.5° | OUT steer=-3.0° v=12.0
F000451 18:18:12.571 | raw: L=none R(cx=337.1,a=7948,s=gue) | prep: det=right res=left via=mask | bev: 1mask present=left cx=280.7 center=320.0 correct=left swap=no | guide: single_line_physical sides=left err=0.174m hdg=+1.6° | OUT steer=-3.0° v=12.0
F000452 18:18:12.772 | raw: L=none R(cx=337.2,a=7612,s=gue) | prep: det=right res=left via=mask | bev: 1mask present=left cx=286.6 center=320.0 correct=left swap=no | guide: single_line_physical sides=left err=0.175m hdg=+1.0° | OUT steer=-3.0° v=12.0
F000453 18:18:12.867 | raw: L=none R(cx=330.9,a=8186,s=gue) | prep: det=right res=left via=mask | bev: 1mask present=left cx=277.0 center=320.0 correct=left swap=no | guide: single_line_physical sides=left err=0.176m hdg=+2.1° | OUT steer=-3.0° v=12.0
F000454 18:18:12.956 | raw: L=none R(cx=330.1,a=8411,s=gue) | prep: det=right res=left via=mask | bev: 1mask present=left cx=277.1 center=320.0 correct=left swap=no | guide: single_line_physical sides=left err=0.177m hdg=+2.0° | OUT steer=-3.0° v=12.0
F000455 18:18:13.146 | raw: L=none R(cx=318.4,a=8835,s=gue) | prep: det=right res=left via=mask | bev: 1mask present=left cx=272.7 center=320.0 correct=left swap=no | guide: single_line_physical sides=left err=0.178m hdg=+1.8° | OUT steer=-3.0° v=12.0
F000456 18:18:13.229 | raw: L=none R(cx=318.4,a=8835,s=gue) | prep: det=right res=left via=mask | bev: 1mask present=left cx=272.7 center=320.0 correct=left swap=no | guide: single_line_physical sides=left err=0.178m hdg=+0.6° | OUT steer=-3.0° v=12.0
F000457 18:18:13.319 | raw: L=none R(cx=318.4,a=8835,s=gue) | prep: det=right res=left via=mask | bev: 1mask present=left cx=272.7 center=320.0 correct=left swap=no | guide: single_line_physical sides=left err=0.178m hdg=-0.6° | OUT steer=-3.0° v=12.0
F000458 18:18:13.579 | raw: L(cx=297.5,a=9936,s=gue) R(cx=621.9,a=305,s=gue) | prep: det=None res=right via=mask dup=history | bev: 2mask Lcx=260.8 Rcx=None center=320.0 swap=no | guide: single_line_physical sides=right err=0.023m hdg=+10.1° | OUT steer=-3.0° v=12.0
F000459 18:18:13.689 | raw: L(cx=295.2,a=9896,s=gue) R(cx=611.8,a=334,s=gue) | prep: det=None res=right via=mask dup=history | bev: 2mask Lcx=257.0 Rcx=None center=320.0 swap=no | guide: single_line_physical sides=right err=0.023m hdg=+10.8° | OUT steer=-3.0° v=12.0
F000460 18:18:13.818 | raw: L(cx=291.1,a=10422,s=gue) R(cx=613.7,a=369,s=gue) | prep: det=None res=right via=mask dup=history | bev: 2mask Lcx=254.0 Rcx=None center=320.0 swap=no | guide: single_line_physical sides=right err=0.023m hdg=+10.2° | OUT steer=-3.0° v=12.0
F000461 18:18:14.097 | raw: L(cx=288.6,a=10406,s=gue) R(cx=609.1,a=502,s=gue) | prep: det=None res=right via=mask dup=history | bev: 2mask Lcx=249.1 Rcx=None center=320.0 swap=no | guide: single_line_physical sides=right err=0.023m hdg=+3.7° | OUT steer=+3.7° v=10.0
F000462 18:18:14.212 | raw: L(cx=286.6,a=10526,s=gue) R(cx=608.9,a=568,s=gue) | prep: det=None res=right via=mask dup=history | bev: 2mask Lcx=244.0 Rcx=None center=320.0 swap=no | guide: single_line_physical sides=right err=0.023m hdg=+3.5° | OUT steer=+3.5° v=10.0
F000463 18:18:14.306 | raw: L(cx=283.0,a=10439,s=gue) R(cx=606.9,a=691,s=gue) | prep: det=None res=right via=mask dup=history | bev: 2mask Lcx=239.7 Rcx=None center=320.0 swap=no | guide: single_line_physical sides=right err=0.023m hdg=+9.1° | OUT steer=+9.1° v=11.0
F000464 18:18:14.604 | raw: L(cx=282.0,a=10526,s=gue) R(cx=604.9,a=733,s=gue) | prep: det=None res=right via=mask dup=history | bev: 2mask Lcx=238.2 Rcx=None center=320.0 swap=no | guide: single_line_physical sides=right err=0.023m hdg=+1.4° | OUT steer=+4.1° v=10.0
F000465 18:18:14.708 | raw: L(cx=281.0,a=10603,s=gue) R(cx=604.8,a=721,s=gue) | prep: det=None res=right via=mask dup=history | bev: 2mask Lcx=239.6 Rcx=None center=320.0 swap=no | guide: single_line_physical sides=right err=0.023m hdg=+1.3° | OUT steer=+2.0° v=10.0
F000466 18:18:14.806 | raw: L(cx=280.3,a=10847,s=gue) R(cx=608.1,a=743,s=gue) | prep: det=None res=right via=mask dup=history | bev: 2mask Lcx=228.7 Rcx=None center=320.0 swap=no | guide: single_line_physical sides=right err=0.023m hdg=+1.2° | OUT steer=+2.0° v=10.0
F000467 18:18:14.930 | raw: L(cx=275.4,a=10527,s=gue) R(cx=602.1,a=808,s=gue) | prep: det=None res=right via=mask dup=history | bev: 2mask Lcx=226.7 Rcx=None center=320.0 swap=no | guide: single_line_physical sides=right err=0.023m hdg=+0.6° | OUT steer=+2.0° v=10.0
F000468 18:18:15.030 | raw: L(cx=274.8,a=10567,s=gue) R(cx=599.9,a=878,s=gue) | prep: det=None res=right via=mask dup=history | bev: 2mask Lcx=223.5 Rcx=None center=320.0 swap=no | guide: single_line_physical sides=right err=0.022m hdg=+0.2° | OUT steer=+2.0° v=10.0
F000469 18:18:15.149 | raw: L(cx=275.0,a=10033,s=gue) R(cx=598.0,a=1064,s=gue) | prep: det=None res=right via=mask dup=history | bev: 2mask Lcx=213.0 Rcx=None center=320.0 swap=no | guide: single_line_physical sides=right err=-0.063m hdg=-21.6° | OUT steer=+2.0° v=10.0
F000470 18:18:15.344 | raw: L(cx=293.9,a=8056,s=gue) R(cx=596.2,a=1177,s=gue) | prep: det=None res=right via=mask dup=history | bev: 2mask Lcx=205.1 Rcx=None center=320.0 swap=no | guide: single_line_physical sides=right err=0.068m hdg=-11.3° | OUT steer=+11.3° v=10.0
F000471 18:18:15.451 | raw: L(cx=288.7,a=7922,s=gue) R(cx=589.7,a=1295,s=gue) | prep: det=None res=right via=mask dup=history | bev: 2mask Lcx=187.2 Rcx=None center=320.0 swap=no | guide: single_line_physical sides=right err=-0.063m hdg=-10.9° | OUT steer=+11.3° v=11.0
F000472 18:18:15.557 | raw: L(cx=255.1,a=10399,s=gue) R(cx=586.7,a=1342,s=gue) | prep: det=None res=right via=mask dup=history | bev: 2mask Lcx=178.9 Rcx=None center=320.0 swap=no | guide: single_line_physical sides=right err=-0.063m hdg=-19.1° | OUT steer=+11.3° v=12.0
F000473 18:18:15.735 | raw: L(cx=254.4,a=10359,s=gue) R(cx=589.0,a=1326,s=gue) | prep: det=None res=right via=mask dup=history | bev: 2mask Lcx=174.4 Rcx=None center=320.0 swap=no | guide: single_line_physical sides=right err=-0.063m hdg=-24.8° | OUT steer=+11.3° v=10.0
F000474 18:18:15.853 | raw: L(cx=248.4,a=10381,s=gue) R(cx=583.8,a=1443,s=gue) | prep: det=None res=right via=mask dup=history | bev: 2mask Lcx=168.3 Rcx=None center=320.0 swap=no | guide: single_line_physical sides=right err=-0.063m hdg=-25.0° | OUT steer=+25.0° v=10.0
F000475 18:18:15.967 | raw: L(cx=248.5,a=10729,s=gue) R(cx=582.8,a=1479,s=gue) | prep: det=None res=right via=mask dup=history | bev: 2mask Lcx=165.1 Rcx=None center=320.0 swap=no | guide: single_line_physical sides=right err=-0.063m hdg=-25.5° | OUT steer=+25.0° v=10.0
F000476 18:18:16.216 | raw: L(cx=248.5,a=10729,s=gue) R(cx=582.8,a=1479,s=gue) | prep: 2-line | bev: 2mask Lcx=165.1 Rcx=None center=320.0 swap=no | guide: ? sides=? err=? hdg=-0.8° | OUT steer=+18.0° v=10.0
F000477 18:18:16.280 | raw: L(cx=248.5,a=10729,s=gue) R(cx=582.8,a=1479,s=gue) | prep: 2-line | bev: 2mask Lcx=165.1 Rcx=None center=320.0 swap=no | guide: ? sides=? err=? hdg=-0.8° | OUT steer=+22.1° v=10.0
F000478 18:18:16.387 | raw: L(cx=233.2,a=10811,s=gue) R(cx=577.3,a=1774,s=gue) | prep: 2-line | bev: 2mask Lcx=141.0 Rcx=None center=320.0 swap=no | guide: midpoint sides=left,right err=0.318m hdg=+0.0° | OUT steer=+25.0° v=10.0
F000479 18:18:16.514 | raw: L(cx=229.9,a=11040,s=gue) R(cx=581.4,a=1647,s=gue) | prep: 2-line | bev: 2mask Lcx=136.6 Rcx=None center=320.0 swap=no | guide: midpoint sides=left,right err=0.307m hdg=+0.0° | OUT steer=+25.0° v=10.0
F000480 18:18:16.641 | raw: L(cx=229.9,a=11040,s=gue) R(cx=581.4,a=1647,s=gue) | prep: 2-line | bev: 2mask Lcx=136.6 Rcx=None center=320.0 swap=no | guide: ? sides=? err=? hdg=-0.8° | OUT steer=+18.7° v=10.0
F000481 18:18:16.717 | raw: L(cx=229.9,a=11040,s=gue) R(cx=581.4,a=1647,s=gue) | prep: 2-line | bev: 2mask Lcx=136.6 Rcx=None center=320.0 swap=no | guide: ? sides=? err=? hdg=-0.8° | OUT steer=+16.7° v=10.0
F000482 18:18:16.838 | raw: L(cx=222.9,a=11381,s=gue) R(cx=571.5,a=1935,s=gue) | prep: 2-line | bev: 2mask Lcx=120.9 Rcx=None center=320.0 swap=no | guide: midpoint sides=left,right err=0.276m hdg=+0.0° | OUT steer=+25.0° v=10.0
F000483 18:18:17.045 | raw: L(cx=222.9,a=11381,s=gue) R(cx=571.5,a=1935,s=gue) | prep: 2-line | bev: 2mask Lcx=120.9 Rcx=None center=320.0 swap=no | guide: ? sides=? err=? hdg=-0.8° | OUT steer=+17.6° v=10.0
F000484 18:18:17.117 | raw: L(cx=222.9,a=11381,s=gue) R(cx=571.5,a=1935,s=gue) | prep: 2-line | bev: 2mask Lcx=120.9 Rcx=None center=320.0 swap=no | guide: ? sides=? err=? hdg=-0.8° | OUT steer=+16.2° v=10.0
F000485 18:18:17.224 | raw: L(cx=204.5,a=10970,s=gue) R(cx=567.3,a=2205,s=gue) | prep: 2-line | bev: 2mask Lcx=96.0 Rcx=None center=320.0 swap=no | guide: midpoint sides=left,right err=0.224m hdg=+0.0° | OUT steer=-2.6° v=10.0
F000486 18:18:17.354 | raw: L(cx=204.5,a=10970,s=gue) R(cx=567.3,a=2205,s=gue) | prep: 2-line | bev: 2mask Lcx=96.0 Rcx=None center=320.0 swap=no | guide: ? sides=? err=? hdg=-0.8° | OUT steer=-2.6° v=10.0
F000487 18:18:17.500 | raw: L(cx=192.7,a=10833,s=gue) R(cx=560.7,a=2534,s=gue) | prep: 2-line | bev: 2mask Lcx=86.2 Rcx=None center=320.0 swap=no | guide: midpoint sides=left,right err=0.193m hdg=+0.0° | OUT steer=-2.6° v=10.0
F000488 18:18:17.610 | raw: L(cx=182.8,a=9943,s=gue) R(cx=556.4,a=2844,s=gue) | prep: 2-line | bev: 2mask Lcx=64.5 Rcx=None center=320.0 swap=no | guide: midpoint sides=left,right err=0.129m hdg=+0.0° | OUT steer=-2.6° v=10.0
F000489 18:18:17.817 | raw: L(cx=176.0,a=9528,s=gue) R(cx=552.4,a=2966,s=gue) | prep: 2-line | bev: 2mask Lcx=57.8 Rcx=None center=320.0 swap=no | guide: midpoint sides=left,right err=0.116m hdg=+0.0° | OUT steer=-2.6° v=10.0
F000490 18:18:17.939 | raw: L(cx=171.0,a=9420,s=gue) R(cx=552.3,a=3007,s=gue) | prep: 2-line | bev: 2mask Lcx=56.7 Rcx=None center=320.0 swap=no | guide: midpoint sides=left,right err=0.097m hdg=+0.0° | OUT steer=-2.6° v=10.0
F000491 18:18:18.058 | raw: L(cx=168.9,a=9749,s=gue) R(cx=551.0,a=3154,s=gue) | prep: 2-line | bev: 2mask Lcx=56.1 Rcx=None center=320.0 swap=no | guide: midpoint sides=left,right err=0.087m hdg=+0.0° | OUT steer=-2.6° v=10.0
F000492 18:18:18.222 | raw: L(cx=164.9,a=9765,s=gue) R(cx=549.5,a=3337,s=gue) | prep: 2-line | bev: 2mask Lcx=54.9 Rcx=None center=320.0 swap=no | guide: midpoint sides=left,right err=0.077m hdg=+0.0° | OUT steer=-2.6° v=10.0
F000493 18:18:18.338 | raw: L(cx=165.0,a=9948,s=gue) R(cx=551.7,a=3353,s=gue) | prep: 2-line | bev: 2mask Lcx=53.8 Rcx=None center=320.0 swap=no | guide: midpoint sides=left,right err=0.076m hdg=+0.0° | OUT steer=-2.6° v=11.0
F000494 18:18:18.446 | raw: L(cx=156.8,a=9887,s=gue) R(cx=544.1,a=3637,s=gue) | prep: 2-line | bev: 2mask Lcx=52.2 Rcx=None center=320.0 swap=no | guide: midpoint sides=left,right err=0.068m hdg=+0.0° | OUT steer=-2.7° v=12.0
F000495 18:18:18.725 | raw: L(cx=149.2,a=10016,s=gue) R(cx=542.3,a=4018,s=gue) | prep: 2-line | bev: 2mask Lcx=49.9 Rcx=None center=320.0 swap=no | guide: midpoint sides=left,right err=0.059m hdg=+0.0° | OUT steer=-2.9° v=10.0
F000496 18:18:18.862 | raw: L(cx=144.1,a=10032,s=gue) R(cx=542.4,a=3782,s=gue) | prep: 2-line | bev: 2mask Lcx=50.5 Rcx=None center=320.0 swap=no | guide: midpoint sides=left,right err=0.061m hdg=+0.0° | OUT steer=-2.8° v=10.0
F000497 18:18:18.978 | raw: L(cx=142.4,a=10291,s=gue) R(cx=541.4,a=3874,s=gue) | prep: 2-line | bev: 2mask Lcx=50.0 Rcx=None center=320.0 swap=no | guide: midpoint sides=left,right err=0.056m hdg=+0.0° | OUT steer=-2.6° v=11.0
F000498 18:18:19.227 | raw: L(cx=138.3,a=10171,s=gue) R(cx=540.4,a=3880,s=gue) | prep: 2-line | bev: 2mask Lcx=50.2 Rcx=None center=320.0 swap=no | guide: midpoint sides=left,right err=0.057m hdg=+0.0° | OUT steer=-2.7° v=10.0
F000499 18:18:19.350 | raw: L(cx=137.3,a=10215,s=gue) R(cx=539.8,a=3902,s=gue) | prep: 2-line | bev: 2mask Lcx=50.1 Rcx=None center=320.0 swap=no | guide: midpoint sides=left,right err=0.058m hdg=+0.0° | OUT steer=-2.7° v=10.0
F000500 18:18:19.458 | raw: L(cx=135.8,a=10279,s=gue) R(cx=539.9,a=3825,s=gue) | prep: 2-line | bev: 2mask Lcx=50.0 Rcx=None center=320.0 swap=no | guide: midpoint sides=left,right err=0.057m hdg=+0.0° | OUT steer=-2.6° v=11.0
F000501 18:18:19.721 | raw: L(cx=134.6,a=10340,s=gue) R(cx=538.4,a=3980,s=gue) | prep: 2-line | bev: 2mask Lcx=50.1 Rcx=None center=320.0 swap=no | guide: midpoint sides=left,right err=0.056m hdg=+0.0° | OUT steer=-2.7° v=12.0
F000502 18:18:19.847 | raw: L(cx=131.9,a=10078,s=gue) R(cx=536.9,a=4029,s=gue) | prep: 2-line | bev: 2mask Lcx=50.6 Rcx=None center=320.0 swap=no | guide: midpoint sides=left,right err=0.053m hdg=+0.0° | OUT steer=-2.9° v=13.0
F000503 18:18:19.959 | raw: L(cx=131.9,a=10078,s=gue) R(cx=536.9,a=4029,s=gue) | prep: 2-line | bev: 2mask Lcx=50.6 Rcx=None center=320.0 swap=no | guide: midpoint sides=left,right err=0.053m hdg=+0.0° | OUT steer=-3.1° v=14.0
F000504 18:18:20.251 | raw: L(cx=132.9,a=10425,s=gue) R(cx=533.2,a=4209,s=gue) | prep: 2-line | bev: 2mask Lcx=51.0 Rcx=None center=320.0 swap=no | guide: midpoint sides=left,right err=0.050m hdg=+0.0° | OUT steer=-3.3° v=10.0
F000505 18:18:20.385 | raw: L(cx=130.9,a=10465,s=gue) R(cx=538.0,a=4010,s=gue) | prep: 2-line | bev: 2mask Lcx=50.8 Rcx=None center=320.0 swap=no | guide: midpoint sides=left,right err=0.049m hdg=+0.0° | OUT steer=-3.1° v=10.0
F000506 18:18:20.495 | raw: L(cx=129.3,a=10241,s=gue) R(cx=537.1,a=4034,s=gue) | prep: 2-line | bev: 2mask Lcx=51.2 Rcx=None center=320.0 swap=no | guide: midpoint sides=left,right err=0.049m hdg=+0.0° | OUT steer=-2.7° v=10.0
F000507 18:18:20.645 | raw: L(cx=129.5,a=10199,s=gue) R(cx=537.5,a=3977,s=gue) | prep: 2-line | bev: 2mask Lcx=51.1 Rcx=None center=320.0 swap=no | guide: midpoint sides=left,right err=0.049m hdg=+0.0° | OUT steer=-2.6° v=10.0
F000508 18:18:20.751 | raw: L(cx=130.5,a=10281,s=gue) R(cx=530.7,a=4192,s=gue) | prep: 2-line | bev: 2mask Lcx=51.3 Rcx=None center=320.0 swap=no | guide: midpoint sides=left,right err=0.049m hdg=+0.0° | OUT steer=-2.6° v=10.0
F000509 18:18:20.811 | raw: L(cx=130.5,a=10281,s=gue) R(cx=530.7,a=4192,s=gue) | prep: 2-line | bev: 2mask Lcx=51.3 Rcx=None center=320.0 swap=no | guide: ? sides=? err=? hdg=-0.8° | OUT steer=-2.6° v=10.0
F000510 18:18:21.011 | raw: L(cx=130.5,a=10281,s=gue) R(cx=530.7,a=4192,s=gue) | prep: 2-line | bev: 2mask Lcx=51.3 Rcx=None center=320.0 swap=no | guide: ? sides=? err=? hdg=-0.8° | OUT steer=-2.6° v=10.0
F000511 18:18:21.085 | raw: L(cx=130.5,a=10281,s=gue) R(cx=530.7,a=4192,s=gue) | prep: 2-line | bev: 2mask Lcx=51.3 Rcx=None center=320.0 swap=no | guide: ? sides=? err=? hdg=-0.8° | OUT steer=-2.6° v=10.0
F000512 18:18:21.160 | raw: L(cx=130.5,a=10281,s=gue) R(cx=530.7,a=4192,s=gue) | prep: 2-line | bev: 2mask Lcx=51.3 Rcx=None center=320.0 swap=no | guide: ? sides=? err=? hdg=-0.8° | OUT steer=-2.6° v=1.0
F000513 18:18:21.241 | raw: L(cx=130.5,a=10281,s=gue) R(cx=530.7,a=4192,s=gue) | prep: 2-line | bev: 2mask Lcx=51.3 Rcx=None center=320.0 swap=no | guide: ? sides=? err=? hdg=-0.8° | OUT steer=-2.2° v=2.0
F000514 18:18:21.317 | raw: L(cx=130.5,a=10281,s=gue) R(cx=530.7,a=4192,s=gue) | prep: 2-line | bev: 2mask Lcx=51.3 Rcx=None center=320.0 swap=no | guide: ? sides=? err=? hdg=-0.8° | OUT steer=-2.0° v=3.0
F000515 18:18:21.443 | raw: L(cx=122.5,a=10233,s=gue) R(cx=527.1,a=4338,s=gue) | prep: 2-line | bev: 2mask Lcx=49.6 Rcx=None center=320.0 swap=no | guide: midpoint sides=left,right err=0.042m hdg=+0.0° | OUT steer=-1.7° v=4.0
F000516 18:18:21.580 | raw: L(cx=122.0,a=10302,s=gue) R(cx=527.5,a=4378,s=gue) | prep: 2-line | bev: 2mask Lcx=49.2 Rcx=None center=320.0 swap=no | guide: midpoint sides=left,right err=0.042m hdg=+0.0° | OUT steer=-1.0° v=5.0
F000517 18:18:21.896 | raw: L(cx=120.9,a=10528,s=gue) R(cx=530.5,a=4293,s=gue) | prep: 2-line | bev: 2mask Lcx=47.4 Rcx=None center=320.0 swap=no | guide: midpoint sides=left,right err=0.040m hdg=+0.0° | OUT steer=-1.2° v=6.0
F000518 18:18:22.023 | raw: L(cx=119.8,a=10549,s=gue) R(cx=528.6,a=4279,s=gue) | prep: 2-line | bev: 2mask Lcx=45.8 Rcx=None center=320.0 swap=no | guide: midpoint sides=left,right err=0.042m hdg=+0.0° | OUT steer=-1.5° v=7.0
F000519 18:18:22.152 | raw: L(cx=118.6,a=10496,s=gue) R(cx=529.8,a=4271,s=gue) | prep: 2-line | bev: 2mask Lcx=45.1 Rcx=None center=320.0 swap=no | guide: midpoint sides=left,right err=0.044m hdg=+0.0° | OUT steer=-1.8° v=8.0
F000520 18:18:22.342 | raw: L(cx=118.6,a=10496,s=gue) R(cx=529.8,a=4271,s=gue) | prep: 2-line | bev: 2mask Lcx=45.1 Rcx=None center=320.0 swap=no | guide: ? sides=? err=? hdg=-0.8° | OUT steer=-1.8° v=9.0
F000521 18:18:22.473 | raw: L(cx=112.6,a=10271,s=gue) R(cx=530.1,a=4311,s=gue) | prep: 2-line | bev: 2mask Lcx=43.8 Rcx=None center=320.0 swap=no | guide: midpoint sides=left,right err=0.042m hdg=+0.0° | OUT steer=-2.1° v=10.0
F000522 18:18:22.545 | raw: L(cx=112.6,a=10271,s=gue) R(cx=530.1,a=4311,s=gue) | prep: 2-line | bev: 2mask Lcx=43.8 Rcx=None center=320.0 swap=no | guide: ? sides=? err=? hdg=-0.8° | OUT steer=-2.2° v=10.0
F000523 18:18:22.752 | raw: L(cx=112.6,a=10271,s=gue) R(cx=530.1,a=4311,s=gue) | prep: 2-line | bev: 2mask Lcx=43.8 Rcx=None center=320.0 swap=no | guide: ? sides=? err=? hdg=-0.8° | OUT steer=-2.2° v=10.0
F000524 18:18:22.829 | raw: L(cx=112.6,a=10271,s=gue) R(cx=530.1,a=4311,s=gue) | prep: 2-line | bev: 2mask Lcx=43.8 Rcx=None center=320.0 swap=no | guide: ? sides=? err=? hdg=-0.8° | OUT steer=-2.3° v=10.0
F000525 18:18:22.903 | raw: L(cx=112.6,a=10271,s=gue) R(cx=530.1,a=4311,s=gue) | prep: 2-line | bev: 2mask Lcx=43.8 Rcx=None center=320.0 swap=no | guide: ? sides=? err=? hdg=-0.8° | OUT steer=-2.2° v=10.0
F000526 18:18:23.164 | raw: L(cx=112.6,a=10271,s=gue) R(cx=530.1,a=4311,s=gue) | prep: 2-line | bev: 2mask Lcx=43.8 Rcx=None center=320.0 swap=no | guide: ? sides=? err=? hdg=-0.8° | OUT steer=-2.2° v=1.0
F000527 18:18:23.239 | raw: L(cx=112.6,a=10271,s=gue) R(cx=530.1,a=4311,s=gue) | prep: 2-line | bev: 2mask Lcx=43.8 Rcx=None center=320.0 swap=no | guide: ? sides=? err=? hdg=-0.8° | OUT steer=-1.7° v=2.0
F000528 18:18:23.309 | raw: L(cx=112.6,a=10271,s=gue) R(cx=530.1,a=4311,s=gue) | prep: 2-line | bev: 2mask Lcx=43.8 Rcx=None center=320.0 swap=no | guide: ? sides=? err=? hdg=-0.8° | OUT steer=-1.9° v=3.0
F000529 18:18:23.568 | raw: L(cx=112.6,a=10271,s=gue) R(cx=530.1,a=4311,s=gue) | prep: 2-line | bev: 2mask Lcx=43.8 Rcx=None center=320.0 swap=no | guide: ? sides=? err=? hdg=-0.8° | OUT steer=-2.0° v=1.0
F000530 18:18:23.641 | raw: L(cx=112.6,a=10271,s=gue) R(cx=530.1,a=4311,s=gue) | prep: 2-line | bev: 2mask Lcx=43.8 Rcx=None center=320.0 swap=no | guide: ? sides=? err=? hdg=-0.8° | OUT steer=-1.8° v=2.0
F000531 18:18:23.781 | raw: L(cx=104.4,a=9489,s=gue) R(cx=524.6,a=4797,s=gue) | prep: 2-line | bev: 2mask Lcx=44.4 Rcx=None center=320.0 swap=no | guide: midpoint sides=left,right err=0.029m hdg=+0.0° | OUT steer=-1.5° v=3.0
F000532 18:18:23.909 | raw: L(cx=100.1,a=9141,s=gue) R(cx=522.3,a=4882,s=gue) | prep: 2-line | bev: 2mask Lcx=43.2 Rcx=None center=320.0 swap=no | guide: midpoint sides=left,right err=0.027m hdg=+0.0° | OUT steer=-0.7° v=4.0
F000533 18:18:24.044 | raw: L(cx=100.0,a=9199,s=gue) R(cx=522.6,a=4866,s=gue) | prep: 2-line | bev: 2mask Lcx=42.7 Rcx=None center=320.0 swap=no | guide: midpoint sides=left,right err=0.027m hdg=+0.0° | OUT steer=-1.0° v=5.0
F000534 18:18:24.170 | raw: L(cx=97.5,a=9039,s=gue) R(cx=521.6,a=4968,s=gue) | prep: 2-line | bev: 2mask Lcx=41.9 Rcx=None center=320.0 swap=no | guide: midpoint sides=left,right err=0.028m hdg=+0.0° | OUT steer=-1.2° v=6.0
F000535 18:18:24.342 | raw: L(cx=95.4,a=8907,s=gue) R(cx=519.5,a=4947,s=gue) | prep: 2-line | bev: 2mask Lcx=41.4 Rcx=None center=320.0 swap=no | guide: midpoint sides=left,right err=0.028m hdg=+0.0° | OUT steer=-1.5° v=7.0
F000536 18:18:24.456 | raw: L(cx=92.4,a=8824,s=gue) R(cx=519.2,a=5112,s=gue) | prep: 2-line | bev: 2mask Lcx=40.7 Rcx=None center=320.0 swap=no | guide: midpoint sides=left,right err=0.027m hdg=+0.0° | OUT steer=-1.8° v=8.0
F000537 18:18:24.591 | raw: L(cx=88.2,a=8507,s=gue) R(cx=518.6,a=5150,s=gue) | prep: 2-line | bev: 2mask Lcx=40.0 Rcx=None center=320.0 swap=no | guide: midpoint sides=left,right err=0.027m hdg=+0.0° | OUT steer=-2.0° v=9.0
F000538 18:18:24.835 | raw: L(cx=84.6,a=8338,s=gue) R(cx=520.6,a=5193,s=gue) | prep: 2-line | bev: 2mask Lcx=38.0 Rcx=None center=320.0 swap=no | guide: midpoint sides=left,right err=0.024m hdg=+0.0° | OUT steer=-2.2° v=10.0
F000539 18:18:24.948 | raw: L(cx=80.5,a=8271,s=gue) R(cx=517.7,a=5355,s=gue) | prep: 2-line | bev: 2mask Lcx=36.4 Rcx=None center=320.0 swap=no | guide: midpoint sides=left,right err=0.021m hdg=+0.0° | OUT steer=-2.5° v=11.0
F000540 18:18:25.072 | raw: L(cx=78.9,a=8147,s=gue) R(cx=517.6,a=5350,s=gue) | prep: 2-line | bev: 2mask Lcx=35.0 Rcx=None center=320.0 swap=no | guide: midpoint sides=left,right err=0.020m hdg=+0.0° | OUT steer=-2.7° v=12.0
F000541 18:18:25.341 | raw: L(cx=75.7,a=7941,s=gue) R(cx=516.9,a=5502,s=gue) | prep: 2-line | bev: 2mask Lcx=32.3 Rcx=None center=320.0 swap=no | guide: midpoint sides=left,right err=0.018m hdg=+0.0° | OUT steer=-2.9° v=13.0
F000542 18:18:25.471 | raw: L(cx=74.0,a=7483,s=gue) R(cx=516.9,a=5622,s=gue) | prep: 2-line | bev: 2mask Lcx=29.8 Rcx=None center=320.0 swap=no | guide: midpoint sides=left,right err=0.014m hdg=+0.0° | OUT steer=-3.1° v=14.0
F000543 18:18:25.583 | raw: L(cx=72.7,a=7029,s=gue) R(cx=516.3,a=5671,s=gue) | prep: 2-line | bev: 2mask Lcx=25.6 Rcx=None center=320.0 swap=no | guide: midpoint sides=left,right err=0.011m hdg=+0.0° | OUT steer=-3.3° v=14.3
F000544 18:18:25.742 | raw: L(cx=72.2,a=6794,s=gue) R(cx=515.6,a=5599,s=gue) | prep: 2-line | bev: 2mask Lcx=22.9 Rcx=None center=320.0 swap=no | guide: midpoint sides=left,right err=0.011m hdg=+0.0° | OUT steer=-3.4° v=14.3
F000545 18:18:25.872 | raw: L(cx=72.2,a=6794,s=gue) R(cx=515.6,a=5599,s=gue) | prep: 2-line | bev: 2mask Lcx=22.9 Rcx=None center=320.0 swap=no | guide: midpoint sides=left,right err=0.012m hdg=+0.0° | OUT steer=-3.5° v=14.3
F000546 18:18:25.989 | raw: L(cx=70.5,a=6536,s=gue) R(cx=515.4,a=5711,s=gue) | prep: 2-line | bev: 2mask Lcx=20.0 Rcx=None center=320.0 swap=no | guide: midpoint sides=left,right err=0.010m hdg=+0.0° | OUT steer=-3.5° v=14.3
F000547 18:18:26.249 | raw: L(cx=66.4,a=6218,s=gue) R(cx=515.2,a=5663,s=gue) | prep: 2-line | bev: 2mask Lcx=19.1 Rcx=None center=320.0 swap=no | guide: midpoint sides=left,right err=0.010m hdg=+0.0° | OUT steer=-3.5° v=14.3
F000548 18:18:26.380 | raw: L(cx=66.4,a=6218,s=gue) R(cx=515.2,a=5663,s=gue) | prep: 2-line | bev: 2mask Lcx=19.1 Rcx=None center=320.0 swap=no | guide: midpoint sides=left,right err=0.011m hdg=+0.0° | OUT steer=-3.5° v=14.3
F000549 18:18:26.493 | raw: L(cx=63.5,a=6107,s=gue) R(cx=514.2,a=5699,s=gue) | prep: 2-line | bev: 2mask Lcx=19.1 Rcx=None center=320.0 swap=no | guide: midpoint sides=left,right err=0.011m hdg=+0.0° | OUT steer=-3.5° v=14.3
F000550 18:18:26.742 | raw: L(cx=60.9,a=5979,s=gue) R(cx=513.4,a=5825,s=gue) | prep: 2-line | bev: 2mask Lcx=19.3 Rcx=None center=320.0 swap=no | guide: midpoint sides=left,right err=0.011m hdg=+0.0° | OUT steer=-3.5° v=14.3
F000551 18:18:26.864 | raw: L(cx=60.9,a=5979,s=gue) R(cx=513.4,a=5825,s=gue) | prep: 2-line | bev: 2mask Lcx=19.3 Rcx=None center=320.0 swap=no | guide: midpoint sides=left,right err=0.013m hdg=+0.0° | OUT steer=-3.5° v=10.0
F000552 18:18:27.003 | raw: L(cx=56.0,a=5601,s=gue) R(cx=511.1,a=5969,s=gue) | prep: 2-line | bev: 2mask Lcx=17.0 Rcx=None center=320.0 swap=no | guide: midpoint sides=left,right err=0.010m hdg=+0.0° | OUT steer=-3.1° v=11.0
F000553 18:18:27.260 | raw: L(cx=53.3,a=5385,s=gue) R(cx=510.4,a=6060,s=gue) | prep: 2-line | bev: 2mask Lcx=16.4 Rcx=None center=320.0 swap=no | guide: midpoint sides=left,right err=0.012m hdg=+0.0° | OUT steer=-2.8° v=10.0
F000554 18:18:27.387 | raw: L(cx=51.8,a=5356,s=gue) R(cx=510.5,a=6072,s=gue) | prep: 2-line | bev: 2mask Lcx=16.0 Rcx=632.9 center=320.0 swap=no | guide: midpoint sides=left,right err=0.013m hdg=+0.0° | OUT steer=-2.7° v=10.0
F000555 18:18:27.513 | raw: L(cx=49.6,a=5181,s=gue) R(cx=511.3,a=6100,s=gue) | prep: 2-line | bev: 2mask Lcx=14.6 Rcx=632.2 center=320.0 swap=no | guide: midpoint sides=left,right err=0.014m hdg=+0.0° | OUT steer=-2.6° v=10.0
F000556 18:18:27.715 | raw: L(cx=49.6,a=5181,s=gue) R(cx=511.3,a=6100,s=gue) | prep: 2-line | bev: 2mask Lcx=14.6 Rcx=632.2 center=320.0 swap=no | guide: ? sides=? err=? hdg=-0.8° | OUT steer=-2.6° v=10.0
F000557 18:18:27.836 | raw: L(cx=44.7,a=4716,s=gue) R(cx=509.9,a=6424,s=gue) | prep: 2-line | bev: 2mask Lcx=9.5 Rcx=629.3 center=320.0 swap=no | guide: midpoint sides=left,right err=0.013m hdg=+0.0° | OUT steer=-2.6° v=10.0
F000558 18:18:27.965 | raw: L(cx=41.8,a=4444,s=gue) R(cx=509.9,a=6453,s=gue) | prep: 2-line | bev: 2mask Lcx=None Rcx=628.9 center=320.0 swap=no | guide: midpoint sides=left,right err=0.014m hdg=+0.0° | OUT steer=-2.6° v=10.0
F000559 18:18:28.128 | raw: L(cx=41.8,a=4444,s=gue) R(cx=509.9,a=6453,s=gue) | prep: 2-line | bev: 2mask Lcx=None Rcx=628.9 center=320.0 swap=no | guide: ? sides=? err=? hdg=-0.8° | OUT steer=-2.6° v=10.0
F000560 18:18:28.189 | raw: L(cx=41.8,a=4444,s=gue) R(cx=509.9,a=6453,s=gue) | prep: 2-line | bev: 2mask Lcx=None Rcx=628.9 center=320.0 swap=no | guide: ? sides=? err=? hdg=-0.8° | OUT steer=-2.6° v=10.0
F000561 18:18:28.316 | raw: L(cx=37.2,a=4121,s=gue) R(cx=504.9,a=6883,s=gue) | prep: 2-line | bev: 2mask Lcx=None Rcx=626.0 center=320.0 swap=no | guide: midpoint sides=left,right err=0.011m hdg=+0.0° | OUT steer=-2.6° v=10.0
F000562 18:18:28.381 | raw: L(cx=37.2,a=4121,s=gue) R(cx=504.9,a=6883,s=gue) | prep: 2-line | bev: 2mask Lcx=None Rcx=626.0 center=320.0 swap=no | guide: ? sides=? err=? hdg=-0.8° | OUT steer=-2.6° v=10.0
F000563 18:18:28.621 | raw: L(cx=37.2,a=4121,s=gue) R(cx=504.9,a=6883,s=gue) | prep: 2-line | bev: 2mask Lcx=None Rcx=626.0 center=320.0 swap=no | guide: ? sides=? err=? hdg=-0.8° | OUT steer=-2.6° v=1.0
F000564 18:18:28.689 | raw: L(cx=37.2,a=4121,s=gue) R(cx=504.9,a=6883,s=gue) | prep: 2-line | bev: 2mask Lcx=None Rcx=626.0 center=320.0 swap=no | guide: ? sides=? err=? hdg=-0.8° | OUT steer=-2.4° v=1.0
F000565 18:18:28.765 | raw: L(cx=37.2,a=4121,s=gue) R(cx=504.9,a=6883,s=gue) | prep: 2-line | bev: 2mask Lcx=None Rcx=626.0 center=320.0 swap=no | guide: ? sides=? err=? hdg=-0.8° | OUT steer=-2.1° v=2.0
F000566 18:18:28.892 | raw: L(cx=29.9,a=2351,s=gue) R(cx=501.5,a=7337,s=gue) | prep: 2-line | bev: 2mask Lcx=None Rcx=620.6 center=320.0 swap=no | guide: midpoint sides=left,right err=-0.030m hdg=+0.0° | OUT steer=-1.6° v=3.0
F000567 18:18:29.093 | raw: L(cx=28.1,a=2019,s=gue) R(cx=499.5,a=7544,s=gue) | prep: 2-line | bev: 2mask Lcx=None Rcx=621.1 center=320.0 swap=no | guide: midpoint sides=left,right err=-0.043m hdg=+0.0° | OUT steer=-0.7° v=4.0
F000568 18:18:29.158 | raw: L(cx=28.1,a=2019,s=gue) R(cx=499.5,a=7544,s=gue) | prep: 2-line | bev: 2mask Lcx=None Rcx=621.1 center=320.0 swap=no | guide: ? sides=? err=? hdg=-0.8° | OUT steer=-0.8° v=5.0
F000569 18:18:29.279 | raw: L(cx=26.5,a=1764,s=gue) R(cx=498.5,a=7684,s=gue) | prep: 2-line | bev: 2mask Lcx=None Rcx=621.7 center=320.0 swap=no | guide: midpoint sides=left,right err=-0.055m hdg=+0.0° | OUT steer=-1.1° v=6.0
F000570 18:18:29.544 | raw: L(cx=26.5,a=1764,s=gue) R(cx=498.5,a=7684,s=gue) | prep: 2-line | bev: 2mask Lcx=None Rcx=621.7 center=320.0 swap=no | guide: ? sides=? err=? hdg=-0.8° | OUT steer=-1.2° v=1.0
F000571 18:18:29.618 | raw: L(cx=26.5,a=1764,s=gue) R(cx=498.5,a=7684,s=gue) | prep: 2-line | bev: 2mask Lcx=None Rcx=621.7 center=320.0 swap=no | guide: ? sides=? err=? hdg=-0.8° | OUT steer=-1.0° v=1.0
F000572 18:18:29.736 | raw: L(cx=26.5,a=1737,s=gue) R(cx=500.1,a=7302,s=gue) | prep: 2-line | bev: 2mask Lcx=None Rcx=624.1 center=320.0 swap=no | guide: midpoint sides=left,right err=-0.056m hdg=+0.0° | OUT steer=-0.7° v=2.0
F000573 18:18:29.940 | raw: L(cx=26.5,a=1737,s=gue) R(cx=500.1,a=7302,s=gue) | prep: 2-line | bev: 2mask Lcx=None Rcx=624.1 center=320.0 swap=no | guide: ? sides=? err=? hdg=-0.8° | OUT steer=-0.7° v=3.0
F000574 18:18:30.049 | raw: L(cx=25.0,a=1691,s=gue) R(cx=501.8,a=7233,s=gue) | prep: 2-line | bev: 2mask Lcx=None Rcx=622.6 center=320.0 swap=no | guide: midpoint sides=left,right err=-0.057m hdg=+0.0° | OUT steer=-0.4° v=4.0
F000575 18:18:30.114 | raw: L(cx=25.0,a=1691,s=gue) R(cx=501.8,a=7233,s=gue) | prep: 2-line | bev: 2mask Lcx=None Rcx=622.6 center=320.0 swap=no | guide: ? sides=? err=? hdg=-0.8° | OUT steer=-0.5° v=5.0
F000576 18:18:30.246 | raw: L(cx=25.0,a=1691,s=gue) R(cx=501.8,a=7233,s=gue) | prep: 2-line | bev: 2mask Lcx=None Rcx=622.6 center=320.0 swap=no | guide: ? sides=? err=? hdg=-0.8° | OUT steer=-0.7° v=6.0
F000577 18:18:30.361 | raw: L(cx=19.7,a=1352,s=gue) R(cx=502.9,a=7504,s=gue) | prep: 2-line | bev: 2mask Lcx=None Rcx=619.7 center=320.0 swap=no | guide: midpoint sides=left,right err=-0.067m hdg=+0.0° | OUT steer=-1.2° v=7.0
F000578 18:18:30.452 | raw: L(cx=25.0,a=328,s=gue) R(cx=500.8,a=7607,s=gue) | prep: 2-line | bev: 2mask Lcx=None Rcx=619.7 center=320.0 swap=no | guide: legacy_line_fit sides=? err=? hdg=+0.0° | OUT steer=-1.2° v=8.0
F000579 18:18:30.625 | raw: L(cx=14.0,a=989,s=gue) R(cx=500.2,a=7778,s=gue) | prep: 2-line | bev: 2mask Lcx=None Rcx=617.0 center=320.0 swap=no | guide: midpoint sides=left,right err=-0.077m hdg=+0.0° | OUT steer=-1.9° v=9.0
F000580 18:18:30.762 | raw: L(cx=8.9,a=734,s=gue) R(cx=500.7,a=7973,s=gue) | prep: 2-line | bev: 2mask Lcx=None Rcx=613.8 center=320.0 swap=no | guide: midpoint sides=left,right err=-0.084m hdg=+0.0° | OUT steer=-2.2° v=10.0
F000581 18:18:30.875 | raw: L(cx=9.7,a=263,s=gue) R(cx=500.6,a=8271,s=gue) | prep: 2-line | bev: 2mask Lcx=None Rcx=610.2 center=320.0 swap=no | guide: midpoint sides=left,right err=-0.104m hdg=+0.0° | OUT steer=-2.5° v=11.0
F000582 18:18:31.172 | raw: L=none R(cx=498.8,a=8464,s=gue) | prep: det=right res=right via=mask | bev: 1mask present=right cx=607.8 center=320.0 correct=right swap=no | guide: single_line_physical sides=right err=-0.064m hdg=-1.7° | OUT steer=-1.0° v=10.0
F000583 18:18:31.267 | raw: L=none R(cx=497.3,a=8672,s=gue) | prep: det=right res=right via=mask | bev: 1mask present=right cx=606.7 center=320.0 correct=right swap=no | guide: single_line_physical sides=right err=-0.036m hdg=-1.6° | OUT steer=+2.0° v=10.0
F000584 18:18:31.352 | raw: L=none R(cx=497.3,a=8672,s=gue) | prep: det=right res=right via=mask | bev: 1mask present=right cx=606.7 center=320.0 correct=right swap=no | guide: single_line_physical sides=right err=-0.036m hdg=-0.7° | OUT steer=+2.0° v=10.0
F000585 18:18:31.473 | raw: L=none R(cx=496.2,a=8596,s=gue) | prep: det=right res=right via=mask | bev: 1mask present=right cx=604.3 center=320.0 correct=right swap=no | guide: single_line_physical sides=right err=-0.038m hdg=-1.4° | OUT steer=+2.0° v=10.0
F000586 18:18:31.553 | raw: L=none R(cx=496.2,a=8596,s=gue) | prep: det=right res=right via=mask | bev: 1mask present=right cx=604.3 center=320.0 correct=right swap=no | guide: single_line_physical sides=right err=-0.038m hdg=-0.7° | OUT steer=+2.0° v=10.0
F000587 18:18:31.641 | raw: L=none R(cx=490.7,a=8913,s=gue) | prep: det=right res=right via=mask | bev: 1mask present=right cx=600.3 center=320.0 correct=right swap=no | guide: single_line_physical sides=right err=-0.046m hdg=-5.9° | OUT steer=+5.9° v=11.0
F000588 18:18:31.776 | raw: L=none R(cx=490.8,a=8749,s=gue) | prep: det=right res=right via=mask | bev: 1mask present=right cx=598.9 center=320.0 correct=right swap=no | guide: single_line_physical sides=right err=-0.048m hdg=-5.8° | OUT steer=+5.8° v=12.0
F000589 18:18:31.861 | raw: L=none R(cx=490.8,a=8749,s=gue) | prep: det=right res=right via=mask | bev: 1mask present=right cx=598.9 center=320.0 correct=right swap=no | guide: single_line_physical sides=right err=-0.048m hdg=-4.4° | OUT steer=+4.4° v=12.0
F000590 18:18:31.953 | raw: L=none R(cx=489.3,a=8747,s=gue) | prep: det=right res=right via=mask | bev: 1mask present=right cx=597.6 center=320.0 correct=right swap=no | guide: single_line_physical sides=right err=-0.050m hdg=-4.3° | OUT steer=+4.3° v=12.0
F000591 18:18:32.173 | raw: L=none R(cx=486.6,a=8912,s=gue) | prep: det=right res=right via=mask | bev: 1mask present=right cx=595.7 center=320.0 correct=right swap=no | guide: single_line_physical sides=right err=-0.052m hdg=-1.0° | OUT steer=+2.0° v=10.0
F000592 18:18:32.264 | raw: L=none R(cx=486.6,a=8912,s=gue) | prep: det=right res=right via=mask | bev: 1mask present=right cx=595.7 center=320.0 correct=right swap=no | guide: single_line_physical sides=right err=-0.052m hdg=-0.2° | OUT steer=+2.0° v=10.0
F000593 18:18:32.344 | raw: L=none R(cx=490.1,a=8754,s=gue) | prep: det=right res=right via=mask | bev: 1mask present=right cx=595.9 center=320.0 correct=right swap=no | guide: single_line_physical sides=right err=-0.051m hdg=-1.2° | OUT steer=+2.0° v=10.0
F000594 18:18:32.574 | raw: L=none R(cx=490.2,a=8548,s=gue) | prep: det=right res=right via=mask | bev: 1mask present=right cx=597.2 center=320.0 correct=right swap=no | guide: single_line_physical sides=right err=-0.049m hdg=+0.1° | OUT steer=+2.0° v=10.0
F000595 18:18:32.673 | raw: L=none R(cx=494.3,a=8727,s=gue) | prep: det=right res=right via=mask | bev: 1mask present=right cx=597.0 center=320.0 correct=right swap=no | guide: single_line_physical sides=right err=-0.048m hdg=-0.9° | OUT steer=+2.0° v=10.0
F000596 18:18:32.769 | raw: L=none R(cx=497.2,a=8775,s=gue) | prep: det=right res=right via=mask | bev: 1mask present=right cx=596.3 center=320.0 correct=right swap=no | guide: single_line_physical sides=right err=-0.047m hdg=-3.4° | OUT steer=+3.4° v=11.0
F000597 18:18:32.896 | raw: L=none R(cx=497.8,a=8689,s=gue) | prep: det=right res=right via=mask | bev: 1mask present=right cx=596.2 center=320.0 correct=right swap=no | guide: single_line_physical sides=right err=-0.046m hdg=-2.6° | OUT steer=+2.6° v=12.0
F000598 18:18:33.005 | raw: L=none R(cx=498.5,a=8806,s=gue) | prep: det=right res=right via=mask | bev: 1mask present=right cx=595.4 center=320.0 correct=right swap=no | guide: single_line_physical sides=right err=-0.046m hdg=-2.9° | OUT steer=+2.9° v=12.0
F000599 18:18:33.091 | raw: L=none R(cx=501.1,a=8675,s=gue) | prep: det=right res=right via=mask | bev: 1mask present=right cx=594.7 center=320.0 correct=right swap=no | guide: single_line_physical sides=right err=-0.046m hdg=-2.7° | OUT steer=+2.7° v=12.0
F000600 18:18:33.292 | raw: L=none R(cx=501.6,a=8617,s=gue) | prep: det=right res=right via=mask | bev: 1mask present=right cx=593.6 center=320.0 correct=right swap=no | guide: single_line_physical sides=right err=-0.045m hdg=+1.3° | OUT steer=+2.0° v=10.0
F000601 18:18:33.395 | raw: L=none R(cx=501.4,a=8457,s=gue) | prep: det=right res=right via=mask | bev: 1mask present=right cx=592.4 center=320.0 correct=right swap=no | guide: single_line_physical sides=right err=-0.047m hdg=+1.2° | OUT steer=+2.0° v=10.0
F000602 18:18:33.486 | raw: L=none R(cx=500.9,a=8407,s=gue) | prep: det=right res=right via=mask | bev: 1mask present=right cx=589.7 center=320.0 correct=right swap=no | guide: single_line_physical sides=right err=-0.050m hdg=-1.6° | OUT steer=+2.0° v=11.0
F000603 18:18:33.697 | raw: L=none R(cx=497.7,a=8233,s=gue) | prep: det=right res=right via=mask | bev: 1mask present=right cx=585.0 center=320.0 correct=right swap=no | guide: single_line_physical sides=right err=-0.055m hdg=-1.1° | OUT steer=+2.0° v=12.0
F000604 18:18:33.780 | raw: L=none R(cx=497.8,a=8248,s=gue) | prep: det=right res=right via=mask | bev: 1mask present=right cx=583.0 center=320.0 correct=right swap=no | guide: single_line_physical sides=right err=-0.059m hdg=-2.5° | OUT steer=+2.5° v=12.0
F000605 18:18:33.875 | raw: L=none R(cx=497.8,a=8248,s=gue) | prep: det=right res=right via=mask | bev: 1mask present=right cx=583.0 center=320.0 correct=right swap=no | guide: single_line_physical sides=right err=-0.059m hdg=-0.6° | OUT steer=+2.0° v=12.0
F000606 18:18:34.012 | raw: L=none R(cx=497.0,a=8330,s=gue) | prep: det=right res=right via=mask | bev: 1mask present=right cx=581.5 center=320.0 correct=right swap=no | guide: single_line_physical sides=right err=-0.061m hdg=-1.3° | OUT steer=+2.0° v=12.0
F000607 18:18:34.092 | raw: L=none R(cx=499.2,a=7972,s=gue) | prep: det=right res=right via=mask | bev: 1mask present=right cx=581.1 center=320.0 correct=right swap=no | guide: single_line_physical sides=right err=-0.060m hdg=-1.2° | OUT steer=+2.0° v=12.0
F000608 18:18:34.214 | raw: L(cx=24.7,a=344,s=gue) R(cx=500.4,a=7702,s=gue) | prep: det=None res=left via=mask | bev: 2mask Lcx=None Rcx=582.0 center=320.0 swap=no | guide: single_line_physical sides=left err=-0.063m hdg=-12.6° | OUT steer=-2.9° v=12.0
F000609 18:18:34.325 | raw: L(cx=29.0,a=428,s=gue) R(cx=507.8,a=7565,s=gue) | prep: det=None res=left via=mask | bev: 2mask Lcx=None Rcx=582.9 center=320.0 swap=no | guide: single_line_physical sides=left err=-0.061m hdg=-13.0° | OUT steer=-13.0° v=12.0
F000610 18:18:34.432 | raw: L(cx=29.0,a=428,s=gue) R(cx=507.8,a=7565,s=gue) | prep: det=None res=left via=mask | bev: 2mask Lcx=None Rcx=582.9 center=320.0 swap=no | guide: single_line_physical sides=left err=-0.061m hdg=-13.0° | OUT steer=-13.0° v=12.0
F000611 18:18:34.549 | raw: L(cx=29.0,a=428,s=gue) R(cx=507.8,a=7565,s=gue) | prep: det=None res=left via=mask | bev: 2mask Lcx=None Rcx=582.9 center=320.0 swap=no | guide: single_line_physical sides=left err=-0.061m hdg=-12.4° | OUT steer=-12.4° v=12.0
F000612 18:18:34.821 | raw: L=none R(cx=519.6,a=7593,s=gue) | prep: det=right res=right via=mask | bev: 1mask present=right cx=585.1 center=320.0 correct=right swap=no | guide: single_line_physical sides=right err=-0.055m hdg=+5.9° | OUT steer=+5.9° v=12.0
F000613 18:18:34.908 | raw: L=none R(cx=523.5,a=7643,s=gue) | prep: det=right res=right via=mask | bev: 1mask present=right cx=584.5 center=320.0 correct=right swap=no | guide: single_line_physical sides=right err=-0.055m hdg=+4.3° | OUT steer=+4.3° v=12.0
F000614 18:18:35.003 | raw: L=none R(cx=523.5,a=7643,s=gue) | prep: det=right res=right via=mask | bev: 1mask present=right cx=584.5 center=320.0 correct=right swap=no | guide: single_line_physical sides=right err=-0.055m hdg=+6.4° | OUT steer=+6.4° v=12.0
F000615 18:18:35.245 | raw: L(cx=33.3,a=489,s=gue) R(cx=521.7,a=7487,s=gue) | prep: det=None res=left via=mask | bev: 2mask Lcx=None Rcx=583.9 center=320.0 swap=no | guide: single_line_physical sides=left err=-0.062m hdg=-9.9° | OUT steer=-9.9° v=12.0
F000616 18:18:35.357 | raw: L=none R(cx=525.9,a=7437,s=gue) | prep: det=right res=right via=mask | bev: 1mask present=right cx=584.0 center=320.0 correct=right swap=no | guide: single_line_physical sides=right err=-0.060m hdg=+7.3° | OUT steer=+7.3° v=12.0
F000617 18:18:35.453 | raw: L=none R(cx=525.9,a=7437,s=gue) | prep: det=right res=right via=mask | bev: 1mask present=right cx=584.0 center=320.0 correct=right swap=no | guide: single_line_physical sides=right err=-0.060m hdg=+9.9° | OUT steer=+9.9° v=12.0
F000618 18:18:35.723 | raw: L=none R(cx=528.5,a=7596,s=gue) | prep: det=right res=right via=mask | bev: 1mask present=right cx=583.4 center=320.0 correct=right swap=no | guide: single_line_physical sides=right err=-0.064m hdg=+14.8° | OUT steer=+14.8° v=10.0
F000619 18:18:35.821 | raw: L=none R(cx=531.8,a=7502,s=gue) | prep: det=right res=right via=mask | bev: 1mask present=right cx=583.3 center=320.0 correct=right swap=no | guide: single_line_physical sides=right err=-0.066m hdg=+15.4° | OUT steer=+15.4° v=10.0
F000620 18:18:35.903 | raw: L=none R(cx=544.4,a=7591,s=gue) | prep: det=right res=right via=mask | bev: 1mask present=right cx=584.8 center=320.0 correct=right swap=no | guide: single_line_physical sides=right err=-0.065m hdg=+12.7° | OUT steer=+12.7° v=11.0
F000621 18:18:36.126 | raw: L=none R(cx=554.7,a=7556,s=gue) | prep: det=right res=right via=mask | bev: 1mask present=right cx=588.0 center=320.0 correct=right swap=no | guide: single_line_physical sides=right err=-0.063m hdg=+14.0° | OUT steer=+14.0° v=12.0
F000622 18:18:36.236 | raw: L=none R(cx=568.0,a=7431,s=gue) | prep: det=right res=right via=mask | bev: 1mask present=right cx=591.1 center=320.0 correct=right swap=no | guide: single_line_physical sides=right err=-0.058m hdg=+13.6° | OUT steer=+13.6° v=12.0
F000623 18:18:36.333 | raw: L=none R(cx=578.1,a=7057,s=gue) | prep: det=right res=right via=mask | bev: 1mask present=right cx=594.4 center=320.0 correct=right swap=no | guide: single_line_physical sides=right err=-0.056m hdg=+11.9° | OUT steer=+11.9° v=12.0
F000624 18:18:36.441 | raw: L=none R(cx=578.1,a=7057,s=gue) | prep: det=right res=right via=mask | bev: 1mask present=right cx=594.4 center=320.0 correct=right swap=no | guide: single_line_physical sides=right err=-0.056m hdg=+14.7° | OUT steer=+14.7° v=12.0
F000625 18:18:36.526 | raw: L=none R(cx=582.8,a=6954,s=gue) | prep: det=right res=right via=mask | bev: 1mask present=right cx=595.9 center=320.0 correct=right swap=no | guide: single_line_physical sides=right err=-0.053m hdg=+14.3° | OUT steer=+14.3° v=12.0
F000626 18:18:36.614 | raw: L=none R(cx=589.6,a=7130,s=gue) | prep: det=right res=right via=mask | bev: 1mask present=right cx=597.3 center=320.0 correct=right swap=no | guide: single_line_physical sides=right err=-0.043m hdg=+13.3° | OUT steer=+13.3° v=12.0
F000627 18:18:36.759 | raw: L(cx=41.7,a=723,s=gue) R(cx=592.5,a=7262,s=gue) | prep: det=None res=left via=mask | bev: 2mask Lcx=None Rcx=598.6 center=320.0 swap=no | guide: single_line_physical sides=left err=-0.058m hdg=-6.4° | OUT steer=-6.4° v=12.0
F000628 18:18:36.885 | raw: L(cx=53.7,a=804,s=gue) R(cx=595.8,a=7000,s=gue) | prep: det=None res=left via=mask | bev: 2mask Lcx=None Rcx=599.6 center=320.0 swap=no | guide: single_line_physical sides=left err=-0.058m hdg=-6.3° | OUT steer=-6.3° v=12.0
F000629 18:18:36.996 | raw: L=none R(cx=602.7,a=6570,s=gue) | prep: det=right res=right via=mask | bev: 1mask present=right cx=600.5 center=320.0 correct=right swap=no | guide: single_line_physical sides=right err=-0.037m hdg=+13.2° | OUT steer=+13.2° v=12.0
F000630 18:18:37.177 | raw: L=none R(cx=603.7,a=6623,s=gue) | prep: det=right res=right via=mask | bev: 1mask present=right cx=600.8 center=320.0 correct=right swap=no | guide: single_line_physical sides=right err=-0.036m hdg=+14.7° | OUT steer=+14.7° v=12.0
F000631 18:18:37.276 | raw: L(cx=51.7,a=780,s=gue) R(cx=605.0,a=6554,s=gue) | prep: det=None res=left via=mask | bev: 2mask Lcx=None Rcx=601.3 center=320.0 swap=no | guide: single_line_physical sides=left err=-0.058m hdg=-5.9° | OUT steer=-5.9° v=12.0
F000632 18:18:37.368 | raw: L(cx=50.8,a=747,s=gue) R(cx=608.2,a=6227,s=gue) | prep: det=None res=left via=mask | bev: 2mask Lcx=None Rcx=602.1 center=320.0 swap=no | guide: single_line_physical sides=left err=-0.059m hdg=-5.2° | OUT steer=-5.2° v=12.0
F000633 18:18:37.490 | raw: L(cx=50.8,a=747,s=gue) R(cx=608.2,a=6227,s=gue) | prep: det=None res=left via=mask | bev: 2mask Lcx=None Rcx=602.1 center=320.0 swap=no | guide: single_line_physical sides=left err=-0.059m hdg=-6.8° | OUT steer=-6.8° v=12.0
F000634 18:18:37.612 | raw: L(cx=50.2,a=761,s=gue) R(cx=613.2,a=5769,s=gue) | prep: det=None res=left via=mask | bev: 2mask Lcx=None Rcx=604.8 center=320.0 swap=no | guide: single_line_physical sides=left err=-0.058m hdg=-5.3° | OUT steer=-5.3° v=12.0
F000635 18:18:37.713 | raw: L(cx=50.2,a=761,s=gue) R(cx=613.2,a=5769,s=gue) | prep: det=None res=left via=mask | bev: 2mask Lcx=None Rcx=604.8 center=320.0 swap=no | guide: single_line_physical sides=left err=-0.058m hdg=-5.8° | OUT steer=-5.8° v=12.0
F000636 18:18:38.001 | raw: L(cx=40.1,a=624,s=gue) R(cx=620.6,a=4952,s=gue) | prep: det=None res=left via=mask | bev: 2mask Lcx=None Rcx=606.9 center=320.0 swap=no | guide: single_line_physical sides=left err=-0.060m hdg=-6.1° | OUT steer=-6.1° v=12.0
F000637 18:18:38.115 | raw: L(cx=42.8,a=691,s=gue) R(cx=626.6,a=3593,s=gue) | prep: det=None res=left via=mask | bev: 2mask Lcx=None Rcx=615.1 center=320.0 swap=no | guide: single_line_physical sides=left err=-0.059m hdg=-4.9° | OUT steer=-4.9° v=12.0
F000638 18:18:38.251 | raw: L(cx=48.2,a=763,s=gue) R(cx=520.9,a=2046,s=gue) | prep: 2-line | bev: 2mask Lcx=None Rcx=None center=320.0 swap=no | guide: midpoint sides=left,right err=-0.227m hdg=+0.0° | OUT steer=-4.9° v=10.0
F000639 18:18:38.425 | raw: L(cx=50.2,a=784,s=gue) R(cx=634.5,a=576,s=gue) | prep: det=None res=left via=mask | bev: 2mask Lcx=None Rcx=None center=320.0 swap=no | guide: single_line_physical sides=left err=-0.144m hdg=-1.9° | OUT steer=-4.1° v=11.0
F000640 18:18:38.523 | raw: L(cx=52.7,a=807,s=gue) R=none | prep: det=left res=left via=mask | bev: 1mask present=left cx=None center=320.0 correct=None swap=no | guide: single_line_physical sides=left err=-0.145m hdg=-5.4° | OUT steer=-5.4° v=12.0
F000641 18:18:38.652 | raw: L(cx=53.5,a=858,s=gue) R(cx=506.5,a=1884,s=gue) | prep: 2-line | bev: 2mask Lcx=None Rcx=None center=320.0 swap=no | guide: midpoint sides=left,right err=-0.214m hdg=+0.0° | OUT steer=-5.4° v=10.0
F000642 18:18:38.917 | raw: L(cx=55.0,a=903,s=gue) R(cx=509.1,a=1579,s=gue) | prep: 2-line | bev: 2mask Lcx=None Rcx=None center=320.0 swap=no | guide: midpoint sides=left,right err=-0.210m hdg=+0.0° | OUT steer=-5.4° v=10.0
F000643 18:18:38.996 | raw: L(cx=60.1,a=1019,s=gue) R=none | prep: det=left res=left via=mask | bev: 1mask present=left cx=None center=320.0 correct=None swap=no | guide: single_line_physical sides=left err=-0.155m hdg=-2.8° | OUT steer=-4.6° v=11.0
F000644 18:18:39.082 | raw: L(cx=60.1,a=1019,s=gue) R=none | prep: det=left res=left via=mask | bev: 1mask present=left cx=None center=320.0 correct=None swap=no | guide: single_line_physical sides=left err=-0.155m hdg=-5.5° | OUT steer=-5.5° v=12.0
F000645 18:18:39.194 | raw: L(cx=59.6,a=999,s=gue) R=none | prep: det=left res=left via=mask | bev: 1mask present=left cx=None center=320.0 correct=None swap=no | guide: single_line_physical sides=left err=-0.155m hdg=-4.9° | OUT steer=-4.9° v=12.0
F000646 18:18:39.297 | raw: L(cx=60.8,a=1039,s=gue) R=none | prep: det=left res=left via=mask | bev: 1mask present=left cx=None center=320.0 correct=None swap=no | guide: single_line_physical sides=left err=-0.155m hdg=-4.6° | OUT steer=-4.6° v=12.0
F000647 18:18:39.391 | raw: L(cx=50.0,a=878,s=gue) R=none | prep: det=left res=left via=mask | bev: 1mask present=left cx=None center=320.0 correct=None swap=no | guide: single_line_physical sides=left err=-0.155m hdg=-4.0° | OUT steer=-4.0° v=12.0
F000648 18:18:39.658 | raw: L(cx=50.4,a=859,s=gue) R(cx=494.5,a=1341,s=gue) | prep: 2-line | bev: 2mask Lcx=None Rcx=None center=320.0 swap=no | guide: midpoint sides=left,right err=-0.203m hdg=+0.0° | OUT steer=-2.8° v=10.0
F000649 18:18:39.774 | raw: L(cx=50.1,a=855,s=gue) R(cx=501.9,a=1302,s=gue) | prep: 2-line | bev: 2mask Lcx=None Rcx=None center=320.0 swap=no | guide: midpoint sides=left,right err=-0.190m hdg=+0.0° | OUT steer=-2.8° v=10.0
F000650 18:18:39.861 | raw: L(cx=49.6,a=852,s=gue) R=none | prep: det=left res=left via=mask | bev: 1mask present=left cx=None center=320.0 correct=None swap=no | guide: single_line_physical sides=left err=-0.164m hdg=-1.8° | OUT steer=-2.8° v=11.0
F000651 18:18:40.031 | raw: L(cx=49.2,a=803,s=gue) R=none | prep: det=left res=left via=mask | bev: 1mask present=left cx=None center=320.0 correct=None swap=no | guide: single_line_physical sides=left err=-0.164m hdg=-3.0° | OUT steer=-3.0° v=12.0
F000652 18:18:40.117 | raw: L(cx=49.2,a=812,s=gue) R=none | prep: det=left res=left via=mask | bev: 1mask present=left cx=None center=320.0 correct=None swap=no | guide: single_line_physical sides=left err=-0.166m hdg=-1.7° | OUT steer=-3.0° v=12.0
F000653 18:18:40.209 | raw: L=none R(cx=479.9,a=1441,s=gue) | prep: det=right res=right via=mask | bev: 1mask present=right cx=None center=320.0 correct=None swap=no | guide: single_line_physical sides=right err=0.111m hdg=-7.6° | OUT steer=-3.0° v=12.0
F000654 18:18:40.344 | raw: L=none R(cx=486.7,a=1751,s=gue) | prep: det=right res=right via=mask | bev: 1mask present=right cx=None center=320.0 correct=None swap=no | guide: single_line_physical sides=right err=0.111m hdg=-7.2° | OUT steer=-3.0° v=12.0
F000655 18:18:40.437 | raw: L=none R(cx=482.5,a=1463,s=gue) | prep: det=right res=right via=mask | bev: 1mask present=right cx=None center=320.0 correct=None swap=no | guide: single_line_physical sides=right err=0.118m hdg=-6.9° | OUT steer=-3.0° v=12.0
F000656 18:18:40.520 | raw: L=none R(cx=496.5,a=1871,s=gue) | prep: det=right res=right via=mask | bev: 1mask present=right cx=None center=320.0 correct=None swap=no | guide: single_line_physical sides=right err=0.127m hdg=-6.1° | OUT steer=+6.1° v=12.0
F000657 18:18:40.749 | raw: L=none R(cx=476.7,a=1381,s=gue) | prep: det=right res=right via=mask | bev: 1mask present=right cx=None center=320.0 correct=None swap=no | guide: single_line_physical sides=right err=0.111m hdg=-6.3° | OUT steer=+6.1° v=12.0
F000658 18:18:40.855 | raw: L=none R(cx=487.0,a=1973,s=gue) | prep: det=right res=right via=mask | bev: 1mask present=right cx=None center=320.0 correct=None swap=no | guide: single_line_physical sides=right err=0.118m hdg=-5.9° | OUT steer=+6.1° v=12.0
F000659 18:18:40.939 | raw: L=none R(cx=487.0,a=1973,s=gue) | prep: det=right res=right via=mask | bev: 1mask present=right cx=None center=320.0 correct=None swap=no | guide: single_line_physical sides=right err=0.118m hdg=-4.7° | OUT steer=+6.1° v=12.0
F000660 18:18:41.156 | raw: L=none R(cx=468.9,a=1490,s=gue) | prep: det=right res=right via=mask | bev: 1mask present=right cx=None center=320.0 correct=None swap=no | guide: single_line_physical sides=right err=0.113m hdg=-5.3° | OUT steer=+5.3° v=12.0
F000661 18:18:41.227 | raw: L=none R=none | prep: 2-line | bev: bev=skipped swap=no | guide: legacy_line_fit sides=? err=? hdg=-0.8° | OUT steer=-3.0° v=13.0
F000662 18:18:41.296 | raw: L=none R=none | prep: 2-line | bev: bev=skipped swap=no | guide: legacy_line_fit sides=? err=? hdg=-0.8° | OUT steer=-3.2° v=14.0
F000663 18:18:41.481 | raw: L=none R(cx=507.8,a=1636,s=gue) | prep: det=right res=right via=mask | bev: 1mask present=right cx=None center=320.0 correct=None swap=no | guide: single_line_physical sides=right err=0.128m hdg=-5.1° | OUT steer=+5.1° v=12.0
F000664 18:18:41.567 | raw: L=none R(cx=494.0,a=1546,s=gue) | prep: det=right res=right via=mask | bev: 1mask present=right cx=None center=320.0 correct=None swap=no | guide: single_line_physical sides=right err=0.115m hdg=-5.5° | OUT steer=+5.5° v=12.0
F000665 18:18:41.648 | raw: L=none R(cx=495.6,a=1672,s=gue) | prep: det=right res=right via=mask | bev: 1mask present=right cx=None center=320.0 correct=None swap=no | guide: single_line_physical sides=right err=0.126m hdg=-6.4° | OUT steer=+6.4° v=12.0
F000666 18:18:41.853 | raw: L=none R=none | prep: 2-line | bev: bev=skipped swap=no | guide: legacy_line_fit sides=? err=? hdg=-0.8° | OUT steer=-3.0° v=13.0
F000667 18:18:41.951 | raw: L=none R(cx=472.1,a=1440,s=gue) | prep: det=right res=right via=mask | bev: 1mask present=right cx=None center=320.0 correct=None swap=no | guide: single_line_physical sides=right err=0.127m hdg=-7.6° | OUT steer=+7.6° v=12.0
F000668 18:18:42.017 | raw: L=none R=none | prep: 2-line | bev: bev=skipped swap=no | guide: legacy_line_fit sides=? err=? hdg=-0.8° | OUT steer=-3.0° v=13.0
F000669 18:18:42.256 | raw: L=none R=none | prep: 2-line | bev: bev=skipped swap=no | guide: legacy_line_fit sides=? err=? hdg=-0.8° | OUT steer=-3.2° v=14.0
F000670 18:18:42.330 | raw: L=none R=none | prep: 2-line | bev: bev=skipped swap=no | guide: legacy_line_fit sides=? err=? hdg=-0.8° | OUT steer=-3.4° v=14.3
F000671 18:18:42.410 | raw: L=none R=none | prep: 2-line | bev: bev=skipped swap=no | guide: legacy_line_fit sides=? err=? hdg=-0.8° | OUT steer=-3.5° v=14.3
F000672 18:18:42.485 | raw: L=none R=none | prep: 2-line | bev: bev=skipped swap=no | guide: legacy_line_fit sides=? err=? hdg=-0.8° | OUT steer=-3.5° v=14.3
F000673 18:18:42.564 | raw: L=none R=none | prep: 2-line | bev: bev=skipped swap=no | guide: legacy_line_fit sides=? err=? hdg=-0.8° | OUT steer=-3.5° v=14.3
F000674 18:18:42.636 | raw: L=none R=none | prep: 2-line | bev: bev=skipped swap=no | guide: legacy_line_fit sides=? err=? hdg=-0.8° | OUT steer=-3.5° v=14.3
F000675 18:18:42.700 | raw: L=none R=none | prep: 2-line | bev: bev=skipped swap=no | guide: legacy_line_fit sides=? err=? hdg=-0.8° | OUT steer=-3.5° v=14.3
F000676 18:18:42.765 | raw: L=none R=none | prep: 2-line | bev: bev=skipped swap=no | guide: legacy_line_fit sides=? err=? hdg=-0.8° | OUT steer=-3.5° v=14.3
F000677 18:18:42.887 | raw: L=none R(cx=488.5,a=2180,s=gue) | prep: det=right res=right via=mask | bev: 1mask present=right cx=None center=320.0 correct=None swap=no | guide: single_line_physical sides=right err=0.122m hdg=-7.2° | OUT steer=+7.2° v=12.0
F000678 18:18:42.959 | raw: L=none R=none | prep: 2-line | bev: bev=skipped swap=no | guide: legacy_line_fit sides=? err=? hdg=-0.8° | OUT steer=-3.0° v=13.0
F000679 18:18:43.033 | raw: L=none R=none | prep: 2-line | bev: bev=skipped swap=no | guide: legacy_line_fit sides=? err=? hdg=-0.8° | OUT steer=-3.2° v=14.0
F000680 18:18:43.184 | raw: L=none R=none | prep: 2-line | bev: bev=skipped swap=no | guide: legacy_line_fit sides=? err=? hdg=-0.8° | OUT steer=-3.4° v=14.3
F000681 18:18:43.253 | raw: L=none R=none | prep: 2-line | bev: bev=skipped swap=no | guide: legacy_line_fit sides=? err=? hdg=-0.8° | OUT steer=-3.5° v=14.3
F000682 18:18:43.327 | raw: L=none R=none | prep: 2-line | bev: bev=skipped swap=no | guide: legacy_line_fit sides=? err=? hdg=-0.8° | OUT steer=-3.5° v=14.3
F000683 18:18:43.398 | raw: L=none R=none | prep: 2-line | bev: bev=skipped swap=no | guide: legacy_line_fit sides=? err=? hdg=-0.8° | OUT steer=-3.5° v=14.3
F000684 18:18:43.587 | raw: L=none R=none | prep: 2-line | bev: bev=skipped swap=no | guide: legacy_line_fit sides=? err=? hdg=-0.8° | OUT steer=-3.5° v=14.3
F000685 18:18:43.659 | raw: L=none R=none | prep: 2-line | bev: bev=skipped swap=no | guide: legacy_line_fit sides=? err=? hdg=-0.8° | OUT steer=-3.5° v=14.3
F000686 18:18:43.735 | raw: L=none R=none | prep: 2-line | bev: bev=skipped swap=no | guide: legacy_line_fit sides=? err=? hdg=-0.8° | OUT steer=-3.5° v=14.3
F000687 18:18:43.803 | raw: L=none R=none | prep: 2-line | bev: bev=skipped swap=no | guide: legacy_line_fit sides=? err=? hdg=-0.8° | OUT steer=-3.5° v=14.3
F000688 18:18:43.985 | raw: L=none R=none | prep: 2-line | bev: bev=skipped swap=no | guide: legacy_line_fit sides=? err=? hdg=-0.8° | OUT steer=-3.5° v=14.3
F000689 18:18:44.054 | raw: L=none R=none | prep: 2-line | bev: bev=skipped swap=no | guide: legacy_line_fit sides=? err=? hdg=-0.8° | OUT steer=-3.5° v=14.3
F000690 18:18:44.119 | raw: L=none R=none | prep: 2-line | bev: bev=skipped swap=no | guide: legacy_line_fit sides=? err=? hdg=-0.8° | OUT steer=-3.5° v=14.3
F000691 18:18:44.185 | raw: L=none R=none | prep: 2-line | bev: bev=skipped swap=no | guide: legacy_line_fit sides=? err=? hdg=-0.8° | OUT steer=-3.5° v=14.3
F000692 18:18:44.391 | raw: L=none R=none | prep: 2-line | bev: bev=skipped swap=no | guide: legacy_line_fit sides=? err=? hdg=-0.8° | OUT steer=-3.5° v=14.3
F000693 18:18:44.458 | raw: L=none R=none | prep: 2-line | bev: bev=skipped swap=no | guide: legacy_line_fit sides=? err=? hdg=-0.8° | OUT steer=-3.5° v=14.3
F000694 18:18:44.524 | raw: L=none R=none | prep: 2-line | bev: bev=skipped swap=no | guide: legacy_line_fit sides=? err=? hdg=-0.8° | OUT steer=-3.5° v=14.3
F000695 18:18:44.594 | raw: L=none R=none | prep: 2-line | bev: bev=skipped swap=no | guide: legacy_line_fit sides=? err=? hdg=-0.8° | OUT steer=-3.5° v=14.3
F000696 18:18:44.789 | raw: L=none R=none | prep: 2-line | bev: bev=skipped swap=no | guide: legacy_line_fit sides=? err=? hdg=-0.8° | OUT steer=-3.5° v=14.3
F000697 18:18:44.853 | raw: L=none R=none | prep: 2-line | bev: bev=skipped swap=no | guide: legacy_line_fit sides=? err=? hdg=-0.8° | OUT steer=-3.5° v=14.3
F000698 18:18:44.918 | raw: L=none R=none | prep: 2-line | bev: bev=skipped swap=no | guide: legacy_line_fit sides=? err=? hdg=-0.8° | OUT steer=-3.5° v=14.3
F000699 18:18:44.986 | raw: L=none R=none | prep: 2-line | bev: bev=skipped swap=no | guide: legacy_line_fit sides=? err=? hdg=-0.8° | OUT steer=-3.5° v=14.3
F000700 18:18:45.109 | raw: L=none R=none | prep: 2-line | bev: bev=skipped swap=no | guide: legacy_line_fit sides=? err=? hdg=-0.8° | OUT steer=-3.5° v=14.3
F000701 18:18:45.180 | raw: L=none R=none | prep: 2-line | bev: bev=skipped swap=no | guide: legacy_line_fit sides=? err=? hdg=-0.8° | OUT steer=-3.5° v=14.3
F000702 18:18:45.260 | raw: L=none R=none | prep: 2-line | bev: bev=skipped swap=no | guide: legacy_line_fit sides=? err=? hdg=-0.8° | OUT steer=-3.5° v=14.3
F000703 18:18:45.334 | raw: L=none R=none | prep: 2-line | bev: bev=skipped swap=no | guide: legacy_line_fit sides=? err=? hdg=-0.8° | OUT steer=-3.5° v=14.3
F000704 18:18:45.512 | raw: L=none R=none | prep: 2-line | bev: bev=skipped swap=no | guide: legacy_line_fit sides=? err=? hdg=-0.8° | OUT steer=-3.5° v=14.3
F000705 18:18:45.580 | raw: L=none R=none | prep: 2-line | bev: bev=skipped swap=no | guide: legacy_line_fit sides=? err=? hdg=-0.8° | OUT steer=-3.5° v=14.3
F000706 18:18:45.667 | raw: L=none R=none | prep: 2-line | bev: bev=skipped swap=no | guide: legacy_line_fit sides=? err=? hdg=-0.8° | OUT steer=-3.5° v=14.3
F000707 18:18:45.734 | raw: L=none R=none | prep: 2-line | bev: bev=skipped swap=no | guide: legacy_line_fit sides=? err=? hdg=-0.8° | OUT steer=-3.5° v=14.3
F000708 18:18:45.827 | raw: L=none R=none | prep: 2-line | bev: bev=skipped swap=no | guide: legacy_line_fit sides=? err=? hdg=-0.8° | OUT steer=-3.5° v=14.3
F000709 18:18:45.901 | raw: L=none R=none | prep: 2-line | bev: bev=skipped swap=no | guide: legacy_line_fit sides=? err=? hdg=-0.8° | OUT steer=-3.5° v=14.3
F000710 18:18:45.994 | raw: L(cx=47.2,a=711,s=gue) R=none | prep: det=left res=right via=mask | bev: 1mask present=right cx=None center=320.0 correct=None swap=no | guide: single_line_physical sides=right err=-0.193m hdg=+13.4° | OUT steer=+7.2° v=12.0
F000711 18:18:46.088 | raw: L(cx=47.2,a=711,s=gue) R=none | prep: det=left res=right via=mask | bev: 1mask present=right cx=None center=320.0 correct=None swap=no | guide: single_line_physical sides=right err=-0.193m hdg=+15.6° | OUT steer=+7.2° v=12.0
F000712 18:18:46.251 | raw: L(cx=45.3,a=754,s=gue) R=none | prep: det=left res=right via=mask | bev: 1mask present=right cx=None center=320.0 correct=None swap=no | guide: single_line_physical sides=right err=-0.193m hdg=+15.1° | OUT steer=+7.2° v=12.0
F000713 18:18:46.337 | raw: L(cx=47.1,a=713,s=gue) R=none | prep: det=left res=right via=mask | bev: 1mask present=right cx=None center=320.0 correct=None swap=no | guide: single_line_physical sides=right err=-0.193m hdg=+14.7° | OUT steer=+14.7° v=12.0
F000714 18:18:46.422 | raw: L(cx=47.1,a=713,s=gue) R=none | prep: det=left res=right via=mask | bev: 1mask present=right cx=None center=320.0 correct=None swap=no | guide: single_line_physical sides=right err=-0.193m hdg=+16.6° | OUT steer=+14.7° v=12.0
F000715 18:18:46.549 | raw: L(cx=35.3,a=593,s=gue) R=none | prep: det=left res=right via=mask | bev: 1mask present=right cx=None center=320.0 correct=None swap=no | guide: single_line_physical sides=right err=-0.193m hdg=+14.5° | OUT steer=+14.7° v=12.0
F000716 18:18:46.649 | raw: L(cx=35.3,a=593,s=gue) R=none | prep: det=left res=right via=mask | bev: 1mask present=right cx=None center=320.0 correct=None swap=no | guide: single_line_physical sides=right err=-0.193m hdg=+16.6° | OUT steer=+14.7° v=12.0
F000717 18:18:46.734 | raw: L(cx=41.2,a=623,s=gue) R=none | prep: det=left res=right via=mask | bev: 1mask present=right cx=None center=320.0 correct=None swap=no | guide: single_line_physical sides=right err=-0.193m hdg=+14.0° | OUT steer=+14.0° v=12.0
F000718 18:18:46.951 | raw: L(cx=42.9,a=611,s=gue) R=none | prep: det=left res=right via=mask | bev: 1mask present=right cx=None center=320.0 correct=None swap=no | guide: single_line_physical sides=right err=-0.193m hdg=+17.8° | OUT steer=+17.8° v=11.4
F000719 18:18:47.032 | raw: L(cx=41.4,a=586,s=gue) R=none | prep: det=left res=right via=mask | bev: 1mask present=right cx=None center=320.0 correct=None swap=no | guide: single_line_physical sides=right err=-0.193m hdg=+14.4° | OUT steer=+14.4° v=12.0
F000720 18:18:47.126 | raw: L(cx=41.4,a=586,s=gue) R=none | prep: det=left res=right via=mask | bev: 1mask present=right cx=None center=320.0 correct=None swap=no | guide: single_line_physical sides=right err=-0.193m hdg=+16.3° | OUT steer=+16.3° v=11.7
F000721 18:18:47.370 | raw: L(cx=261.0,a=711,s=gue) R=none | prep: det=left res=right via=mask | bev: 1mask present=right cx=None center=320.0 correct=None swap=no | guide: midpoint sides=right err=-0.192m hdg=-0.0° | OUT steer=+7.3° v=12.0
F000722 18:18:47.458 | raw: L(cx=261.0,a=711,s=gue) R=none | prep: det=left res=right via=mask | bev: 1mask present=right cx=None center=320.0 correct=None swap=no | guide: midpoint sides=right err=-0.192m hdg=-0.0° | OUT steer=+3.3° v=12.0
F000723 18:18:47.542 | raw: L(cx=42.3,a=619,s=gue) R=none | prep: det=left res=right via=mask | bev: 1mask present=right cx=None center=320.0 correct=None swap=no | guide: single_line_physical sides=right err=-0.193m hdg=+14.2° | OUT steer=+14.2° v=12.0
F000724 18:18:47.662 | raw: L(cx=260.0,a=718,s=gue) R=none | prep: det=left res=right via=mask | bev: 1mask present=right cx=None center=320.0 correct=None swap=no | guide: midpoint sides=right err=-0.192m hdg=-0.0° | OUT steer=+6.4° v=12.0
F000725 18:18:47.758 | raw: L(cx=260.0,a=718,s=gue) R=none | prep: det=left res=right via=mask | bev: 1mask present=right cx=None center=320.0 correct=None swap=no | guide: midpoint sides=right err=-0.192m hdg=-0.0° | OUT steer=+2.9° v=12.0
F000726 18:18:47.848 | raw: L(cx=263.9,a=764,s=gue) R=none | prep: det=left res=right via=mask | bev: 1mask present=right cx=None center=320.0 correct=None swap=no | guide: midpoint sides=right err=-0.192m hdg=-0.0° | OUT steer=+2.0° v=12.0
F000727 18:18:48.081 | raw: L(cx=247.0,a=671,s=gue) R=none | prep: det=left res=right via=mask | bev: 1mask present=right cx=None center=320.0 correct=None swap=no | guide: single_line_physical sides=right err=-0.193m hdg=+23.7° | OUT steer=+2.0° v=12.0
F000728 18:18:48.213 | raw: L(cx=248.4,a=586,s=gue) R(cx=488.1,a=2494,s=gue) | prep: det=None res=left via=mask dup=history | bev: 2mask Lcx=None Rcx=None center=320.0 swap=no | guide: single_line_physical sides=left err=-0.047m hdg=+13.8° | OUT steer=-3.3° v=12.0
F000729 18:18:48.320 | raw: L(cx=248.4,a=586,s=gue) R(cx=488.1,a=2494,s=gue) | prep: det=None res=left via=mask dup=history | bev: 2mask Lcx=None Rcx=None center=320.0 swap=no | guide: single_line_physical sides=left err=-0.047m hdg=+14.0° | OUT steer=-3.3° v=12.0
F000730 18:18:48.569 | raw: L=none R(cx=481.2,a=2366,s=gue) | prep: det=right res=right via=mask | bev: 1mask present=right cx=None center=320.0 correct=None swap=no | guide: midpoint sides=right err=-0.080m hdg=-0.0° | OUT steer=-1.5° v=12.0
F000731 18:18:48.667 | raw: L=none R(cx=477.0,a=2338,s=gue) | prep: det=right res=right via=mask | bev: 1mask present=right cx=None center=320.0 correct=None swap=no | guide: midpoint sides=right err=-0.078m hdg=-0.0° | OUT steer=+2.0° v=12.0
F000732 18:18:48.762 | raw: L=none R(cx=477.0,a=2338,s=gue) | prep: det=right res=right via=mask | bev: 1mask present=right cx=None center=320.0 correct=None swap=no | guide: midpoint sides=right err=-0.078m hdg=-0.0° | OUT steer=+2.0° v=12.0
F000733 18:18:48.912 | raw: L(cx=250.3,a=835,s=gue) R(cx=487.0,a=2410,s=gue) | prep: det=None res=left via=mask dup=history | bev: 2mask Lcx=None Rcx=None center=320.0 swap=no | guide: single_line_physical sides=left err=-0.047m hdg=+14.1° | OUT steer=-3.4° v=12.0
F000734 18:18:49.010 | raw: L=none R(cx=476.5,a=2308,s=gue) | prep: det=right res=right via=mask | bev: 1mask present=right cx=None center=320.0 correct=None swap=no | guide: midpoint sides=right err=-0.078m hdg=-0.0° | OUT steer=-1.6° v=12.0
F000735 18:18:49.122 | raw: L(cx=245.3,a=778,s=gue) R(cx=479.8,a=2317,s=gue) | prep: det=None res=left via=mask dup=history | bev: 2mask Lcx=None Rcx=None center=320.0 swap=no | guide: single_line_physical sides=left err=-0.047m hdg=+13.7° | OUT steer=-5.6° v=12.0
F000736 18:18:49.410 | raw: L(cx=243.8,a=764,s=gue) R(cx=484.1,a=2226,s=gue) | prep: det=None res=left via=mask dup=history | bev: 2mask Lcx=None Rcx=None center=320.0 swap=no | guide: single_line_physical sides=left err=-0.047m hdg=+13.9° | OUT steer=-13.9° v=12.0
F000737 18:18:49.536 | raw: L(cx=253.7,a=1031,s=gue) R(cx=486.0,a=2270,s=gue) | prep: det=None res=left via=mask dup=history | bev: 2mask Lcx=None Rcx=None center=320.0 swap=no | guide: midpoint sides=left err=0.126m hdg=-0.0° | OUT steer=-13.9° v=12.0
F000738 18:18:49.671 | raw: L(cx=252.4,a=999,s=gue) R(cx=486.9,a=2564,s=gue) | prep: 2-line | bev: 2mask Lcx=None Rcx=None center=320.0 swap=no | guide: midpoint sides=left,right err=0.052m hdg=+0.0° | OUT steer=-13.9° v=10.0
F000739 18:18:49.902 | raw: L=none R(cx=489.4,a=2669,s=gue) | prep: det=right res=right via=mask | bev: 1mask present=right cx=None center=320.0 correct=None swap=no | guide: midpoint sides=right err=0.193m hdg=-0.0° | OUT steer=-8.6° v=11.0
F000740 18:18:50.001 | raw: L=none R(cx=489.4,a=2669,s=gue) | prep: det=right res=right via=mask | bev: 1mask present=right cx=None center=320.0 correct=None swap=no | guide: midpoint sides=right err=0.193m hdg=-0.0° | OUT steer=+2.0° v=12.0
F000741 18:18:50.132 | raw: L(cx=249.5,a=983,s=gue) R(cx=484.8,a=2533,s=gue) | prep: 2-line | bev: 2mask Lcx=None Rcx=None center=320.0 swap=no | guide: midpoint sides=left,right err=0.030m hdg=+0.0° | OUT steer=-3.0° v=10.0
F000742 18:18:50.348 | raw: L(cx=243.8,a=1037,s=gue) R(cx=486.1,a=2630,s=gue) | prep: 2-line | bev: 2mask Lcx=None Rcx=None center=320.0 swap=no | guide: midpoint sides=left,right err=0.025m hdg=+0.0° | OUT steer=-2.8° v=10.0
F000743 18:18:50.482 | raw: L(cx=241.8,a=1034,s=gue) R(cx=484.8,a=2601,s=gue) | prep: 2-line | bev: 2mask Lcx=None Rcx=None center=320.0 swap=no | guide: midpoint sides=left,right err=0.019m hdg=+0.0° | OUT steer=-2.6° v=10.0
F000744 18:18:50.610 | raw: L(cx=242.1,a=1028,s=gue) R(cx=488.6,a=2846,s=gue) | prep: 2-line | bev: 2mask Lcx=None Rcx=None center=320.0 swap=no | guide: midpoint sides=left,right err=0.024m hdg=+0.0° | OUT steer=-2.6° v=10.0
F000745 18:18:50.812 | raw: L=none R(cx=487.2,a=2816,s=gue) | prep: det=right res=right via=mask | bev: 1mask present=right cx=None center=320.0 correct=None swap=no | guide: midpoint sides=right err=0.193m hdg=-0.0° | OUT steer=-1.1° v=11.0
F000746 18:18:50.899 | raw: L=none R(cx=487.2,a=2816,s=gue) | prep: det=right res=right via=mask | bev: 1mask present=right cx=None center=320.0 correct=None swap=no | guide: midpoint sides=right err=0.193m hdg=-0.0° | OUT steer=+2.0° v=12.0
F000747 18:18:51.008 | raw: L(cx=238.8,a=993,s=gue) R(cx=489.0,a=2991,s=gue) | prep: 2-line | bev: 2mask Lcx=None Rcx=None center=320.0 swap=no | guide: midpoint sides=left,right err=0.020m hdg=+0.0° | OUT steer=-2.8° v=10.0
F000748 18:18:51.243 | raw: L(cx=244.7,a=1082,s=gue) R(cx=490.0,a=2883,s=gue) | prep: 2-line | bev: 2mask Lcx=None Rcx=None center=320.0 swap=no | guide: midpoint sides=left,right err=0.006m hdg=+0.0° | OUT steer=-2.8° v=10.0
F000749 18:18:51.370 | raw: L(cx=244.7,a=1082,s=gue) R(cx=490.0,a=2883,s=gue) | prep: 2-line | bev: 2mask Lcx=None Rcx=None center=320.0 swap=no | guide: midpoint sides=left,right err=0.006m hdg=+0.0° | OUT steer=-2.6° v=10.0
F000750 18:18:51.489 | raw: L(cx=244.0,a=1151,s=gue) R(cx=489.3,a=3468,s=gue) | prep: 2-line | bev: 2mask Lcx=None Rcx=None center=320.0 swap=no | guide: midpoint sides=left,right err=0.011m hdg=+0.0° | OUT steer=-2.6° v=10.0
F000751 18:18:51.753 | raw: L(cx=238.1,a=1167,s=gue) R(cx=489.9,a=3399,s=gue) | prep: 2-line | bev: 2mask Lcx=None Rcx=None center=320.0 swap=no | guide: midpoint sides=left,right err=0.001m hdg=+0.0° | OUT steer=-2.6° v=10.0
F000752 18:18:51.874 | raw: L(cx=237.4,a=1126,s=gue) R(cx=485.7,a=3322,s=gue) | prep: 2-line | bev: 2mask Lcx=None Rcx=None center=320.0 swap=no | guide: midpoint sides=left,right err=-0.002m hdg=+0.0° | OUT steer=-2.6° v=10.0
F000753 18:18:51.990 | raw: L(cx=236.6,a=1202,s=gue) R(cx=490.3,a=3529,s=gue) | prep: 2-line | bev: 2mask Lcx=None Rcx=None center=320.0 swap=no | guide: midpoint sides=left,right err=0.000m hdg=+0.0° | OUT steer=-2.6° v=11.0
F000754 18:18:52.240 | raw: L=none R(cx=492.2,a=3674,s=gue) | prep: det=right res=right via=mask | bev: 1mask present=right cx=None center=320.0 correct=None swap=no | guide: midpoint sides=right err=0.193m hdg=-0.0° | OUT steer=-1.1° v=10.0
F000755 18:18:52.319 | raw: L=none R(cx=490.7,a=3805,s=gue) | prep: det=right res=right via=mask | bev: 1mask present=right cx=None center=320.0 correct=None swap=no | guide: midpoint sides=right err=0.193m hdg=-0.0° | OUT steer=+2.0° v=10.0
F000756 18:18:52.409 | raw: L=none R(cx=494.3,a=3374,s=gue) | prep: det=right res=right via=mask | bev: 1mask present=right cx=None center=320.0 correct=None swap=no | guide: midpoint sides=right err=0.193m hdg=-0.0° | OUT steer=+2.0° v=10.0
F000757 18:18:52.635 | raw: L=none R(cx=493.9,a=3418,s=gue) | prep: det=right res=right via=mask | bev: 1mask present=right cx=None center=320.0 correct=None swap=no | guide: midpoint sides=right err=0.193m hdg=-0.0° | OUT steer=+2.0° v=10.0
F000758 18:18:52.732 | raw: L=none R(cx=493.2,a=3471,s=gue) | prep: det=right res=right via=mask | bev: 1mask present=right cx=None center=320.0 correct=None swap=no | guide: midpoint sides=right err=0.193m hdg=-0.0° | OUT steer=+2.0° v=10.0
F000759 18:18:52.797 | raw: L=none R(cx=493.2,a=3471,s=gue) | prep: 2-line | bev: 1mask present=right cx=None center=320.0 correct=None swap=no | guide: ? sides=? err=? hdg=-0.8° | OUT steer=+0.4° v=10.0
F000760 18:18:52.951 | raw: L=none R(cx=493.3,a=3608,s=gue) | prep: det=right res=right via=mask | bev: 1mask present=right cx=None center=320.0 correct=None swap=no | guide: midpoint sides=right err=0.193m hdg=-0.0° | OUT steer=+2.0° v=10.0
F000761 18:18:53.028 | raw: L=none R(cx=493.6,a=3571,s=gue) | prep: det=right res=right via=mask | bev: 1mask present=right cx=None center=320.0 correct=None swap=no | guide: midpoint sides=right err=0.193m hdg=-0.0° | OUT steer=+2.0° v=11.0
F000762 18:18:53.106 | raw: L=none R(cx=493.6,a=3571,s=gue) | prep: det=right res=right via=mask | bev: 1mask present=right cx=None center=320.0 correct=None swap=no | guide: midpoint sides=right err=0.193m hdg=-0.0° | OUT steer=+2.0° v=12.0
F000763 18:18:53.350 | raw: L=none R(cx=492.9,a=3585,s=gue) | prep: det=right res=right via=mask | bev: 1mask present=right cx=None center=320.0 correct=None swap=no | guide: midpoint sides=right err=0.193m hdg=-0.0° | OUT steer=+2.0° v=10.0
F000764 18:18:53.448 | raw: L=none R(cx=490.5,a=3536,s=gue) | prep: det=right res=right via=mask | bev: 1mask present=right cx=None center=320.0 correct=None swap=no | guide: midpoint sides=right err=0.193m hdg=-0.0° | OUT steer=+2.0° v=10.0
F000765 18:18:53.535 | raw: L=none R(cx=492.7,a=3628,s=gue) | prep: det=right res=right via=mask | bev: 1mask present=right cx=None center=320.0 correct=None swap=no | guide: midpoint sides=right err=0.193m hdg=-0.0° | OUT steer=+2.0° v=10.0
F000766 18:18:53.766 | raw: L=none R(cx=490.7,a=3909,s=gue) | prep: det=right res=right via=mask | bev: 1mask present=right cx=None center=320.0 correct=None swap=no | guide: midpoint sides=right err=0.193m hdg=-0.0° | OUT steer=+2.0° v=10.0
F000767 18:18:53.850 | raw: L=none R(cx=490.7,a=3909,s=gue) | prep: det=right res=right via=mask | bev: 1mask present=right cx=None center=320.0 correct=None swap=no | guide: midpoint sides=right err=0.193m hdg=-0.0° | OUT steer=+2.0° v=10.0
F000768 18:18:53.973 | raw: L(cx=218.4,a=1421,s=gue) R(cx=493.4,a=3584,s=gue) | prep: 2-line | bev: 2mask Lcx=None Rcx=None center=320.0 swap=no | guide: midpoint sides=left,right err=0.004m hdg=+0.0° | OUT steer=+2.0° v=10.0
F000769 18:18:54.216 | raw: L(cx=204.5,a=1413,s=gue) R(cx=493.1,a=3892,s=gue) | prep: 2-line | bev: 2mask Lcx=None Rcx=None center=320.0 swap=no | guide: midpoint sides=left,right err=0.002m hdg=+0.0° | OUT steer=+2.0° v=10.0
F000770 18:18:54.345 | raw: L(cx=206.6,a=1448,s=gue) R(cx=491.6,a=3963,s=gue) | prep: 2-line | bev: 2mask Lcx=None Rcx=None center=320.0 swap=no | guide: midpoint sides=left,right err=-0.034m hdg=+0.0° | OUT steer=+2.0° v=10.0
F000771 18:18:54.461 | raw: L(cx=204.3,a=1544,s=gue) R(cx=492.6,a=3966,s=gue) | prep: 2-line | bev: 2mask Lcx=None Rcx=None center=320.0 swap=no | guide: midpoint sides=left,right err=-0.024m hdg=+0.0° | OUT steer=-2.6° v=10.0
F000772 18:18:54.715 | raw: L(cx=193.9,a=1678,s=gue) R(cx=488.6,a=4049,s=gue) | prep: 2-line | bev: 2mask Lcx=None Rcx=None center=320.0 swap=no | guide: midpoint sides=left,right err=-0.078m hdg=+0.0° | OUT steer=-2.6° v=10.0
F000773 18:18:54.828 | raw: L(cx=125.9,a=4016,s=gue) R(cx=483.8,a=4273,s=gue) | prep: 2-line | bev: 2mask Lcx=None Rcx=None center=320.0 swap=no | guide: midpoint sides=left,right err=-0.074m hdg=+0.0° | OUT steer=-2.6° v=10.0
F000774 18:18:54.947 | raw: L(cx=125.9,a=4016,s=gue) R(cx=483.8,a=4273,s=gue) | prep: 2-line | bev: 2mask Lcx=None Rcx=None center=320.0 swap=no | guide: midpoint sides=left,right err=-0.056m hdg=+0.0° | OUT steer=-2.6° v=10.0
F000775 18:18:55.111 | raw: L(cx=108.4,a=4211,s=gue) R(cx=481.3,a=4730,s=gue) | prep: 2-line | bev: 2mask Lcx=None Rcx=None center=320.0 swap=no | guide: midpoint sides=left,right err=-0.064m hdg=+0.0° | OUT steer=-2.6° v=11.0
F000776 18:18:55.215 | raw: L(cx=108.4,a=4211,s=gue) R(cx=481.3,a=4730,s=gue) | prep: 2-line | bev: 2mask Lcx=None Rcx=None center=320.0 swap=no | guide: midpoint sides=left,right err=-0.070m hdg=+0.0° | OUT steer=-2.7° v=12.0
F000777 18:18:55.318 | raw: L(cx=98.1,a=4819,s=gue) R(cx=477.6,a=4803,s=gue) | prep: 2-line | bev: 2mask Lcx=None Rcx=None center=320.0 swap=no | guide: midpoint sides=left,right err=-0.084m hdg=+0.0° | OUT steer=-2.9° v=13.0
F000778 18:18:55.601 | raw: L(cx=95.0,a=4319,s=gue) R(cx=477.0,a=4916,s=gue) | prep: 2-line | bev: 2mask Lcx=None Rcx=None center=320.0 swap=no | guide: midpoint sides=left,right err=-0.082m hdg=+0.0° | OUT steer=-3.1° v=14.0
F000779 18:18:55.726 | raw: L(cx=99.8,a=4707,s=gue) R(cx=479.6,a=4980,s=gue) | prep: 2-line | bev: 2mask Lcx=None Rcx=None center=320.0 swap=no | guide: midpoint sides=left,right err=-0.094m hdg=+0.0° | OUT steer=-3.3° v=14.3
F000780 18:18:55.830 | raw: L(cx=91.7,a=5185,s=gue) R(cx=480.0,a=5193,s=gue) | prep: 2-line | bev: 2mask Lcx=None Rcx=None center=320.0 swap=no | guide: midpoint sides=left,right err=-0.076m hdg=+0.0° | OUT steer=-3.4° v=14.3
F000781 18:18:56.038 | raw: L(cx=94.5,a=5014,s=gue) R(cx=478.5,a=5199,s=gue) | prep: 2-line | bev: 2mask Lcx=None Rcx=None center=320.0 swap=no | guide: midpoint sides=left,right err=-0.087m hdg=+0.0° | OUT steer=-3.5° v=14.3
F000782 18:18:56.150 | raw: L(cx=90.4,a=4344,s=gue) R(cx=478.5,a=5331,s=gue) | prep: 2-line | bev: 2mask Lcx=None Rcx=None center=320.0 swap=no | guide: midpoint sides=left,right err=-0.088m hdg=+0.0° | OUT steer=-3.5° v=14.3
F000783 18:18:56.277 | raw: L(cx=87.5,a=4461,s=gue) R(cx=477.2,a=5396,s=gue) | prep: 2-line | bev: 2mask Lcx=None Rcx=None center=320.0 swap=no | guide: midpoint sides=left,right err=-0.082m hdg=+0.0° | OUT steer=-3.5° v=14.3
F000784 18:18:56.437 | raw: L(cx=93.2,a=4499,s=gue) R(cx=474.6,a=5708,s=gue) | prep: 2-line | bev: 2mask Lcx=None Rcx=None center=320.0 swap=no | guide: midpoint sides=left,right err=-0.095m hdg=+0.0° | OUT steer=-3.5° v=14.3
F000785 18:18:56.556 | raw: L(cx=86.6,a=4821,s=gue) R(cx=477.5,a=5845,s=gue) | prep: 2-line | bev: 2mask Lcx=None Rcx=None center=320.0 swap=no | guide: midpoint sides=left,right err=-0.035m hdg=+0.0° | OUT steer=-3.5° v=14.3
F000786 18:18:56.691 | raw: L(cx=82.7,a=4257,s=gue) R(cx=477.5,a=6005,s=gue) | prep: 2-line | bev: 2mask Lcx=None Rcx=None center=320.0 swap=no | guide: midpoint sides=left,right err=-0.116m hdg=+0.0° | OUT steer=-3.5° v=14.3
F000787 18:18:56.951 | raw: L(cx=79.5,a=4689,s=gue) R(cx=475.1,a=6050,s=gue) | prep: 2-line | bev: 2mask Lcx=None Rcx=None center=320.0 swap=no | guide: midpoint sides=left,right err=-0.110m hdg=+0.0° | OUT steer=-3.5° v=14.3
F000788 18:18:57.073 | raw: L(cx=126.4,a=2396,s=gue) R(cx=475.8,a=6088,s=gue) | prep: 2-line | bev: 2mask Lcx=None Rcx=None center=320.0 swap=no | guide: midpoint sides=left,right err=-0.180m hdg=+0.0° | OUT steer=-3.5° v=14.3
F000789 18:18:57.197 | raw: L(cx=93.4,a=3739,s=gue) R(cx=475.4,a=6405,s=gue) | prep: 2-line | bev: 2mask Lcx=None Rcx=None center=320.0 swap=no | guide: midpoint sides=left,right err=-0.175m hdg=+0.0° | OUT steer=-3.5° v=14.3
F000790 18:18:57.458 | raw: L(cx=100.0,a=3523,s=gue) R(cx=473.7,a=6504,s=gue) | prep: 2-line | bev: 2mask Lcx=None Rcx=None center=320.0 swap=no | guide: midpoint sides=left,right err=-0.184m hdg=+0.0° | OUT steer=-3.5° v=14.3
F000791 18:18:57.571 | raw: L(cx=98.2,a=3672,s=gue) R(cx=473.7,a=6794,s=gue) | prep: 2-line | bev: 2mask Lcx=None Rcx=None center=320.0 swap=no | guide: midpoint sides=left,right err=-0.183m hdg=+0.0° | OUT steer=-3.5° v=14.3
F000792 18:18:57.676 | raw: L(cx=84.7,a=3958,s=gue) R(cx=474.9,a=6911,s=gue) | prep: 2-line | bev: 2mask Lcx=None Rcx=None center=320.0 swap=no | guide: midpoint sides=left,right err=-0.150m hdg=+0.0° | OUT steer=-3.5° v=14.3
F000793 18:18:57.956 | raw: L(cx=92.2,a=3515,s=gue) R(cx=473.2,a=7018,s=gue) | prep: 2-line | bev: 2mask Lcx=None Rcx=None center=320.0 swap=no | guide: midpoint sides=left,right err=-0.170m hdg=+0.0° | OUT steer=-3.5° v=14.3
F000794 18:18:58.075 | raw: L(cx=88.1,a=3623,s=gue) R(cx=473.3,a=7272,s=gue) | prep: 2-line | bev: 2mask Lcx=None Rcx=None center=320.0 swap=no | guide: midpoint sides=left,right err=-0.164m hdg=+0.0° | OUT steer=-3.5° v=14.3
F000795 18:18:58.190 | raw: L(cx=87.8,a=3557,s=gue) R(cx=474.0,a=7437,s=gue) | prep: 2-line | bev: 2mask Lcx=None Rcx=None center=320.0 swap=no | guide: midpoint sides=left,right err=-0.157m hdg=+0.0° | OUT steer=-3.5° v=14.3
F000796 18:18:58.356 | raw: L(cx=91.7,a=3339,s=gue) R(cx=474.0,a=7664,s=gue) | prep: 2-line | bev: 2mask Lcx=None Rcx=636.3 center=320.0 swap=no | guide: midpoint sides=left,right err=-0.169m hdg=+0.0° | OUT steer=-3.5° v=14.3
F000797 18:18:58.478 | raw: L(cx=91.7,a=3339,s=gue) R(cx=474.0,a=7664,s=gue) | prep: 2-line | bev: 2mask Lcx=None Rcx=636.3 center=320.0 swap=no | guide: midpoint sides=left,right err=-0.171m hdg=+0.0° | OUT steer=-3.5° v=14.3
F000798 18:18:58.591 | raw: L(cx=89.7,a=3298,s=gue) R(cx=473.1,a=7826,s=gue) | prep: 2-line | bev: 2mask Lcx=None Rcx=631.9 center=320.0 swap=no | guide: midpoint sides=left,right err=-0.175m hdg=+0.0° | OUT steer=-3.5° v=14.3
F000799 18:18:58.856 | raw: L(cx=91.5,a=3123,s=gue) R(cx=472.2,a=8066,s=gue) | prep: 2-line | bev: 2mask Lcx=None Rcx=626.7 center=320.0 swap=no | guide: midpoint sides=left,right err=-0.183m hdg=+0.0° | OUT steer=-3.5° v=14.3
F000800 18:18:58.983 | raw: L(cx=93.2,a=3045,s=gue) R(cx=471.6,a=8417,s=gue) | prep: 2-line | bev: 2mask Lcx=None Rcx=620.9 center=320.0 swap=no | guide: midpoint sides=left,right err=-0.194m hdg=+0.0° | OUT steer=-3.5° v=14.3
F000801 18:18:59.104 | raw: L(cx=94.8,a=2962,s=gue) R(cx=469.9,a=8479,s=gue) | prep: 2-line | bev: 2mask Lcx=None Rcx=618.3 center=320.0 swap=no | guide: midpoint sides=left,right err=-0.199m hdg=+0.0° | OUT steer=-3.5° v=14.3
F000802 18:18:59.401 | raw: L(cx=94.1,a=2892,s=gue) R(cx=468.9,a=8718,s=gue) | prep: 2-line | bev: 2mask Lcx=None Rcx=610.3 center=320.0 swap=no | guide: midpoint sides=left,right err=-0.207m hdg=+0.0° | OUT steer=-3.5° v=14.3
F000803 18:18:59.528 | raw: L(cx=89.8,a=2707,s=gue) R(cx=469.1,a=9157,s=gue) | prep: 2-line | bev: 2mask Lcx=None Rcx=600.3 center=320.0 swap=no | guide: midpoint sides=left,right err=-0.213m hdg=+0.0° | OUT steer=-3.5° v=14.3
F000804 18:18:59.671 | raw: L(cx=91.1,a=2642,s=gue) R(cx=470.6,a=9637,s=gue) | prep: 2-line | bev: 2mask Lcx=None Rcx=590.3 center=320.0 swap=no | guide: midpoint sides=left,right err=-0.221m hdg=+0.0° | OUT steer=-3.5° v=14.3
F000805 18:18:59.800 | raw: L(cx=95.7,a=2562,s=gue) R(cx=467.0,a=9278,s=gue) | prep: 2-line | bev: 2mask Lcx=None Rcx=582.9 center=320.0 swap=no | guide: midpoint sides=left,right err=-0.229m hdg=+0.0° | OUT steer=-3.5° v=14.3
F000806 18:18:59.906 | raw: L(cx=95.7,a=2562,s=gue) R(cx=467.0,a=9278,s=gue) | prep: 2-line | bev: 2mask Lcx=None Rcx=582.9 center=320.0 swap=no | guide: midpoint sides=left,right err=-0.234m hdg=+0.0° | OUT steer=-3.5° v=14.3
F000807 18:19:00.083 | raw: L(cx=98.8,a=2518,s=gue) R(cx=466.3,a=9879,s=gue) | prep: 2-line | bev: 2mask Lcx=None Rcx=571.5 center=320.0 swap=no | guide: midpoint sides=left,right err=-0.239m hdg=+0.0° | OUT steer=-3.5° v=14.3
F000808 18:19:00.220 | raw: L(cx=92.4,a=2437,s=gue) R(cx=465.3,a=10008,s=gue) | prep: 2-line | bev: 2mask Lcx=None Rcx=568.5 center=320.0 swap=no | guide: midpoint sides=left,right err=-0.245m hdg=+0.0° | OUT steer=-3.5° v=14.3
F000809 18:19:00.338 | raw: L(cx=92.9,a=2400,s=gue) R(cx=464.2,a=10200,s=gue) | prep: 2-line | bev: 2mask Lcx=None Rcx=564.9 center=320.0 swap=no | guide: midpoint sides=left,right err=-0.226m hdg=+0.0° | OUT steer=-3.5° v=14.3
F000810 18:19:00.599 | raw: L(cx=95.3,a=2430,s=gue) R(cx=456.7,a=10061,s=gue) | prep: 2-line | bev: 2mask Lcx=None Rcx=553.8 center=320.0 swap=no | guide: midpoint sides=left,right err=-0.213m hdg=+0.0° | OUT steer=-3.5° v=10.0
F000811 18:19:00.715 | raw: L(cx=101.5,a=2465,s=gue) R(cx=450.6,a=10076,s=gue) | prep: 2-line | bev: 2mask Lcx=None Rcx=543.7 center=320.0 swap=no | guide: midpoint sides=left,right err=-0.196m hdg=+0.0° | OUT steer=-3.1° v=11.0
F000812 18:19:00.827 | raw: L(cx=101.5,a=2465,s=gue) R(cx=450.6,a=10076,s=gue) | prep: 2-line | bev: 2mask Lcx=None Rcx=543.7 center=320.0 swap=no | guide: midpoint sides=left,right err=-0.191m hdg=+0.0° | OUT steer=-2.8° v=10.0
F000813 18:19:01.029 | raw: L(cx=98.8,a=2422,s=gue) R(cx=435.9,a=9820,s=gue) | prep: 2-line | bev: 2mask Lcx=None Rcx=518.2 center=320.0 swap=no | guide: midpoint sides=left,right err=-0.184m hdg=+0.0° | OUT steer=-2.7° v=11.0
F000814 18:19:01.145 | raw: L(cx=97.4,a=2347,s=gue) R(cx=430.9,a=9652,s=gue) | prep: 2-line | bev: 2mask Lcx=None Rcx=508.5 center=320.0 swap=no | guide: midpoint sides=left,right err=-0.178m hdg=+0.0° | OUT steer=-2.7° v=12.0
F000815 18:19:01.263 | raw: L(cx=96.8,a=2206,s=gue) R(cx=422.2,a=9516,s=gue) | prep: 2-line | bev: 2mask Lcx=None Rcx=495.2 center=320.0 swap=no | guide: midpoint sides=left,right err=-0.161m hdg=+0.0° | OUT steer=-2.9° v=13.0
F000816 18:19:01.434 | raw: L(cx=92.8,a=2017,s=gue) R(cx=410.4,a=10146,s=gue) | prep: 2-line | bev: 2mask Lcx=None Rcx=463.5 center=320.0 swap=no | guide: midpoint sides=left,right err=-0.132m hdg=+0.0° | OUT steer=-3.1° v=14.0
F000817 18:19:01.553 | raw: L(cx=92.0,a=2009,s=gue) R(cx=405.8,a=10237,s=gue) | prep: 2-line | bev: 2mask Lcx=None Rcx=453.2 center=320.0 swap=no | guide: midpoint sides=left,right err=-0.120m hdg=+0.0° | OUT steer=-3.3° v=14.3
F000818 18:19:01.694 | raw: L(cx=92.3,a=1989,s=gue) R(cx=403.8,a=10271,s=gue) | prep: 2-line | bev: 2mask Lcx=None Rcx=446.6 center=320.0 swap=no | guide: midpoint sides=left,right err=-0.118m hdg=+0.0° | OUT steer=-3.4° v=14.3
F000819 18:19:01.818 | raw: L(cx=93.5,a=2019,s=gue) R(cx=400.9,a=10197,s=gue) | prep: 2-line | bev: 2mask Lcx=None Rcx=438.3 center=320.0 swap=no | guide: midpoint sides=left,right err=-0.116m hdg=+0.0° | OUT steer=-3.5° v=10.0
F000820 18:19:01.937 | raw: L(cx=93.5,a=2019,s=gue) R(cx=400.9,a=10197,s=gue) | prep: 2-line | bev: 2mask Lcx=None Rcx=438.3 center=320.0 swap=no | guide: midpoint sides=left,right err=-0.116m hdg=+0.0° | OUT steer=-3.1° v=10.0
F000821 18:19:02.049 | raw: L(cx=126.4,a=2719,s=gue) R(cx=398.6,a=10263,s=gue) | prep: 2-line | bev: 2mask Lcx=None Rcx=431.7 center=320.0 swap=no | guide: midpoint sides=left,right err=-0.105m hdg=+0.0° | OUT steer=-2.7° v=10.0
F000822 18:19:02.252 | raw: L(cx=98.7,a=2148,s=gue) R(cx=401.0,a=10210,s=gue) | prep: 2-line | bev: 2mask Lcx=None Rcx=434.5 center=320.0 swap=no | guide: midpoint sides=left,right err=-0.104m hdg=+0.0° | OUT steer=-2.6° v=10.0
F000823 18:19:02.387 | raw: L(cx=150.4,a=3069,s=gue) R(cx=406.6,a=10175,s=gue) | prep: 2-line | bev: 2mask Lcx=None Rcx=445.4 center=320.0 swap=no | guide: midpoint sides=left,right err=-0.107m hdg=+0.0° | OUT steer=-2.6° v=10.0
F000824 18:19:02.506 | raw: L(cx=134.5,a=2874,s=gue) R(cx=413.3,a=10335,s=gue) | prep: 2-line | bev: 2mask Lcx=None Rcx=456.6 center=320.0 swap=no | guide: midpoint sides=left,right err=-0.101m hdg=+0.0° | OUT steer=-2.6° v=11.0
F000825 18:19:02.738 | raw: L(cx=148.6,a=3131,s=gue) R(cx=420.0,a=10478,s=gue) | prep: 2-line | bev: 2mask Lcx=None Rcx=467.3 center=320.0 swap=no | guide: midpoint sides=left,right err=-0.106m hdg=+0.0° | OUT steer=-2.7° v=10.0
F000826 18:19:02.859 | raw: L(cx=152.0,a=3236,s=gue) R(cx=428.8,a=10422,s=gue) | prep: 2-line | bev: 2mask Lcx=None Rcx=476.3 center=320.0 swap=no | guide: midpoint sides=left,right err=-0.100m hdg=+0.0° | OUT steer=-2.7° v=10.0
F000827 18:19:02.976 | raw: L(cx=139.2,a=3109,s=gue) R(cx=434.3,a=10492,s=gue) | prep: 2-line | bev: 2mask Lcx=None Rcx=485.2 center=320.0 swap=no | guide: midpoint sides=left,right err=-0.096m hdg=+0.0° | OUT steer=-2.6° v=11.0
F000828 18:19:03.244 | raw: L(cx=142.4,a=3223,s=gue) R(cx=434.3,a=10003,s=gue) | prep: 2-line | bev: 2mask Lcx=None Rcx=492.4 center=320.0 swap=no | guide: midpoint sides=left,right err=-0.094m hdg=+0.0° | OUT steer=-2.7° v=10.0
F000829 18:19:03.357 | raw: L(cx=145.8,a=3320,s=gue) R(cx=437.5,a=10159,s=gue) | prep: 2-line | bev: 2mask Lcx=None Rcx=500.3 center=320.0 swap=no | guide: midpoint sides=left,right err=-0.088m hdg=+0.0° | OUT steer=-2.7° v=10.0
F000830 18:19:03.479 | raw: L(cx=156.7,a=3565,s=gue) R(cx=449.1,a=9927,s=gue) | prep: 2-line | bev: 2mask Lcx=None Rcx=515.1 center=320.0 swap=no | guide: midpoint sides=left,right err=-0.083m hdg=+0.0° | OUT steer=-2.6° v=10.0
F000831 18:19:03.736 | raw: L(cx=147.7,a=3362,s=gue) R(cx=461.6,a=10086,s=gue) | prep: 2-line | bev: 2mask Lcx=None Rcx=531.4 center=320.0 swap=no | guide: midpoint sides=left,right err=-0.068m hdg=+0.0° | OUT steer=-2.6° v=10.0
F000832 18:19:03.855 | raw: L(cx=150.1,a=3378,s=gue) R(cx=457.3,a=9536,s=gue) | prep: 2-line | bev: 2mask Lcx=None Rcx=536.4 center=320.0 swap=no | guide: midpoint sides=left,right err=-0.064m hdg=+0.0° | OUT steer=-2.6° v=10.0
F000833 18:19:03.923 | raw: L(cx=150.1,a=3378,s=gue) R(cx=457.3,a=9536,s=gue) | prep: 2-line | bev: 2mask Lcx=None Rcx=536.4 center=320.0 swap=no | guide: ? sides=? err=? hdg=-0.8° | OUT steer=-2.6° v=10.0
F000834 18:19:04.048 | raw: L(cx=165.4,a=3733,s=gue) R(cx=463.4,a=9168,s=gue) | prep: 2-line | bev: 2mask Lcx=None Rcx=544.4 center=320.0 swap=no | guide: midpoint sides=left,right err=-0.053m hdg=+0.0° | OUT steer=-2.6° v=10.0
F000835 18:19:04.166 | raw: L(cx=173.0,a=4061,s=gue) R(cx=482.4,a=9458,s=gue) | prep: 2-line | bev: 2mask Lcx=None Rcx=551.4 center=320.0 swap=no | guide: midpoint sides=left,right err=-0.047m hdg=+0.0° | OUT steer=-2.6° v=11.0
F000836 18:19:04.280 | raw: L(cx=173.0,a=4061,s=gue) R(cx=482.4,a=9458,s=gue) | prep: 2-line | bev: 2mask Lcx=None Rcx=551.4 center=320.0 swap=no | guide: midpoint sides=left,right err=-0.047m hdg=+0.0° | OUT steer=-2.7° v=10.0
F000837 18:19:04.468 | raw: L(cx=173.2,a=4237,s=gue) R(cx=488.6,a=9366,s=gue) | prep: 2-line | bev: 2mask Lcx=None Rcx=555.4 center=320.0 swap=no | guide: midpoint sides=left,right err=-0.051m hdg=+0.0° | OUT steer=-2.7° v=10.0
F000838 18:19:04.585 | raw: L(cx=171.0,a=4369,s=gue) R(cx=500.7,a=8920,s=gue) | prep: 2-line | bev: 2mask Lcx=None Rcx=559.0 center=320.0 swap=no | guide: midpoint sides=left,right err=-0.029m hdg=+0.0° | OUT steer=-2.6° v=11.0
F000839 18:19:04.705 | raw: L(cx=173.0,a=4649,s=gue) R(cx=509.9,a=8516,s=gue) | prep: 2-line | bev: 2mask Lcx=None Rcx=563.8 center=320.0 swap=no | guide: midpoint sides=left,right err=-0.022m hdg=+0.0° | OUT steer=-2.7° v=12.0
F000840 18:19:04.878 | raw: L(cx=181.1,a=4885,s=gue) R(cx=520.6,a=8294,s=gue) | prep: 2-line | bev: 2mask Lcx=None Rcx=566.3 center=320.0 swap=no | guide: midpoint sides=left,right err=-0.086m hdg=+0.0° | OUT steer=-3.3° v=10.0
F000841 18:19:04.990 | raw: L(cx=189.8,a=5127,s=gue) R(cx=529.8,a=8170,s=gue) | prep: 2-line | bev: 2mask Lcx=None Rcx=567.6 center=320.0 swap=no | guide: midpoint sides=left,right err=-0.085m hdg=+0.0° | OUT steer=-3.9° v=10.0
F000842 18:19:05.147 | raw: L(cx=174.6,a=4918,s=gue) R(cx=533.4,a=7744,s=gue) | prep: 2-line | bev: 2mask Lcx=None Rcx=567.9 center=320.0 swap=no | guide: midpoint sides=left,right err=-0.087m hdg=+0.0° | OUT steer=-4.1° v=10.0
F000843 18:19:05.391 | raw: L(cx=183.2,a=5107,s=gue) R(cx=540.7,a=7850,s=gue) | prep: 2-line | bev: 2mask Lcx=None Rcx=570.9 center=320.0 swap=no | guide: midpoint sides=left,right err=-0.066m hdg=+0.0° | OUT steer=-4.2° v=10.0
F000844 18:19:05.508 | raw: L(cx=183.2,a=5107,s=gue) R(cx=540.7,a=7850,s=gue) | prep: 2-line | bev: 2mask Lcx=None Rcx=570.9 center=320.0 swap=no | guide: midpoint sides=left,right err=-0.057m hdg=+0.0° | OUT steer=-4.3° v=10.0
F000845 18:19:05.627 | raw: L(cx=185.4,a=5386,s=gue) R(cx=548.7,a=7539,s=gue) | prep: 2-line | bev: 2mask Lcx=None Rcx=569.7 center=320.0 swap=no | guide: midpoint sides=left,right err=-0.041m hdg=+0.0° | OUT steer=-4.3° v=10.0
F000846 18:19:05.881 | raw: L(cx=186.7,a=5611,s=gue) R(cx=553.4,a=7376,s=gue) | prep: 2-line | bev: 2mask Lcx=None Rcx=571.0 center=320.0 swap=no | guide: midpoint sides=left,right err=-0.034m hdg=+0.0° | OUT steer=-4.3° v=10.0
F000847 18:19:06.005 | raw: L(cx=189.6,a=5805,s=gue) R(cx=558.6,a=7280,s=gue) | prep: 2-line | bev: 2mask Lcx=None Rcx=572.5 center=320.0 swap=no | guide: midpoint sides=left,right err=-0.028m hdg=+0.0° | OUT steer=-4.3° v=10.0
F000848 18:19:06.108 | raw: L(cx=182.9,a=5766,s=gue) R(cx=564.0,a=7234,s=gue) | prep: 2-line | bev: 2mask Lcx=None Rcx=574.6 center=320.0 swap=no | guide: midpoint sides=left,right err=-0.022m hdg=+0.0° | OUT steer=-4.3° v=10.0
F000849 18:19:06.395 | raw: L(cx=173.4,a=5516,s=gue) R(cx=570.3,a=7066,s=gue) | prep: 2-line | bev: 2mask Lcx=None Rcx=576.4 center=320.0 swap=no | guide: midpoint sides=left,right err=-0.016m hdg=+0.0° | OUT steer=-4.3° v=10.0
F000850 18:19:06.510 | raw: L(cx=173.4,a=5516,s=gue) R(cx=570.3,a=7066,s=gue) | prep: 2-line | bev: 2mask Lcx=None Rcx=576.4 center=320.0 swap=no | guide: midpoint sides=left,right err=-0.016m hdg=+0.0° | OUT steer=-4.3° v=10.0
F000851 18:19:06.649 | raw: L(cx=177.0,a=5730,s=gue) R(cx=576.4,a=6972,s=gue) | prep: 2-line | bev: 2mask Lcx=None Rcx=580.5 center=320.0 swap=no | guide: midpoint sides=left,right err=-0.006m hdg=+0.0° | OUT steer=-4.3° v=10.0
F000852 18:19:06.997 | raw: L(cx=176.2,a=5770,s=gue) R(cx=582.3,a=6965,s=gue) | prep: 2-line | bev: 2mask Lcx=None Rcx=582.4 center=320.0 swap=no | guide: midpoint sides=left,right err=-0.001m hdg=+0.0° | OUT steer=-3.4° v=11.0
F000853 18:19:07.127 | raw: L(cx=228.2,a=7251,s=gue) R(cx=589.2,a=6949,s=gue) | prep: 2-line | bev: 2mask Lcx=None Rcx=585.7 center=320.0 swap=no | guide: midpoint sides=left,right err=0.003m hdg=+0.0° | OUT steer=-2.7° v=12.0
F000854 18:19:07.267 | raw: L(cx=214.9,a=6812,s=gue) R(cx=597.2,a=6548,s=gue) | prep: 2-line | bev: 2mask Lcx=None Rcx=585.2 center=320.0 swap=no | guide: midpoint sides=left,right err=0.009m hdg=+0.0° | OUT steer=-2.7° v=10.0
F000855 18:19:07.485 | raw: L(cx=218.4,a=7047,s=gue) R(cx=602.4,a=6114,s=gue) | prep: 2-line | bev: 2mask Lcx=None Rcx=586.8 center=320.0 swap=no | guide: midpoint sides=left,right err=0.012m hdg=+0.0° | OUT steer=-2.7° v=10.0
F000856 18:19:07.616 | raw: L(cx=250.1,a=7763,s=gue) R(cx=604.8,a=6283,s=gue) | prep: 2-line | bev: 2mask Lcx=None Rcx=589.8 center=320.0 swap=no | guide: midpoint sides=left,right err=0.014m hdg=+0.0° | OUT steer=-2.7° v=10.0
F000857 18:19:07.745 | raw: L(cx=250.1,a=7763,s=gue) R(cx=604.8,a=6283,s=gue) | prep: 2-line | bev: 2mask Lcx=None Rcx=589.8 center=320.0 swap=no | guide: midpoint sides=left,right err=0.014m hdg=+0.0° | OUT steer=-3.3° v=10.0
F000858 18:19:08.007 | raw: L(cx=221.7,a=7267,s=gue) R(cx=615.4,a=5880,s=gue) | prep: 2-line | bev: 2mask Lcx=None Rcx=593.7 center=320.0 swap=no | guide: midpoint sides=left,right err=0.021m hdg=+0.0° | OUT steer=-2.6° v=10.0
F000859 18:19:08.121 | raw: L(cx=230.5,a=7767,s=gue) R(cx=622.5,a=4823,s=gue) | prep: 2-line | bev: 2mask Lcx=None Rcx=595.7 center=320.0 swap=no | guide: midpoint sides=left,right err=0.024m hdg=+0.0° | OUT steer=-3.3° v=10.0
F000860 18:19:08.232 | raw: L(cx=242.4,a=8116,s=gue) R(cx=625.9,a=3679,s=gue) | prep: 2-line | bev: 2mask Lcx=None Rcx=597.4 center=320.0 swap=no | guide: midpoint sides=left,right err=0.030m hdg=+0.0° | OUT steer=-3.3° v=11.0
F000861 18:19:08.493 | raw: L(cx=231.1,a=8024,s=gue) R(cx=631.8,a=1750,s=gue) | prep: 2-line | bev: 2mask Lcx=None Rcx=600.0 center=320.0 swap=no | guide: midpoint sides=left,right err=0.024m hdg=+0.0° | OUT steer=-2.7° v=12.0
F000862 18:19:08.613 | raw: L(cx=244.3,a=8403,s=gue) R(cx=634.5,a=1016,s=gue) | prep: 2-line | bev: 2mask Lcx=None Rcx=600.3 center=320.0 swap=no | guide: midpoint sides=left,right err=0.017m hdg=+0.0° | OUT steer=-2.9° v=13.0
F000863 18:19:08.708 | raw: L(cx=255.6,a=8918,s=gue) R=none | prep: det=left res=left via=mask | bev: 1mask present=left cx=None center=320.0 correct=None swap=no | guide: single_line_physical sides=left err=0.083m hdg=+2.7° | OUT steer=-2.9° v=12.0
F000864 18:19:08.985 | raw: L(cx=257.7,a=9083,s=gue) R=none | prep: det=left res=left via=mask | bev: 1mask present=left cx=None center=320.0 correct=None swap=no | guide: midpoint sides=left err=0.051m hdg=+0.0° | OUT steer=-3.0° v=12.0
F000865 18:19:09.069 | raw: L(cx=261.5,a=9374,s=gue) R=none | prep: det=left res=left via=mask | bev: 1mask present=left cx=None center=320.0 correct=None swap=no | guide: midpoint sides=left err=0.054m hdg=+0.0° | OUT steer=-3.0° v=12.0
F000866 18:19:09.170 | raw: L(cx=261.3,a=9493,s=gue) R=none | prep: det=left res=left via=mask | bev: 1mask present=left cx=None center=320.0 correct=None swap=no | guide: midpoint sides=left err=0.052m hdg=+0.0° | OUT steer=-3.0° v=12.0
F000867 18:19:09.393 | raw: L(cx=262.3,a=9475,s=gue) R=none | prep: det=left res=left via=mask | bev: 1mask present=left cx=None center=320.0 correct=None swap=no | guide: midpoint sides=left err=0.052m hdg=+0.0° | OUT steer=-3.0° v=12.0
F000868 18:19:09.486 | raw: L(cx=260.0,a=9470,s=gue) R=none | prep: det=left res=left via=mask | bev: 1mask present=left cx=None center=320.0 correct=None swap=no | guide: midpoint sides=left err=0.051m hdg=+0.0° | OUT steer=-3.0° v=12.0
F000869 18:19:09.581 | raw: L(cx=260.0,a=9470,s=gue) R=none | prep: det=left res=left via=mask | bev: 1mask present=left cx=None center=320.0 correct=None swap=no | guide: midpoint sides=left err=0.051m hdg=+0.0° | OUT steer=-3.0° v=12.0
F000870 18:19:09.802 | raw: L(cx=248.0,a=9705,s=gue) R=none | prep: det=left res=left via=mask | bev: 1mask present=left cx=None center=320.0 correct=None swap=no | guide: midpoint sides=left err=0.051m hdg=+0.0° | OUT steer=-3.0° v=12.0
F000871 18:19:09.892 | raw: L(cx=243.5,a=9384,s=gue) R=none | prep: det=left res=left via=mask | bev: 1mask present=left cx=None center=320.0 correct=None swap=no | guide: single_line_physical sides=left err=0.060m hdg=+2.0° | OUT steer=-3.0° v=12.0
F000872 18:19:09.972 | raw: L(cx=239.3,a=9036,s=gue) R=none | prep: det=left res=left via=mask | bev: 1mask present=left cx=None center=320.0 correct=None swap=no | guide: midpoint sides=left err=0.049m hdg=+0.0° | OUT steer=-3.0° v=12.0
F000873 18:19:10.198 | raw: L(cx=255.7,a=9490,s=gue) R=none | prep: det=left res=left via=mask | bev: 1mask present=left cx=None center=320.0 correct=None swap=no | guide: midpoint sides=left err=0.051m hdg=+0.0° | OUT steer=-3.0° v=12.0
F000874 18:19:10.301 | raw: L(cx=240.2,a=9573,s=gue) R=none | prep: det=left res=left via=mask | bev: 1mask present=left cx=None center=320.0 correct=None swap=no | guide: single_line_physical sides=left err=0.065m hdg=+2.0° | OUT steer=-3.0° v=12.0
F000875 18:19:10.388 | raw: L(cx=243.2,a=9329,s=gue) R=none | prep: det=left res=left via=mask | bev: 1mask present=left cx=None center=320.0 correct=None swap=no | guide: midpoint sides=left err=0.054m hdg=+0.0° | OUT steer=-3.0° v=12.0
F000876 18:19:10.609 | raw: L(cx=251.0,a=9538,s=gue) R=none | prep: det=left res=left via=mask | bev: 1mask present=left cx=None center=320.0 correct=None swap=no | guide: midpoint sides=left err=0.058m hdg=+0.0° | OUT steer=-3.0° v=12.0
F000877 18:19:10.693 | raw: L(cx=251.1,a=10149,s=gue) R=none | prep: det=left res=left via=mask | bev: 1mask present=left cx=None center=320.0 correct=None swap=no | guide: single_line_physical sides=left err=0.075m hdg=+2.5° | OUT steer=-3.0° v=12.0
F000878 18:19:10.787 | raw: L(cx=252.6,a=10154,s=gue) R=none | prep: det=left res=left via=mask | bev: 1mask present=left cx=None center=320.0 correct=None swap=no | guide: midpoint sides=left err=0.059m hdg=+0.0° | OUT steer=-3.0° v=12.0
F000879 18:19:11.020 | raw: L(cx=238.7,a=9946,s=gue) R=none | prep: det=left res=left via=mask | bev: 1mask present=left cx=None center=320.0 correct=None swap=no | guide: midpoint sides=left err=0.061m hdg=+0.0° | OUT steer=-3.0° v=12.0
F000880 18:19:11.107 | raw: L(cx=239.3,a=10077,s=gue) R=none | prep: det=left res=left via=mask | bev: 1mask present=left cx=None center=320.0 correct=None swap=no | guide: midpoint sides=left err=0.062m hdg=+0.0° | OUT steer=-3.0° v=12.0
F000881 18:19:11.195 | raw: L(cx=240.5,a=10178,s=gue) R=none | prep: det=left res=left via=mask | bev: 1mask present=left cx=None center=320.0 correct=None swap=no | guide: midpoint sides=left err=0.064m hdg=+0.0° | OUT steer=-3.0° v=12.0
F000882 18:19:11.421 | raw: L(cx=240.7,a=10405,s=gue) R=none | prep: det=left res=left via=mask | bev: 1mask present=left cx=None center=320.0 correct=None swap=no | guide: midpoint sides=left err=0.072m hdg=+0.0° | OUT steer=-3.0° v=12.0
F000883 18:19:11.507 | raw: L(cx=239.8,a=10114,s=gue) R=none | prep: det=left res=left via=mask | bev: 1mask present=left cx=None center=320.0 correct=None swap=no | guide: midpoint sides=left err=0.078m hdg=+0.0° | OUT steer=-3.0° v=12.0
F000884 18:19:11.597 | raw: L(cx=242.5,a=10372,s=gue) R=none | prep: det=left res=left via=mask | bev: 1mask present=left cx=None center=320.0 correct=None swap=no | guide: midpoint sides=left err=0.079m hdg=+0.0° | OUT steer=-3.0° v=12.0
F000885 18:19:11.731 | raw: L(cx=243.9,a=10353,s=gue) R=none | prep: det=left res=left via=mask | bev: 1mask present=left cx=None center=320.0 correct=None swap=no | guide: midpoint sides=left err=0.080m hdg=+0.0° | OUT steer=-3.0° v=12.0
F000886 18:19:11.823 | raw: L(cx=240.6,a=10452,s=gue) R=none | prep: det=left res=left via=mask | bev: 1mask present=left cx=None center=320.0 correct=None swap=no | guide: midpoint sides=left err=0.079m hdg=+0.0° | OUT steer=-3.0° v=12.0
F000887 18:19:11.903 | raw: L(cx=242.8,a=10449,s=gue) R=none | prep: det=left res=left via=mask | bev: 1mask present=left cx=None center=320.0 correct=None swap=no | guide: midpoint sides=left err=0.080m hdg=+0.0° | OUT steer=-3.0° v=12.0
F000888 18:19:12.151 | raw: L(cx=247.1,a=10126,s=gue) R=none | prep: det=left res=left via=mask | bev: 1mask present=left cx=None center=320.0 correct=None swap=no | guide: midpoint sides=left err=0.084m hdg=+0.0° | OUT steer=-3.0° v=12.0
F000889 18:19:12.245 | raw: L(cx=247.1,a=10126,s=gue) R=none | prep: det=left res=left via=mask | bev: 1mask present=left cx=None center=320.0 correct=None swap=no | guide: midpoint sides=left err=0.084m hdg=+0.0° | OUT steer=-3.0° v=12.0
F000890 18:19:12.346 | raw: L(cx=254.6,a=10317,s=gue) R=none | prep: det=left res=left via=mask | bev: 1mask present=left cx=None center=320.0 correct=None swap=no | guide: midpoint sides=left err=0.084m hdg=+0.0° | OUT steer=-3.0° v=12.0
F000891 18:19:12.545 | raw: L(cx=249.8,a=10099,s=gue) R=none | prep: det=left res=left via=mask | bev: 1mask present=left cx=None center=320.0 correct=None swap=no | guide: midpoint sides=left err=0.085m hdg=+0.0° | OUT steer=-3.0° v=12.0
F000892 18:19:12.647 | raw: L(cx=252.4,a=9971,s=gue) R=none | prep: det=left res=left via=mask | bev: 1mask present=left cx=2.6 center=320.0 correct=left swap=no | guide: midpoint sides=left err=0.086m hdg=+0.0° | OUT steer=-3.0° v=12.0
F000893 18:19:12.742 | raw: L(cx=252.4,a=9971,s=gue) R=none | prep: det=left res=left via=mask | bev: 1mask present=left cx=2.6 center=320.0 correct=left swap=no | guide: midpoint sides=left err=0.086m hdg=+0.0° | OUT steer=-3.0° v=12.0
F000894 18:19:12.859 | raw: L(cx=254.5,a=10101,s=gue) R=none | prep: det=left res=left via=mask | bev: 1mask present=left cx=4.3 center=320.0 correct=left swap=no | guide: midpoint sides=left err=0.083m hdg=+0.0° | OUT steer=-3.0° v=12.0
F000895 18:19:12.949 | raw: L(cx=256.3,a=10112,s=gue) R=none | prep: det=left res=left via=mask | bev: 1mask present=left cx=4.2 center=320.0 correct=left swap=no | guide: midpoint sides=left err=0.086m hdg=+0.0° | OUT steer=-3.0° v=12.0
F000896 18:19:13.044 | raw: L(cx=256.4,a=10144,s=gue) R=none | prep: det=left res=left via=mask | bev: 1mask present=left cx=4.7 center=320.0 correct=left swap=no | guide: midpoint sides=left err=0.086m hdg=+0.0° | OUT steer=-3.0° v=12.0
F000897 18:19:13.287 | raw: L(cx=250.9,a=10365,s=gue) R=none | prep: det=left res=left via=mask | bev: 1mask present=left cx=4.6 center=320.0 correct=left swap=no | guide: midpoint sides=left err=0.086m hdg=+0.0° | OUT steer=-3.0° v=12.0
F000898 18:19:13.383 | raw: L(cx=251.9,a=10456,s=gue) R=none | prep: det=left res=left via=mask | bev: 1mask present=left cx=6.0 center=320.0 correct=left swap=no | guide: midpoint sides=left err=0.086m hdg=+0.0° | OUT steer=-3.0° v=12.0
F000899 18:19:13.466 | raw: L(cx=244.4,a=10505,s=gue) R=none | prep: det=left res=left via=mask | bev: 1mask present=left cx=6.5 center=320.0 correct=left swap=no | guide: midpoint sides=left err=0.087m hdg=+0.0° | OUT steer=-3.0° v=12.0
F000900 18:19:13.577 | raw: L(cx=244.8,a=10556,s=gue) R=none | prep: det=left res=left via=mask | bev: 1mask present=left cx=8.6 center=320.0 correct=left swap=no | guide: midpoint sides=left err=0.089m hdg=+0.0° | OUT steer=-3.0° v=12.0
F000901 18:19:13.674 | raw: L(cx=246.6,a=10360,s=gue) R=none | prep: det=left res=left via=mask | bev: 1mask present=left cx=10.1 center=320.0 correct=left swap=no | guide: midpoint sides=left err=0.093m hdg=+0.0° | OUT steer=-3.0° v=12.0
F000902 18:19:13.764 | raw: L(cx=245.8,a=10569,s=gue) R=none | prep: det=left res=left via=mask | bev: 1mask present=left cx=11.5 center=320.0 correct=left swap=no | guide: midpoint sides=left err=0.094m hdg=+0.0° | OUT steer=-3.0° v=12.0
F000903 18:19:13.978 | raw: L(cx=244.8,a=10577,s=gue) R=none | prep: det=left res=left via=mask | bev: 1mask present=left cx=13.0 center=320.0 correct=left swap=no | guide: midpoint sides=left err=0.096m hdg=+0.0° | OUT steer=-3.0° v=12.0
F000904 18:19:14.068 | raw: L(cx=244.6,a=10582,s=gue) R=none | prep: det=left res=left via=mask | bev: 1mask present=left cx=13.6 center=320.0 correct=left swap=no | guide: midpoint sides=left err=0.096m hdg=+0.0° | OUT steer=-3.0° v=12.0
F000905 18:19:14.162 | raw: L(cx=247.1,a=10758,s=gue) R=none | prep: det=left res=left via=mask | bev: 1mask present=left cx=15.2 center=320.0 correct=left swap=no | guide: midpoint sides=left err=0.097m hdg=+0.0° | OUT steer=-3.0° v=12.0
F000906 18:19:14.383 | raw: L=none R(cx=368.2,a=6294,s=gue) | prep: det=right res=left via=mask | bev: 1mask present=left cx=14.1 center=320.0 correct=left swap=no | guide: midpoint sides=left err=0.097m hdg=+0.0° | OUT steer=-3.0° v=12.0
F000907 18:19:14.468 | raw: L(cx=247.0,a=10884,s=gue) R=none | prep: det=left res=left via=mask | bev: 1mask present=left cx=19.7 center=320.0 correct=left swap=no | guide: midpoint sides=left err=0.099m hdg=+0.0° | OUT steer=-3.0° v=12.0
F000908 18:19:14.550 | raw: L(cx=243.8,a=11078,s=gue) R=none | prep: det=left res=left via=mask | bev: 1mask present=left cx=19.8 center=320.0 correct=left swap=no | guide: midpoint sides=left err=0.097m hdg=+0.0° | OUT steer=-3.0° v=12.0
F000909 18:19:14.691 | raw: L=none R(cx=252.3,a=10476,s=gue) | prep: det=right res=left via=mask | bev: 1mask present=left cx=21.5 center=320.0 correct=left swap=no | guide: midpoint sides=left err=0.101m hdg=+0.0° | OUT steer=-3.0° v=12.0
F000910 18:19:14.776 | raw: L=none R(cx=315.4,a=7918,s=gue) | prep: det=right res=left via=mask | bev: 1mask present=left cx=23.3 center=320.0 correct=left swap=no | guide: midpoint sides=left err=0.102m hdg=+0.0° | OUT steer=-3.0° v=12.0
F000911 18:19:14.867 | raw: L=none R(cx=254.0,a=10519,s=gue) | prep: det=right res=left via=mask | bev: 1mask present=left cx=24.9 center=320.0 correct=left swap=no | guide: midpoint sides=left err=0.103m hdg=+0.0° | OUT steer=-3.0° v=12.0
F000912 18:19:14.999 | raw: L=none R(cx=436.4,a=4558,s=gue) | prep: det=right res=left via=mask | bev: 1mask present=left cx=None center=320.0 correct=None swap=no | guide: midpoint sides=left err=0.192m hdg=+0.0° | OUT steer=-3.0° v=12.0
F000913 18:19:15.098 | raw: L=none R(cx=436.4,a=4558,s=gue) | prep: det=right res=left via=mask | bev: 1mask present=left cx=None center=320.0 correct=None swap=no | guide: midpoint sides=left err=0.192m hdg=+0.0° | OUT steer=-3.0° v=12.0
F000914 18:19:15.196 | raw: L=none R(cx=437.2,a=4557,s=gue) | prep: det=right res=left via=mask | bev: 1mask present=left cx=None center=320.0 correct=None swap=no | guide: midpoint sides=left err=0.192m hdg=+0.0° | OUT steer=-3.0° v=12.0
F000915 18:19:15.306 | raw: L=none R(cx=439.3,a=4496,s=gue) | prep: det=right res=left via=mask | bev: 1mask present=left cx=None center=320.0 correct=None swap=no | guide: midpoint sides=left err=0.192m hdg=+0.0° | OUT steer=-3.0° v=12.0
F000916 18:19:15.402 | raw: L=none R(cx=440.1,a=4482,s=gue) | prep: det=right res=left via=mask | bev: 1mask present=left cx=None center=320.0 correct=None swap=no | guide: midpoint sides=left err=0.192m hdg=+0.0° | OUT steer=-3.0° v=12.0
F000917 18:19:15.496 | raw: L=none R(cx=440.8,a=4578,s=gue) | prep: det=right res=left via=mask | bev: 1mask present=left cx=None center=320.0 correct=None swap=no | guide: midpoint sides=left err=0.192m hdg=+0.0° | OUT steer=-3.0° v=12.0
F000918 18:19:15.614 | raw: L=none R(cx=441.7,a=4507,s=gue) | prep: det=right res=left via=mask | bev: 1mask present=left cx=None center=320.0 correct=None swap=no | guide: midpoint sides=left err=0.192m hdg=+0.0° | OUT steer=-3.0° v=12.0
F000919 18:19:15.712 | raw: L=none R(cx=442.9,a=4561,s=gue) | prep: det=right res=left via=mask | bev: 1mask present=left cx=None center=320.0 correct=None swap=no | guide: midpoint sides=left err=0.192m hdg=+0.0° | OUT steer=-3.0° v=12.0
F000920 18:19:15.801 | raw: L=none R(cx=443.4,a=4544,s=gue) | prep: det=right res=left via=mask | bev: 1mask present=left cx=None center=320.0 correct=None swap=no | guide: midpoint sides=left err=0.192m hdg=+0.0° | OUT steer=-3.0° v=12.0
F000921 18:19:15.924 | raw: L=none R(cx=442.4,a=4530,s=gue) | prep: det=right res=left via=mask | bev: 1mask present=left cx=None center=320.0 correct=None swap=no | guide: midpoint sides=left err=0.192m hdg=+0.0° | OUT steer=-3.0° v=12.0
F000922 18:19:16.005 | raw: L=none R(cx=443.4,a=4413,s=gue) | prep: det=right res=left via=mask | bev: 1mask present=left cx=None center=320.0 correct=None swap=no | guide: midpoint sides=left err=0.192m hdg=+0.0° | OUT steer=-3.0° v=12.0
F000923 18:19:16.100 | raw: L=none R(cx=445.9,a=4495,s=gue) | prep: det=right res=left via=mask | bev: 1mask present=left cx=None center=320.0 correct=None swap=no | guide: midpoint sides=left err=0.192m hdg=+0.0° | OUT steer=-3.0° v=12.0
F000924 18:19:16.231 | raw: L=none R(cx=447.9,a=4398,s=gue) | prep: det=right res=left via=mask | bev: 1mask present=left cx=None center=320.0 correct=None swap=no | guide: midpoint sides=left err=0.192m hdg=+0.0° | OUT steer=-3.0° v=12.0
F000925 18:19:16.322 | raw: L=none R(cx=447.9,a=4398,s=gue) | prep: det=right res=left via=mask | bev: 1mask present=left cx=None center=320.0 correct=None swap=no | guide: midpoint sides=left err=0.193m hdg=+0.0° | OUT steer=-3.0° v=12.0
F000926 18:19:16.417 | raw: L=none R(cx=447.5,a=4474,s=gue) | prep: det=right res=left via=mask | bev: 1mask present=left cx=None center=320.0 correct=None swap=no | guide: midpoint sides=left err=0.193m hdg=+0.0° | OUT steer=-3.0° v=12.0
F000927 18:19:16.630 | raw: L=none R(cx=450.6,a=4430,s=gue) | prep: det=right res=left via=mask | bev: 1mask present=left cx=None center=320.0 correct=None swap=no | guide: midpoint sides=left err=0.193m hdg=+0.0° | OUT steer=-3.0° v=12.0
F000928 18:19:16.720 | raw: L=none R(cx=449.7,a=4392,s=gue) | prep: det=right res=left via=mask | bev: 1mask present=left cx=None center=320.0 correct=None swap=no | guide: midpoint sides=left err=0.193m hdg=+0.0° | OUT steer=-3.0° v=12.0
F000929 18:19:16.822 | raw: L=none R(cx=449.7,a=4392,s=gue) | prep: det=right res=left via=mask | bev: 1mask present=left cx=None center=320.0 correct=None swap=no | guide: midpoint sides=left err=0.193m hdg=+0.0° | OUT steer=-3.0° v=12.0
F000930 18:19:16.961 | raw: L=none R(cx=450.5,a=4432,s=gue) | prep: det=right res=left via=mask | bev: 1mask present=left cx=None center=320.0 correct=None swap=no | guide: midpoint sides=left err=0.193m hdg=+0.0° | OUT steer=-3.0° v=12.0
F000931 18:19:17.068 | raw: L=none R(cx=451.6,a=4465,s=gue) | prep: det=right res=left via=mask | bev: 1mask present=left cx=None center=320.0 correct=None swap=no | guide: midpoint sides=left err=0.193m hdg=+0.0° | OUT steer=-3.0° v=12.0
F000932 18:19:17.160 | raw: L=none R(cx=442.3,a=4729,s=gue) | prep: det=right res=left via=mask | bev: 1mask present=left cx=None center=320.0 correct=None swap=no | guide: midpoint sides=left err=0.193m hdg=+0.0° | OUT steer=-3.0° v=12.0
F000933 18:19:17.355 | raw: L=none R(cx=437.5,a=4850,s=gue) | prep: det=right res=left via=mask | bev: 1mask present=left cx=230.6 center=320.0 correct=left swap=no | guide: midpoint sides=left err=0.193m hdg=+0.0° | OUT steer=-3.0° v=12.0
F000934 18:19:17.438 | raw: L=none R(cx=437.5,a=4850,s=gue) | prep: det=right res=left via=mask | bev: 1mask present=left cx=230.6 center=320.0 correct=left swap=no | guide: midpoint sides=left err=0.193m hdg=+0.0° | OUT steer=-3.0° v=12.0
F000935 18:19:17.550 | raw: L=none R(cx=418.8,a=5361,s=gue) | prep: det=right res=left via=mask | bev: 1mask present=left cx=177.1 center=320.0 correct=left swap=no | guide: midpoint sides=left err=0.135m hdg=+1.4° | OUT steer=-3.0° v=12.0
F000936 18:19:17.655 | raw: L=none R(cx=365.1,a=7490,s=gue) | prep: det=right res=left via=mask | bev: 1mask present=left cx=127.0 center=320.0 correct=left swap=no | guide: midpoint sides=left err=0.133m hdg=+0.9° | OUT steer=-3.0° v=12.0
F000937 18:19:17.738 | raw: L=none R(cx=365.1,a=7490,s=gue) | prep: det=right res=left via=mask | bev: 1mask present=left cx=127.0 center=320.0 correct=left swap=no | guide: midpoint sides=left err=0.134m hdg=+0.6° | OUT steer=-3.0° v=12.0
F000938 18:19:17.821 | raw: L=none R(cx=359.8,a=7721,s=gue) | prep: det=right res=left via=mask | bev: 1mask present=left cx=129.0 center=320.0 correct=left swap=no | guide: midpoint sides=left err=0.135m hdg=+0.4° | OUT steer=-3.0° v=12.0
F000939 18:19:17.960 | raw: L=none R(cx=359.8,a=7721,s=gue) | prep: det=right res=left via=mask | bev: 1mask present=left cx=129.0 center=320.0 correct=left swap=no | guide: midpoint sides=left err=0.135m hdg=+0.3° | OUT steer=-3.0° v=12.0
F000940 18:19:18.050 | raw: L=none R(cx=382.0,a=6851,s=gue) | prep: det=right res=left via=mask | bev: 1mask present=left cx=133.2 center=320.0 correct=left swap=no | guide: midpoint sides=left err=0.135m hdg=+0.2° | OUT steer=-3.0° v=12.0
F000941 18:19:18.131 | raw: L=none R(cx=359.9,a=7764,s=gue) | prep: det=right res=left via=mask | bev: 1mask present=left cx=132.7 center=320.0 correct=left swap=no | guide: midpoint sides=left err=0.137m hdg=+0.1° | OUT steer=-3.0° v=12.0
F000942 18:19:18.358 | raw: L(cx=252.3,a=13491,s=gue) R=none | prep: det=left res=left via=mask | bev: 1mask present=left cx=118.7 center=320.0 correct=left swap=no | guide: single_line_physical sides=left err=0.130m hdg=+2.4° | OUT steer=-3.0° v=12.0
F000943 18:19:18.444 | raw: L(cx=255.5,a=13415,s=gue) R=none | prep: det=left res=left via=mask | bev: 1mask present=left cx=122.4 center=320.0 correct=left swap=no | guide: single_line_physical sides=left err=0.130m hdg=+2.5° | OUT steer=-3.0° v=12.0
F000944 18:19:18.514 | raw: L=none R=none | prep: 2-line | bev: bev=skipped swap=no | guide: legacy_line_fit sides=? err=? hdg=-0.8° | OUT steer=-3.0° v=13.0
F000945 18:19:18.745 | raw: L=none R=none | prep: 2-line | bev: bev=skipped swap=no | guide: legacy_line_fit sides=? err=? hdg=-0.8° | OUT steer=-3.2° v=14.0
F000946 18:19:18.807 | raw: L=none R=none | prep: 2-line | bev: bev=skipped swap=no | guide: legacy_line_fit sides=? err=? hdg=-0.8° | OUT steer=-3.4° v=14.3
F000947 18:19:18.892 | raw: L=none R(cx=462.7,a=3919,s=gue) | prep: det=right res=left via=mask | bev: 1mask present=left cx=None center=320.0 correct=None swap=no | guide: midpoint sides=left err=0.192m hdg=+0.0° | OUT steer=-3.0° v=12.0
F000948 18:19:18.984 | raw: L=none R(cx=462.7,a=3919,s=gue) | prep: det=right res=left via=mask | bev: 1mask present=left cx=None center=320.0 correct=None swap=no | guide: midpoint sides=left err=0.192m hdg=+0.0° | OUT steer=-3.0° v=12.0
F000949 18:19:19.267 | raw: L=none R(cx=461.9,a=4023,s=gue) | prep: det=right res=left via=mask | bev: 1mask present=left cx=None center=320.0 correct=None swap=no | guide: midpoint sides=left err=0.192m hdg=+0.0° | OUT steer=-3.0° v=12.0
F000950 18:19:19.371 | raw: L=none R(cx=461.9,a=4023,s=gue) | prep: det=right res=left via=mask | bev: 1mask present=left cx=None center=320.0 correct=None swap=no | guide: midpoint sides=left err=0.192m hdg=+0.0° | OUT steer=-3.0° v=10.0
F000951 18:19:19.467 | raw: L=none R(cx=451.9,a=3979,s=gue) | prep: det=right res=left via=mask | bev: 1mask present=left cx=None center=320.0 correct=None swap=no | guide: midpoint sides=left err=0.192m hdg=+0.0° | OUT steer=-2.7° v=11.0
F000952 18:19:19.670 | raw: L=none R(cx=457.3,a=3971,s=gue) | prep: det=right res=left via=mask | bev: 1mask present=left cx=None center=320.0 correct=None swap=no | guide: single_line_physical sides=left err=0.193m hdg=+0.8° | OUT steer=-2.8° v=10.0
F000953 18:19:19.753 | raw: L=none R(cx=458.5,a=3831,s=gue) | prep: det=right res=left via=mask | bev: 1mask present=left cx=None center=320.0 correct=None swap=no | guide: single_line_physical sides=left err=0.193m hdg=+0.8° | OUT steer=-2.6° v=10.0
F000954 18:19:19.837 | raw: L=none R(cx=457.9,a=3605,s=gue) | prep: det=right res=left via=mask | bev: 1mask present=left cx=None center=320.0 correct=None swap=no | guide: single_line_physical sides=left err=0.193m hdg=+2.1° | OUT steer=-2.6° v=11.0
F000955 18:19:19.983 | raw: L=none R(cx=457.9,a=3605,s=gue) | prep: det=right res=left via=mask | bev: 1mask present=left cx=None center=320.0 correct=None swap=no | guide: single_line_physical sides=left err=0.193m hdg=+0.6° | OUT steer=-2.8° v=10.0
F000956 18:19:20.066 | raw: L=none R(cx=451.2,a=3722,s=gue) | prep: det=right res=left via=mask | bev: 1mask present=left cx=None center=320.0 correct=None swap=no | guide: single_line_physical sides=left err=0.193m hdg=+2.0° | OUT steer=-2.6° v=11.0
F000957 18:19:20.150 | raw: L=none R(cx=435.1,a=4039,s=gue) | prep: det=right res=left via=mask | bev: 1mask present=left cx=277.8 center=320.0 correct=left swap=no | guide: single_line_physical sides=left err=0.144m hdg=+2.9° | OUT steer=-2.6° v=12.0
F000958 18:19:20.373 | raw: L=none R=none | prep: 2-line | bev: bev=skipped swap=no | guide: legacy_line_fit sides=? err=? hdg=-0.8° | OUT steer=-3.0° v=13.0
F000959 18:19:20.462 | raw: L=none R=none | prep: 2-line | bev: bev=skipped swap=no | guide: legacy_line_fit sides=? err=? hdg=-0.8° | OUT steer=-3.2° v=14.0
F000960 18:19:20.547 | raw: L=none R(cx=432.2,a=4039,s=gue) | prep: det=right res=left via=mask | bev: 1mask present=left cx=300.7 center=320.0 correct=left swap=no | guide: single_line_physical sides=left err=0.152m hdg=+4.0° | OUT steer=-4.0° v=12.0
F000961 18:19:20.785 | raw: L(cx=242.5,a=12817,s=gue) R=none | prep: det=left res=left via=mask | bev: 1mask present=left cx=209.2 center=320.0 correct=left swap=no | guide: single_line_physical sides=left err=0.143m hdg=+3.5° | OUT steer=-3.5° v=12.0
F000962 18:19:20.875 | raw: L(cx=242.5,a=12817,s=gue) R=none | prep: det=left res=left via=mask | bev: 1mask present=left cx=209.2 center=320.0 correct=left swap=no | guide: single_line_physical sides=left err=0.143m hdg=+2.8° | OUT steer=-3.0° v=12.0
F000963 18:19:20.968 | raw: L(cx=248.6,a=11954,s=gue) R=none | prep: det=left res=left via=mask | bev: 1mask present=left cx=218.5 center=320.0 correct=left swap=no | guide: single_line_physical sides=left err=0.144m hdg=+3.8° | OUT steer=-3.8° v=12.0
F000964 18:19:21.193 | raw: L(cx=244.3,a=11833,s=gue) R=none | prep: det=left res=left via=mask | bev: 1mask present=left cx=217.5 center=320.0 correct=left swap=no | guide: single_line_physical sides=left err=0.143m hdg=+2.7° | OUT steer=-3.0° v=12.0
F000965 18:19:21.287 | raw: L(cx=247.1,a=11811,s=gue) R=none | prep: det=left res=left via=mask | bev: 1mask present=left cx=220.4 center=320.0 correct=left swap=no | guide: single_line_physical sides=left err=0.143m hdg=+2.7° | OUT steer=-3.0° v=12.0
F000966 18:19:21.371 | raw: L=none R(cx=383.2,a=4707,s=gue) | prep: det=right res=left via=mask | bev: 1mask present=left cx=280.0 center=320.0 correct=left swap=no | guide: single_line_physical sides=left err=0.154m hdg=+3.8° | OUT steer=-3.8° v=12.0
F000967 18:19:21.503 | raw: L=none R(cx=388.7,a=4410,s=gue) | prep: det=right res=left via=mask | bev: 1mask present=left cx=289.5 center=320.0 correct=left swap=no | guide: single_line_physical sides=left err=0.156m hdg=+3.2° | OUT steer=-3.2° v=12.0
F000968 18:19:21.592 | raw: L=none R(cx=359.1,a=5401,s=gue) | prep: det=right res=left via=mask | bev: 1mask present=left cx=272.6 center=320.0 correct=left swap=no | guide: single_line_physical sides=left err=0.150m hdg=+3.5° | OUT steer=-3.5° v=12.0
F000969 18:19:21.687 | raw: L=none R(cx=379.6,a=4528,s=gue) | prep: det=right res=left via=mask | bev: 1mask present=left cx=289.1 center=320.0 correct=left swap=no | guide: single_line_physical sides=left err=0.155m hdg=+3.7° | OUT steer=-3.7° v=12.0
F000970 18:19:21.818 | raw: L=none R(cx=311.7,a=7114,s=gue) | prep: det=right res=left via=mask | bev: 1mask present=left cx=242.4 center=320.0 correct=left swap=no | guide: single_line_physical sides=left err=0.146m hdg=+3.6° | OUT steer=-3.6° v=12.0
F000971 18:19:21.915 | raw: L=none R(cx=289.8,a=8580,s=gue) | prep: det=right res=left via=mask | bev: 1mask present=left cx=235.2 center=320.0 correct=left swap=no | guide: single_line_physical sides=left err=0.146m hdg=+3.7° | OUT steer=-3.7° v=12.0
F000972 18:19:22.008 | raw: L=none R(cx=289.8,a=8580,s=gue) | prep: det=right res=left via=mask | bev: 1mask present=left cx=235.2 center=320.0 correct=left swap=no | guide: single_line_physical sides=left err=0.146m hdg=+2.6° | OUT steer=-3.0° v=12.0
F000973 18:19:22.219 | raw: L=none R(cx=302.1,a=7565,s=gue) | prep: det=right res=left via=mask | bev: 1mask present=left cx=237.0 center=320.0 correct=left swap=no | guide: single_line_physical sides=left err=0.146m hdg=+2.4° | OUT steer=-3.0° v=12.0
F000974 18:19:22.300 | raw: L=none R(cx=291.2,a=8420,s=gue) | prep: det=right res=left via=mask | bev: 1mask present=left cx=240.9 center=320.0 correct=left swap=no | guide: single_line_physical sides=left err=0.146m hdg=+2.2° | OUT steer=-3.0° v=12.0
F000975 18:19:22.394 | raw: L(cx=272.9,a=9124,s=gue) R(cx=623.3,a=546,s=gue) | prep: det=None res=right via=mask dup=history | bev: 2mask Lcx=241.9 Rcx=None center=320.0 swap=no | guide: single_line_physical sides=right err=0.044m hdg=+14.0° | OUT steer=+14.0° v=12.0
F000976 18:19:22.640 | raw: L(cx=293.5,a=7512,s=gue) R(cx=616.6,a=737,s=gue) | prep: det=None res=right via=mask dup=history | bev: 2mask Lcx=237.6 Rcx=None center=320.0 swap=no | guide: single_line_physical sides=right err=0.044m hdg=+14.0° | OUT steer=+14.0° v=12.0
F000977 18:19:22.752 | raw: L(cx=288.5,a=7124,s=gue) R(cx=615.1,a=811,s=gue) | prep: det=None res=right via=mask dup=history | bev: 2mask Lcx=207.6 Rcx=None center=320.0 swap=no | guide: single_line_physical sides=right err=0.044m hdg=+14.0° | OUT steer=+14.0° v=12.0
F000978 18:19:22.867 | raw: L(cx=288.5,a=7124,s=gue) R(cx=615.1,a=811,s=gue) | prep: det=None res=right via=mask dup=history | bev: 2mask Lcx=207.6 Rcx=None center=320.0 swap=no | guide: single_line_physical sides=right err=0.044m hdg=+13.4° | OUT steer=+14.0° v=12.0
F000979 18:19:23.134 | raw: L(cx=297.1,a=6617,s=gue) R=none | prep: det=left res=left via=mask | bev: 1mask present=left cx=196.8 center=320.0 correct=left swap=no | guide: single_line_physical sides=left err=0.145m hdg=-0.0° | OUT steer=-3.0° v=12.0
F000980 18:19:23.232 | raw: L(cx=264.5,a=8512,s=gue) R(cx=608.7,a=1000,s=gue) | prep: det=None res=right via=mask dup=history | bev: 2mask Lcx=202.4 Rcx=None center=320.0 swap=no | guide: single_line_physical sides=right err=0.043m hdg=+5.0° | OUT steer=+5.0° v=12.0
F000981 18:19:23.339 | raw: L(cx=290.8,a=7332,s=gue) R(cx=608.2,a=1112,s=gue) | prep: det=None res=right via=mask dup=history | bev: 2mask Lcx=213.7 Rcx=None center=320.0 swap=no | guide: single_line_physical sides=right err=0.075m hdg=+0.6° | OUT steer=+2.2° v=12.0
F000982 18:19:23.544 | raw: L(cx=261.5,a=10040,s=gue) R(cx=606.0,a=1133,s=gue) | prep: det=None res=right via=mask dup=history | bev: 2mask Lcx=207.3 Rcx=None center=320.0 swap=no | guide: single_line_physical sides=right err=0.089m hdg=-11.9° | OUT steer=+11.9° v=10.0
F000983 18:19:23.653 | raw: L(cx=259.1,a=10154,s=gue) R(cx=601.5,a=1284,s=gue) | prep: det=None res=right via=mask dup=history | bev: 2mask Lcx=201.4 Rcx=None center=320.0 swap=no | guide: single_line_physical sides=right err=0.084m hdg=-3.1° | OUT steer=+5.4° v=11.0
F000984 18:19:23.746 | raw: L(cx=278.0,a=8274,s=gue) R(cx=601.2,a=1353,s=gue) | prep: det=None res=right via=mask dup=history | bev: 2mask Lcx=200.3 Rcx=None center=320.0 swap=no | guide: single_line_physical sides=right err=-0.032m hdg=-7.0° | OUT steer=+5.4° v=12.0
F000985 18:19:23.952 | raw: L(cx=265.3,a=9812,s=gue) R(cx=598.2,a=1477,s=gue) | prep: det=None res=right via=mask dup=history | bev: 2mask Lcx=195.2 Rcx=None center=320.0 swap=no | guide: single_line_physical sides=right err=0.087m hdg=-12.4° | OUT steer=+12.4° v=10.0
F000986 18:19:24.048 | raw: L(cx=265.4,a=9772,s=gue) R(cx=598.0,a=1468,s=gue) | prep: det=None res=right via=mask dup=history | bev: 2mask Lcx=191.6 Rcx=None center=320.0 swap=no | guide: single_line_physical sides=right err=-0.042m hdg=-15.1° | OUT steer=+12.4° v=10.0
F000987 18:19:24.138 | raw: L(cx=255.8,a=10415,s=gue) R(cx=594.4,a=1635,s=gue) | prep: det=None res=right via=mask dup=history | bev: 2mask Lcx=182.3 Rcx=None center=320.0 swap=no | guide: single_line_physical sides=right err=-0.046m hdg=-9.2° | OUT steer=+12.4° v=11.0
F000988 18:19:24.393 | raw: L(cx=254.5,a=10116,s=gue) R(cx=593.0,a=1810,s=gue) | prep: 2-line | bev: 2mask Lcx=174.6 Rcx=None center=320.0 swap=no | guide: midpoint sides=left,right err=0.400m hdg=+0.0° | OUT steer=+12.4° v=10.0
F000989 18:19:24.509 | raw: L(cx=247.0,a=10299,s=gue) R(cx=587.2,a=1996,s=gue) | prep: 2-line | bev: 2mask Lcx=163.5 Rcx=None center=320.0 swap=no | guide: midpoint sides=left,right err=0.352m hdg=+0.0° | OUT steer=-2.7° v=10.0
F000990 18:19:24.622 | raw: L(cx=245.7,a=10126,s=gue) R(cx=587.4,a=2040,s=gue) | prep: 2-line | bev: 2mask Lcx=155.3 Rcx=None center=320.0 swap=no | guide: midpoint sides=left,right err=0.317m hdg=+0.0° | OUT steer=-2.6° v=10.0
F000991 18:19:24.886 | raw: L(cx=243.0,a=10200,s=gue) R(cx=582.5,a=2282,s=gue) | prep: 2-line | bev: 2mask Lcx=148.7 Rcx=None center=320.0 swap=no | guide: midpoint sides=left,right err=0.304m hdg=+0.0° | OUT steer=-2.6° v=10.0
F000992 18:19:24.998 | raw: L(cx=238.1,a=10778,s=gue) R(cx=580.7,a=2278,s=gue) | prep: 2-line | bev: 2mask Lcx=137.1 Rcx=None center=320.0 swap=no | guide: midpoint sides=left,right err=0.288m hdg=+0.0° | OUT steer=-2.6° v=10.0
F000993 18:19:25.111 | raw: L(cx=225.1,a=11471,s=gue) R(cx=579.6,a=2403,s=gue) | prep: 2-line | bev: 2mask Lcx=120.3 Rcx=None center=320.0 swap=no | guide: midpoint sides=left,right err=0.257m hdg=+0.0° | OUT steer=-2.6° v=10.0
F000994 18:19:25.382 | raw: L(cx=220.9,a=11000,s=gue) R(cx=574.8,a=2581,s=gue) | prep: 2-line | bev: 2mask Lcx=108.0 Rcx=None center=320.0 swap=no | guide: midpoint sides=left,right err=0.231m hdg=+0.0° | OUT steer=-2.6° v=10.0
F000995 18:19:25.492 | raw: L(cx=214.2,a=11101,s=gue) R(cx=571.5,a=2801,s=gue) | prep: 2-line | bev: 2mask Lcx=98.8 Rcx=None center=320.0 swap=no | guide: midpoint sides=left,right err=0.201m hdg=+0.0° | OUT steer=-2.6° v=11.0
F000996 18:19:25.608 | raw: L(cx=214.2,a=11101,s=gue) R(cx=571.5,a=2801,s=gue) | prep: 2-line | bev: 2mask Lcx=98.8 Rcx=None center=320.0 swap=no | guide: midpoint sides=left,right err=0.200m hdg=+0.0° | OUT steer=-2.7° v=10.0
F000997 18:19:25.785 | raw: L(cx=209.3,a=10714,s=gue) R(cx=570.3,a=2876,s=gue) | prep: 2-line | bev: 2mask Lcx=89.2 Rcx=None center=320.0 swap=no | guide: midpoint sides=left,right err=0.190m hdg=+0.0° | OUT steer=-2.7° v=10.0
F000998 18:19:25.892 | raw: L(cx=205.4,a=10396,s=gue) R(cx=565.0,a=2965,s=gue) | prep: 2-line | bev: 2mask Lcx=81.6 Rcx=None center=320.0 swap=no | guide: midpoint sides=left,right err=0.174m hdg=+0.0° | OUT steer=-2.6° v=11.0
F000999 18:19:26.012 | raw: L(cx=202.0,a=10327,s=gue) R(cx=565.7,a=3118,s=gue) | prep: 2-line | bev: 2mask Lcx=78.3 Rcx=None center=320.0 swap=no | guide: midpoint sides=left,right err=0.161m hdg=+0.0° | OUT steer=-2.7° v=12.0
F001000 18:19:26.284 | raw: L(cx=196.9,a=10113,s=gue) R(cx=564.2,a=3289,s=gue) | prep: 2-line | bev: 2mask Lcx=68.7 Rcx=None center=320.0 swap=no | guide: midpoint sides=left,right err=0.150m hdg=+0.0° | OUT steer=-2.9° v=10.0
F001001 18:19:26.416 | raw: L(cx=185.8,a=9361,s=gue) R(cx=560.2,a=3523,s=gue) | prep: 2-line | bev: 2mask Lcx=62.8 Rcx=None center=320.0 swap=no | guide: midpoint sides=left,right err=0.093m hdg=+0.0° | OUT steer=-2.8° v=11.0
F001002 18:19:26.530 | raw: L(cx=185.8,a=9361,s=gue) R(cx=560.2,a=3523,s=gue) | prep: 2-line | bev: 2mask Lcx=62.8 Rcx=None center=320.0 swap=no | guide: midpoint sides=left,right err=0.084m hdg=+0.0° | OUT steer=-2.7° v=12.0
F001003 18:19:26.802 | raw: L(cx=177.2,a=9765,s=gue) R(cx=555.2,a=4009,s=gue) | prep: 2-line | bev: 2mask Lcx=58.8 Rcx=None center=320.0 swap=no | guide: midpoint sides=left,right err=0.075m hdg=+0.0° | OUT steer=-2.9° v=10.0
F001004 18:19:26.929 | raw: L(cx=173.7,a=9895,s=gue) R(cx=555.0,a=4313,s=gue) | prep: 2-line | bev: 2mask Lcx=57.5 Rcx=None center=320.0 swap=no | guide: midpoint sides=left,right err=0.068m hdg=+0.0° | OUT steer=-2.8° v=10.0
F001005 18:19:27.043 | raw: L(cx=173.7,a=9895,s=gue) R(cx=555.0,a=4313,s=gue) | prep: 2-line | bev: 2mask Lcx=57.5 Rcx=None center=320.0 swap=no | guide: midpoint sides=left,right err=0.067m hdg=+0.0° | OUT steer=-2.6° v=10.0
F001006 18:19:27.245 | raw: L(cx=173.7,a=9895,s=gue) R(cx=555.0,a=4313,s=gue) | prep: 2-line | bev: 2mask Lcx=57.5 Rcx=None center=320.0 swap=no | guide: ? sides=? err=? hdg=-0.8° | OUT steer=-2.6° v=10.0
F001007 18:19:27.375 | raw: L(cx=142.2,a=10046,s=gue) R(cx=540.1,a=5251,s=gue) | prep: 2-line | bev: 2mask Lcx=46.4 Rcx=None center=320.0 swap=no | guide: midpoint sides=left,right err=0.028m hdg=+0.0° | OUT steer=-2.6° v=11.0
F001008 18:19:27.494 | raw: L(cx=133.9,a=9837,s=gue) R(cx=538.7,a=5442,s=gue) | prep: 2-line | bev: 2mask Lcx=43.5 Rcx=None center=320.0 swap=no | guide: midpoint sides=left,right err=0.022m hdg=+0.0° | OUT steer=-2.7° v=12.0
F001009 18:19:27.807 | raw: L(cx=128.7,a=9861,s=gue) R(cx=535.9,a=5590,s=gue) | prep: 2-line | bev: 2mask Lcx=42.3 Rcx=None center=320.0 swap=no | guide: midpoint sides=left,right err=0.020m hdg=+0.0° | OUT steer=-2.9° v=13.0
F001010 18:19:27.921 | raw: L(cx=123.3,a=9641,s=gue) R(cx=534.0,a=5948,s=gue) | prep: 2-line | bev: 2mask Lcx=39.9 Rcx=None center=320.0 swap=no | guide: midpoint sides=left,right err=0.015m hdg=+0.0° | OUT steer=-3.1° v=14.0
F001011 18:19:28.037 | raw: L(cx=123.3,a=9641,s=gue) R(cx=534.0,a=5948,s=gue) | prep: 2-line | bev: 2mask Lcx=39.9 Rcx=None center=320.0 swap=no | guide: midpoint sides=left,right err=0.018m hdg=+0.0° | OUT steer=-3.3° v=14.3
F001012 18:19:28.326 | raw: L(cx=120.4,a=9739,s=gue) R(cx=533.9,a=5993,s=gue) | prep: 2-line | bev: 2mask Lcx=38.9 Rcx=None center=320.0 swap=no | guide: midpoint sides=left,right err=0.019m hdg=+0.0° | OUT steer=-3.4° v=14.3
F001013 18:19:28.449 | raw: L(cx=119.3,a=9668,s=gue) R(cx=532.1,a=6175,s=gue) | prep: 2-line | bev: 2mask Lcx=37.7 Rcx=None center=320.0 swap=no | guide: midpoint sides=left,right err=0.019m hdg=+0.0° | OUT steer=-3.5° v=14.3
F001014 18:19:28.587 | raw: L(cx=119.3,a=9668,s=gue) R(cx=532.1,a=6175,s=gue) | prep: 2-line | bev: 2mask Lcx=37.7 Rcx=None center=320.0 swap=no | guide: midpoint sides=left,right err=0.020m hdg=+0.0° | OUT steer=-3.5° v=14.3
F001015 18:19:28.815 | raw: L(cx=118.9,a=9712,s=gue) R(cx=530.5,a=6322,s=gue) | prep: 2-line | bev: 2mask Lcx=36.3 Rcx=None center=320.0 swap=no | guide: midpoint sides=left,right err=0.020m hdg=+0.0° | OUT steer=-3.5° v=14.3
F001016 18:19:28.927 | raw: L(cx=114.7,a=9359,s=gue) R(cx=527.1,a=6604,s=gue) | prep: 2-line | bev: 2mask Lcx=30.0 Rcx=None center=320.0 swap=no | guide: midpoint sides=left,right err=0.015m hdg=+0.0° | OUT steer=-3.5° v=14.3
F001017 18:19:29.041 | raw: L(cx=110.7,a=9269,s=gue) R(cx=525.9,a=6782,s=gue) | prep: 2-line | bev: 2mask Lcx=27.5 Rcx=None center=320.0 swap=no | guide: midpoint sides=left,right err=0.011m hdg=+0.0° | OUT steer=-3.5° v=14.3
F001018 18:19:29.324 | raw: L(cx=102.8,a=8985,s=gue) R(cx=521.9,a=7118,s=gue) | prep: 2-line | bev: 2mask Lcx=23.0 Rcx=None center=320.0 swap=no | guide: midpoint sides=left,right err=0.005m hdg=+0.0° | OUT steer=-3.5° v=14.3
F001019 18:19:29.460 | raw: L(cx=98.6,a=8682,s=gue) R(cx=521.6,a=7461,s=gue) | prep: 2-line | bev: 2mask Lcx=19.6 Rcx=None center=320.0 swap=no | guide: midpoint sides=left,right err=0.004m hdg=+0.0° | OUT steer=-3.5° v=14.3
F001020 18:19:29.579 | raw: L(cx=97.2,a=8333,s=gue) R(cx=520.5,a=7658,s=gue) | prep: 2-line | bev: 2mask Lcx=17.7 Rcx=None center=320.0 swap=no | guide: midpoint sides=left,right err=0.003m hdg=+0.0° | OUT steer=-3.5° v=14.3
F001021 18:19:29.818 | raw: L(cx=93.2,a=7876,s=gue) R(cx=517.0,a=7821,s=gue) | prep: 2-line | bev: 2mask Lcx=11.3 Rcx=633.1 center=320.0 swap=no | guide: midpoint sides=left,right err=0.002m hdg=+0.0° | OUT steer=-3.5° v=14.3
F001022 18:19:29.929 | raw: L(cx=93.2,a=7876,s=gue) R(cx=517.0,a=7821,s=gue) | prep: 2-line | bev: 2mask Lcx=11.3 Rcx=633.1 center=320.0 swap=no | guide: midpoint sides=left,right err=0.005m hdg=+0.0° | OUT steer=-3.5° v=14.3
F001023 18:19:30.034 | raw: L(cx=93.9,a=7722,s=gue) R(cx=516.4,a=7885,s=gue) | prep: 2-line | bev: 2mask Lcx=7.2 Rcx=629.3 center=320.0 swap=no | guide: midpoint sides=left,right err=0.004m hdg=+0.0° | OUT steer=-3.5° v=14.3
F001024 18:19:30.330 | raw: L(cx=92.6,a=7499,s=gue) R(cx=517.1,a=8198,s=gue) | prep: 2-line | bev: 2mask Lcx=None Rcx=626.2 center=320.0 swap=no | guide: midpoint sides=left,right err=0.004m hdg=+0.0° | OUT steer=-3.5° v=14.3
F001025 18:19:30.456 | raw: L(cx=93.3,a=7277,s=gue) R(cx=517.2,a=8349,s=gue) | prep: 2-line | bev: 2mask Lcx=None Rcx=625.0 center=320.0 swap=no | guide: midpoint sides=left,right err=0.004m hdg=+0.0° | OUT steer=-3.5° v=14.3
F001026 18:19:30.577 | raw: L(cx=93.0,a=7227,s=gue) R(cx=517.3,a=8238,s=gue) | prep: 2-line | bev: 2mask Lcx=None Rcx=622.7 center=320.0 swap=no | guide: midpoint sides=left,right err=0.005m hdg=+0.0° | OUT steer=-3.5° v=14.3
F001027 18:19:30.729 | raw: L(cx=93.0,a=7181,s=gue) R(cx=516.0,a=8323,s=gue) | prep: 2-line | bev: 2mask Lcx=None Rcx=623.0 center=320.0 swap=no | guide: midpoint sides=left,right err=0.005m hdg=+0.0° | OUT steer=-3.5° v=14.3
F001028 18:19:30.853 | raw: L(cx=92.7,a=6988,s=gue) R(cx=515.7,a=8492,s=gue) | prep: 2-line | bev: 2mask Lcx=None Rcx=621.0 center=320.0 swap=no | guide: midpoint sides=left,right err=0.006m hdg=+0.0° | OUT steer=-3.5° v=14.3
F001029 18:19:30.981 | raw: L(cx=92.7,a=6988,s=gue) R(cx=515.7,a=8492,s=gue) | prep: 2-line | bev: 2mask Lcx=None Rcx=621.0 center=320.0 swap=no | guide: midpoint sides=left,right err=0.007m hdg=+0.0° | OUT steer=-3.5° v=14.3
F001030 18:19:31.213 | raw: L(cx=91.9,a=6927,s=gue) R(cx=515.6,a=8437,s=gue) | prep: 2-line | bev: 2mask Lcx=None Rcx=619.9 center=320.0 swap=no | guide: midpoint sides=left,right err=0.006m hdg=+0.0° | OUT steer=-3.5° v=10.0
F001031 18:19:31.326 | raw: L(cx=91.3,a=6774,s=gue) R(cx=516.2,a=8340,s=gue) | prep: 2-line | bev: 2mask Lcx=None Rcx=620.0 center=320.0 swap=no | guide: midpoint sides=left,right err=0.006m hdg=+0.0° | OUT steer=-3.1° v=11.0
F001032 18:19:31.436 | raw: L(cx=91.3,a=6774,s=gue) R(cx=516.2,a=8340,s=gue) | prep: 2-line | bev: 2mask Lcx=None Rcx=620.0 center=320.0 swap=no | guide: midpoint sides=left,right err=0.006m hdg=+0.0° | OUT steer=-2.8° v=10.0
F001033 18:19:31.743 | raw: L(cx=91.1,a=6722,s=gue) R(cx=512.5,a=8727,s=gue) | prep: 2-line | bev: 2mask Lcx=None Rcx=617.8 center=320.0 swap=no | guide: midpoint sides=left,right err=0.004m hdg=+0.0° | OUT steer=-2.7° v=10.0
F001034 18:19:31.845 | raw: L(cx=89.1,a=6540,s=gue) R(cx=510.6,a=8677,s=gue) | prep: 2-line | bev: 2mask Lcx=None Rcx=616.9 center=320.0 swap=no | guide: midpoint sides=left,right err=0.001m hdg=+0.0° | OUT steer=-2.6° v=11.0
F001035 18:19:31.961 | raw: L(cx=88.7,a=6464,s=gue) R(cx=511.8,a=8629,s=gue) | prep: 2-line | bev: 2mask Lcx=None Rcx=616.4 center=320.0 swap=no | guide: midpoint sides=left,right err=0.002m hdg=+0.0° | OUT steer=-2.7° v=12.0
F001036 18:19:32.139 | raw: L(cx=89.2,a=6207,s=gue) R(cx=512.1,a=8590,s=gue) | prep: 2-line | bev: 2mask Lcx=None Rcx=614.1 center=320.0 swap=no | guide: midpoint sides=left,right err=-0.000m hdg=+0.0° | OUT steer=-2.9° v=13.0
F001037 18:19:32.251 | raw: L(cx=89.2,a=6207,s=gue) R(cx=512.1,a=8590,s=gue) | prep: 2-line | bev: 2mask Lcx=None Rcx=614.1 center=320.0 swap=no | guide: midpoint sides=left,right err=-0.000m hdg=+0.0° | OUT steer=-3.1° v=10.0
F001038 18:19:32.375 | raw: L(cx=89.1,a=6133,s=gue) R(cx=510.6,a=8699,s=gue) | prep: 2-line | bev: 2mask Lcx=None Rcx=614.0 center=320.0 swap=no | guide: midpoint sides=left,right err=-0.000m hdg=+0.0° | OUT steer=-2.9° v=11.0
F001039 18:19:32.654 | raw: L(cx=88.5,a=6202,s=gue) R(cx=512.4,a=8581,s=gue) | prep: 2-line | bev: 2mask Lcx=None Rcx=614.3 center=320.0 swap=no | guide: midpoint sides=left,right err=0.001m hdg=+0.0° | OUT steer=-2.7° v=10.0
F001040 18:19:32.786 | raw: L(cx=88.3,a=6275,s=gue) R(cx=507.3,a=8920,s=gue) | prep: 2-line | bev: 2mask Lcx=None Rcx=614.9 center=320.0 swap=no | guide: midpoint sides=left,right err=0.003m hdg=+0.0° | OUT steer=-2.7° v=10.0
F001041 18:19:32.896 | raw: L(cx=89.4,a=6333,s=gue) R(cx=511.4,a=8384,s=gue) | prep: 2-line | bev: 2mask Lcx=None Rcx=617.0 center=320.0 swap=no | guide: midpoint sides=left,right err=0.004m hdg=+0.0° | OUT steer=-2.6° v=10.0
F001042 18:19:33.065 | raw: L(cx=91.1,a=6673,s=gue) R(cx=509.4,a=8310,s=gue) | prep: 2-line | bev: 2mask Lcx=None Rcx=619.2 center=320.0 swap=no | guide: midpoint sides=left,right err=0.007m hdg=+0.0° | OUT steer=-2.6° v=10.0
F001043 18:19:33.183 | raw: L(cx=91.1,a=6663,s=gue) R(cx=511.4,a=8147,s=gue) | prep: 2-line | bev: 2mask Lcx=None Rcx=619.8 center=320.0 swap=no | guide: midpoint sides=left,right err=0.008m hdg=+0.0° | OUT steer=-2.6° v=10.0
F001044 18:19:33.298 | raw: L(cx=91.7,a=6780,s=gue) R(cx=517.3,a=8000,s=gue) | prep: 2-line | bev: 2mask Lcx=None Rcx=619.6 center=320.0 swap=no | guide: midpoint sides=left,right err=0.009m hdg=+0.0° | OUT steer=-2.6° v=10.0
F001045 18:19:33.481 | raw: L(cx=92.0,a=6781,s=gue) R(cx=518.0,a=8041,s=gue) | prep: 2-line | bev: 2mask Lcx=None Rcx=619.6 center=320.0 swap=no | guide: midpoint sides=left,right err=0.008m hdg=+0.0° | OUT steer=-2.6° v=10.0
F001046 18:19:33.613 | raw: L(cx=92.2,a=6842,s=gue) R(cx=517.1,a=8030,s=gue) | prep: 2-line | bev: 2mask Lcx=None Rcx=619.6 center=320.0 swap=no | guide: midpoint sides=left,right err=0.007m hdg=+0.0° | OUT steer=-2.6° v=10.0
F001047 18:19:33.749 | raw: L(cx=91.4,a=6752,s=gue) R(cx=517.1,a=8064,s=gue) | prep: 2-line | bev: 2mask Lcx=None Rcx=619.4 center=320.0 swap=no | guide: midpoint sides=left,right err=0.006m hdg=+0.0° | OUT steer=-2.6° v=10.0
F001048 18:19:33.938 | raw: L(cx=91.4,a=6752,s=gue) R(cx=517.1,a=8064,s=gue) | prep: 2-line | bev: 2mask Lcx=None Rcx=619.4 center=320.0 swap=no | guide: ? sides=? err=? hdg=-0.8° | OUT steer=-2.6° v=1.0
F001049 18:19:34.003 | raw: L(cx=91.4,a=6752,s=gue) R(cx=517.1,a=8064,s=gue) | prep: 2-line | bev: 2mask Lcx=None Rcx=619.4 center=320.0 swap=no | guide: ? sides=? err=? hdg=-0.8° | OUT steer=-2.4° v=1.0
F001050 18:19:34.075 | raw: L(cx=91.4,a=6752,s=gue) R(cx=517.1,a=8064,s=gue) | prep: 2-line | bev: 2mask Lcx=None Rcx=619.4 center=320.0 swap=no | guide: ? sides=? err=? hdg=-0.8° | OUT steer=-2.3° v=1.0
F001051 18:19:34.147 | raw: L(cx=91.4,a=6752,s=gue) R(cx=517.1,a=8064,s=gue) | prep: 2-line | bev: 2mask Lcx=None Rcx=619.4 center=320.0 swap=no | guide: ? sides=? err=? hdg=-0.8° | OUT steer=-2.3° v=1.0
F001052 18:19:34.247 | raw: L(cx=91.4,a=6752,s=gue) R(cx=517.1,a=8064,s=gue) | prep: 2-line | bev: 2mask Lcx=None Rcx=619.4 center=320.0 swap=no | guide: ? sides=? err=? hdg=-0.8° | OUT steer=-2.3° v=1.0
F001053 18:19:34.314 | raw: L(cx=91.4,a=6752,s=gue) R(cx=517.1,a=8064,s=gue) | prep: 2-line | bev: 2mask Lcx=None Rcx=619.4 center=320.0 swap=no | guide: ? sides=? err=? hdg=-0.8° | OUT steer=-2.3° v=2.0
F001054 18:19:34.401 | raw: L(cx=91.4,a=6752,s=gue) R(cx=517.1,a=8064,s=gue) | prep: 2-line | bev: 2mask Lcx=None Rcx=619.4 center=320.0 swap=no | guide: ? sides=? err=? hdg=-0.8° | OUT steer=-2.2° v=3.0
F001055 18:19:34.468 | raw: L(cx=91.4,a=6752,s=gue) R(cx=517.1,a=8064,s=gue) | prep: 2-line | bev: 2mask Lcx=None Rcx=619.4 center=320.0 swap=no | guide: ? sides=? err=? hdg=-0.8° | OUT steer=-2.2° v=4.0
F001056 18:19:34.648 | raw: L(cx=91.4,a=6752,s=gue) R(cx=517.1,a=8064,s=gue) | prep: 2-line | bev: 2mask Lcx=None Rcx=619.4 center=320.0 swap=no | guide: ? sides=? err=? hdg=-0.8° | OUT steer=-2.2° v=5.0
F001057 18:19:34.775 | raw: L(cx=94.1,a=6387,s=gue) R(cx=513.0,a=8326,s=gue) | prep: 2-line | bev: 2mask Lcx=None Rcx=616.3 center=320.0 swap=no | guide: midpoint sides=left,right err=0.000m hdg=+0.0° | OUT steer=-2.0° v=6.0
F001058 18:19:34.886 | raw: L(cx=95.1,a=6375,s=gue) R(cx=512.4,a=8396,s=gue) | prep: 2-line | bev: 2mask Lcx=None Rcx=616.4 center=320.0 swap=no | guide: midpoint sides=left,right err=-0.001m hdg=+0.0° | OUT steer=-1.5° v=7.0
F001059 18:19:35.165 | raw: L(cx=95.1,a=6375,s=gue) R(cx=512.4,a=8396,s=gue) | prep: 2-line | bev: 2mask Lcx=None Rcx=616.4 center=320.0 swap=no | guide: ? sides=? err=? hdg=-0.8° | OUT steer=-1.5° v=1.0
F001060 18:19:35.235 | raw: L(cx=95.1,a=6375,s=gue) R(cx=512.4,a=8396,s=gue) | prep: 2-line | bev: 2mask Lcx=None Rcx=616.4 center=320.0 swap=no | guide: ? sides=? err=? hdg=-0.8° | OUT steer=-1.2° v=2.0
F001061 18:19:35.342 | raw: L(cx=94.5,a=6263,s=gue) R(cx=514.1,a=8577,s=gue) | prep: 2-line | bev: 2mask Lcx=None Rcx=613.7 center=320.0 swap=no | guide: midpoint sides=left,right err=-0.003m hdg=+0.0° | OUT steer=-1.1° v=3.0
F001062 18:19:35.555 | raw: L(cx=94.5,a=6263,s=gue) R(cx=514.1,a=8577,s=gue) | prep: 2-line | bev: 2mask Lcx=None Rcx=613.7 center=320.0 swap=no | guide: ? sides=? err=? hdg=-0.8° | OUT steer=-1.1° v=1.0
F001063 18:19:35.624 | raw: L(cx=94.5,a=6263,s=gue) R(cx=514.1,a=8577,s=gue) | prep: 2-line | bev: 2mask Lcx=None Rcx=613.7 center=320.0 swap=no | guide: ? sides=? err=? hdg=-0.8° | OUT steer=-1.0° v=2.0
F001064 18:19:35.740 | raw: L(cx=95.3,a=6105,s=gue) R(cx=515.8,a=8626,s=gue) | prep: 2-line | bev: 2mask Lcx=None Rcx=612.2 center=320.0 swap=no | guide: midpoint sides=left,right err=-0.004m hdg=+0.0° | OUT steer=-0.6° v=3.0
F001065 18:19:35.876 | raw: L(cx=95.9,a=6080,s=gue) R(cx=516.3,a=8796,s=gue) | prep: 2-line | bev: 2mask Lcx=None Rcx=611.9 center=320.0 swap=no | guide: midpoint sides=left,right err=-0.003m hdg=+0.0° | OUT steer=-0.7° v=4.0
F001066 18:19:35.979 | raw: L(cx=95.9,a=6080,s=gue) R(cx=516.3,a=8796,s=gue) | prep: 2-line | bev: 2mask Lcx=None Rcx=611.9 center=320.0 swap=no | guide: ? sides=? err=? hdg=-0.8° | OUT steer=-0.8° v=5.0
F001067 18:19:36.057 | raw: L(cx=95.9,a=6080,s=gue) R(cx=516.3,a=8796,s=gue) | prep: 2-line | bev: 2mask Lcx=None Rcx=611.9 center=320.0 swap=no | guide: ? sides=? err=? hdg=-0.8° | OUT steer=-0.9° v=6.0
F001068 18:19:36.175 | raw: L(cx=96.4,a=5837,s=gue) R(cx=514.7,a=8985,s=gue) | prep: 2-line | bev: 2mask Lcx=None Rcx=609.8 center=320.0 swap=no | guide: midpoint sides=left,right err=-0.007m hdg=+0.0° | OUT steer=-1.2° v=7.0
F001069 18:19:36.367 | raw: L(cx=96.4,a=5837,s=gue) R(cx=514.7,a=8985,s=gue) | prep: 2-line | bev: 2mask Lcx=None Rcx=609.8 center=320.0 swap=no | guide: ? sides=? err=? hdg=-0.8° | OUT steer=-1.3° v=1.0
F001070 18:19:36.432 | raw: L(cx=96.4,a=5837,s=gue) R(cx=514.7,a=8985,s=gue) | prep: 2-line | bev: 2mask Lcx=None Rcx=609.8 center=320.0 swap=no | guide: ? sides=? err=? hdg=-0.8° | OUT steer=-1.2° v=1.0
F001071 18:19:36.509 | raw: L(cx=96.4,a=5837,s=gue) R(cx=514.7,a=8985,s=gue) | prep: 2-line | bev: 2mask Lcx=None Rcx=609.8 center=320.0 swap=no | guide: ? sides=? err=? hdg=-0.8° | OUT steer=-1.0° v=2.0
F001072 18:19:36.575 | raw: L(cx=96.4,a=5837,s=gue) R(cx=514.7,a=8985,s=gue) | prep: 2-line | bev: 2mask Lcx=None Rcx=609.8 center=320.0 swap=no | guide: ? sides=? err=? hdg=-0.8° | OUT steer=-1.0° v=3.0
F001073 18:19:36.814 | raw: L(cx=97.3,a=5465,s=gue) R(cx=513.9,a=8922,s=gue) | prep: 2-line | bev: 2mask Lcx=None Rcx=608.4 center=320.0 swap=no | guide: midpoint sides=left,right err=-0.013m hdg=+0.0° | OUT steer=-1.2° v=4.0
F001074 18:19:36.883 | raw: L(cx=97.3,a=5465,s=gue) R(cx=513.9,a=8922,s=gue) | prep: 2-line | bev: 2mask Lcx=None Rcx=608.4 center=320.0 swap=no | guide: ? sides=? err=? hdg=-0.8° | OUT steer=-1.2° v=5.0
F001075 18:19:36.994 | raw: L(cx=95.4,a=5406,s=gue) R(cx=513.7,a=8801,s=gue) | prep: 2-line | bev: 2mask Lcx=None Rcx=608.1 center=320.0 swap=no | guide: midpoint sides=left,right err=-0.016m hdg=+0.0° | OUT steer=-1.1° v=6.0
F001076 18:19:37.241 | raw: L(cx=96.5,a=5459,s=gue) R(cx=511.6,a=9106,s=gue) | prep: 2-line | bev: 2mask Lcx=None Rcx=606.8 center=320.0 swap=no | guide: midpoint sides=left,right err=-0.020m hdg=+0.0° | OUT steer=-1.5° v=7.0
F001077 18:19:37.351 | raw: L(cx=90.0,a=5281,s=gue) R(cx=510.8,a=9015,s=gue) | prep: 2-line | bev: 2mask Lcx=None Rcx=606.3 center=320.0 swap=no | guide: midpoint sides=left,right err=-0.021m hdg=+0.0° | OUT steer=-1.8° v=8.0
F001078 18:19:37.459 | raw: L(cx=89.6,a=5170,s=gue) R(cx=508.7,a=9168,s=gue) | prep: 2-line | bev: 2mask Lcx=None Rcx=605.2 center=320.0 swap=no | guide: midpoint sides=left,right err=-0.024m hdg=+0.0° | OUT steer=-2.0° v=9.0
F001079 18:19:37.616 | raw: L(cx=90.4,a=5264,s=gue) R(cx=507.0,a=9138,s=gue) | prep: 2-line | bev: 2mask Lcx=None Rcx=604.4 center=320.0 swap=no | guide: midpoint sides=left,right err=-0.025m hdg=+0.0° | OUT steer=-2.2° v=10.0
F001080 18:19:37.727 | raw: L(cx=90.3,a=5205,s=gue) R(cx=505.9,a=9120,s=gue) | prep: 2-line | bev: 2mask Lcx=None Rcx=603.2 center=320.0 swap=no | guide: midpoint sides=left,right err=-0.027m hdg=+0.0° | OUT steer=-2.5° v=11.0
F001081 18:19:37.842 | raw: L(cx=90.6,a=5243,s=gue) R(cx=507.0,a=9207,s=gue) | prep: 2-line | bev: 2mask Lcx=None Rcx=602.3 center=320.0 swap=no | guide: midpoint sides=left,right err=-0.028m hdg=+0.0° | OUT steer=-2.7° v=12.0
F001082 18:19:38.044 | raw: L(cx=91.6,a=5130,s=gue) R(cx=509.6,a=9147,s=gue) | prep: 2-line | bev: 2mask Lcx=None Rcx=601.1 center=320.0 swap=no | guide: midpoint sides=left,right err=-0.029m hdg=+0.0° | OUT steer=-2.9° v=13.0
F001083 18:19:38.164 | raw: L(cx=91.3,a=5121,s=gue) R(cx=509.1,a=9120,s=gue) | prep: 2-line | bev: 2mask Lcx=None Rcx=600.4 center=320.0 swap=no | guide: midpoint sides=left,right err=-0.031m hdg=+0.0° | OUT steer=-3.1° v=14.0
F001084 18:19:38.296 | raw: L(cx=91.2,a=5079,s=gue) R(cx=508.5,a=9181,s=gue) | prep: 2-line | bev: 2mask Lcx=None Rcx=600.0 center=320.0 swap=no | guide: midpoint sides=left,right err=-0.031m hdg=+0.0° | OUT steer=-3.3° v=14.3
F001085 18:19:38.461 | raw: L(cx=90.6,a=4968,s=gue) R(cx=505.6,a=9003,s=gue) | prep: 2-line | bev: 2mask Lcx=None Rcx=598.8 center=320.0 swap=no | guide: midpoint sides=left,right err=-0.034m hdg=+0.0° | OUT steer=-3.4° v=14.3
F001086 18:19:38.587 | raw: L(cx=90.6,a=4968,s=gue) R(cx=505.6,a=9003,s=gue) | prep: 2-line | bev: 2mask Lcx=None Rcx=598.8 center=320.0 swap=no | guide: midpoint sides=left,right err=-0.031m hdg=+0.0° | OUT steer=-3.5° v=14.3
F001087 18:19:38.705 | raw: L(cx=89.3,a=4900,s=gue) R(cx=504.1,a=9092,s=gue) | prep: 2-line | bev: 2mask Lcx=None Rcx=598.4 center=320.0 swap=no | guide: midpoint sides=left,right err=-0.031m hdg=+0.0° | OUT steer=-3.5° v=14.3
F001088 18:19:38.947 | raw: L(cx=89.6,a=4901,s=gue) R(cx=505.2,a=9162,s=gue) | prep: 2-line | bev: 2mask Lcx=None Rcx=597.9 center=320.0 swap=no | guide: midpoint sides=left,right err=-0.029m hdg=+0.0° | OUT steer=-3.5° v=14.3
F001089 18:19:39.063 | raw: L(cx=90.1,a=4771,s=gue) R(cx=502.3,a=9248,s=gue) | prep: 2-line | bev: 2mask Lcx=None Rcx=598.1 center=320.0 swap=no | guide: midpoint sides=left,right err=-0.031m hdg=+0.0° | OUT steer=-3.5° v=14.3
F001090 18:19:39.172 | raw: L(cx=90.1,a=4771,s=gue) R(cx=502.3,a=9248,s=gue) | prep: 2-line | bev: 2mask Lcx=None Rcx=598.1 center=320.0 swap=no | guide: midpoint sides=left,right err=-0.030m hdg=+0.0° | OUT steer=-3.5° v=14.3
F001091 18:19:39.369 | raw: L(cx=85.5,a=4489,s=gue) R(cx=501.0,a=9197,s=gue) | prep: 2-line | bev: 2mask Lcx=None Rcx=597.8 center=320.0 swap=no | guide: midpoint sides=left,right err=-0.032m hdg=+0.0° | OUT steer=-3.5° v=14.3
F001092 18:19:39.487 | raw: L(cx=85.0,a=4455,s=gue) R(cx=499.7,a=9333,s=gue) | prep: 2-line | bev: 2mask Lcx=None Rcx=597.6 center=320.0 swap=no | guide: midpoint sides=left,right err=-0.036m hdg=+0.0° | OUT steer=-3.5° v=14.3
F001093 18:19:39.603 | raw: L(cx=84.4,a=4484,s=gue) R(cx=498.2,a=9322,s=gue) | prep: 2-line | bev: 2mask Lcx=None Rcx=597.6 center=320.0 swap=no | guide: midpoint sides=left,right err=-0.036m hdg=+0.0° | OUT steer=-3.5° v=14.3
F001094 18:19:39.861 | raw: L(cx=83.0,a=4288,s=gue) R(cx=496.3,a=9355,s=gue) | prep: 2-line | bev: 2mask Lcx=None Rcx=597.6 center=320.0 swap=no | guide: midpoint sides=left,right err=-0.039m hdg=+0.0° | OUT steer=-3.5° v=14.3
F001095 18:19:39.990 | raw: L(cx=89.4,a=4477,s=gue) R(cx=496.1,a=9510,s=gue) | prep: 2-line | bev: 2mask Lcx=None Rcx=597.2 center=320.0 swap=no | guide: midpoint sides=left,right err=-0.039m hdg=+0.0° | OUT steer=-3.5° v=14.3
F001096 18:19:40.106 | raw: L(cx=84.1,a=4295,s=gue) R(cx=494.5,a=9432,s=gue) | prep: 2-line | bev: 2mask Lcx=None Rcx=596.8 center=320.0 swap=no | guide: midpoint sides=left,right err=-0.041m hdg=+0.0° | OUT steer=-3.5° v=14.3
F001097 18:19:40.366 | raw: L(cx=89.8,a=4496,s=gue) R(cx=494.0,a=9428,s=gue) | prep: 2-line | bev: 2mask Lcx=None Rcx=596.4 center=320.0 swap=no | guide: midpoint sides=left,right err=-0.044m hdg=+0.0° | OUT steer=-3.5° v=14.3
F001098 18:19:40.492 | raw: L(cx=92.5,a=4530,s=gue) R(cx=490.4,a=9503,s=gue) | prep: 2-line | bev: 2mask Lcx=None Rcx=594.8 center=320.0 swap=no | guide: midpoint sides=left,right err=-0.058m hdg=+0.0° | OUT steer=-3.5° v=14.3
F001099 18:19:40.605 | raw: L(cx=93.9,a=4540,s=gue) R(cx=491.3,a=9358,s=gue) | prep: 2-line | bev: 2mask Lcx=None Rcx=594.4 center=320.0 swap=no | guide: midpoint sides=left,right err=-0.062m hdg=+0.0° | OUT steer=-3.5° v=14.3
F001100 18:19:40.766 | raw: L(cx=86.7,a=4287,s=gue) R(cx=488.6,a=9559,s=gue) | prep: 2-line | bev: 2mask Lcx=None Rcx=594.0 center=320.0 swap=no | guide: midpoint sides=left,right err=-0.061m hdg=+0.0° | OUT steer=-3.5° v=14.3
F001101 18:19:40.881 | raw: L(cx=86.7,a=4287,s=gue) R(cx=488.6,a=9559,s=gue) | prep: 2-line | bev: 2mask Lcx=None Rcx=594.0 center=320.0 swap=no | guide: midpoint sides=left,right err=-0.058m hdg=+0.0° | OUT steer=-3.5° v=14.3
F001102 18:19:40.997 | raw: L(cx=87.9,a=4194,s=gue) R(cx=487.5,a=9588,s=gue) | prep: 2-line | bev: 2mask Lcx=None Rcx=593.7 center=320.0 swap=no | guide: midpoint sides=left,right err=-0.089m hdg=+0.0° | OUT steer=-3.5° v=14.3
F001103 18:19:41.277 | raw: L(cx=89.6,a=4261,s=gue) R(cx=484.9,a=9757,s=gue) | prep: 2-line | bev: 2mask Lcx=None Rcx=592.2 center=320.0 swap=no | guide: midpoint sides=left,right err=-0.098m hdg=+0.0° | OUT steer=-3.5° v=14.3
F001104 18:19:41.410 | raw: L(cx=92.3,a=4248,s=gue) R(cx=482.5,a=9586,s=gue) | prep: 2-line | bev: 2mask Lcx=None Rcx=589.7 center=320.0 swap=no | guide: midpoint sides=left,right err=-0.107m hdg=+0.0° | OUT steer=-3.5° v=14.3
F001105 18:19:41.541 | raw: L(cx=95.5,a=4262,s=gue) R(cx=483.3,a=9479,s=gue) | prep: 2-line | bev: 2mask Lcx=None Rcx=588.8 center=320.0 swap=no | guide: midpoint sides=left,right err=-0.112m hdg=+0.0° | OUT steer=-3.5° v=14.3
F001106 18:19:41.785 | raw: L(cx=95.3,a=4056,s=gue) R(cx=482.1,a=9658,s=gue) | prep: 2-line | bev: 2mask Lcx=None Rcx=588.3 center=320.0 swap=no | guide: midpoint sides=left,right err=-0.120m hdg=+0.0° | OUT steer=-3.5° v=14.3
F001107 18:19:41.905 | raw: L(cx=104.1,a=4280,s=gue) R(cx=481.7,a=9696,s=gue) | prep: 2-line | bev: 2mask Lcx=None Rcx=588.4 center=320.0 swap=no | guide: midpoint sides=left,right err=-0.124m hdg=+0.0° | OUT steer=-3.5° v=14.3
F001108 18:19:42.033 | raw: L(cx=96.3,a=4114,s=gue) R(cx=479.0,a=9666,s=gue) | prep: 2-line | bev: 2mask Lcx=None Rcx=587.4 center=320.0 swap=no | guide: midpoint sides=left,right err=-0.128m hdg=+0.0° | OUT steer=-3.5° v=14.3
F001109 18:19:42.294 | raw: L(cx=98.5,a=4108,s=gue) R(cx=476.9,a=9717,s=gue) | prep: 2-line | bev: 2mask Lcx=None Rcx=586.4 center=320.0 swap=no | guide: midpoint sides=left,right err=-0.134m hdg=+0.0° | OUT steer=-3.5° v=14.3
F001110 18:19:42.421 | raw: L(cx=99.2,a=4094,s=gue) R(cx=475.8,a=9719,s=gue) | prep: 2-line | bev: 2mask Lcx=None Rcx=586.0 center=320.0 swap=no | guide: midpoint sides=left,right err=-0.136m hdg=+0.0° | OUT steer=-3.5° v=14.3
F001111 18:19:42.550 | raw: L(cx=101.7,a=4193,s=gue) R(cx=475.4,a=9715,s=gue) | prep: 2-line | bev: 2mask Lcx=None Rcx=586.1 center=320.0 swap=no | guide: midpoint sides=left,right err=-0.134m hdg=+0.0° | OUT steer=-3.5° v=14.3
F001112 18:19:42.871 | raw: L(cx=105.2,a=4203,s=gue) R(cx=474.1,a=9832,s=gue) | prep: 2-line | bev: 2mask Lcx=None Rcx=585.3 center=320.0 swap=no | guide: midpoint sides=left,right err=-0.137m hdg=+0.0° | OUT steer=-3.5° v=14.3
F001113 18:19:43.004 | raw: L(cx=106.8,a=4153,s=gue) R(cx=470.5,a=9721,s=gue) | prep: 2-line | bev: 2mask Lcx=None Rcx=584.8 center=320.0 swap=no | guide: midpoint sides=left,right err=-0.144m hdg=+0.0° | OUT steer=-3.5° v=14.3
F001114 18:19:43.117 | raw: L(cx=106.8,a=4153,s=gue) R(cx=470.5,a=9721,s=gue) | prep: 2-line | bev: 2mask Lcx=None Rcx=584.8 center=320.0 swap=no | guide: midpoint sides=left,right err=-0.145m hdg=+0.0° | OUT steer=-3.5° v=14.3
F001115 18:19:43.404 | raw: L(cx=113.1,a=4189,s=gue) R(cx=470.6,a=9832,s=gue) | prep: 2-line | bev: 2mask Lcx=None Rcx=583.7 center=320.0 swap=no | guide: midpoint sides=left,right err=-0.151m hdg=+0.0° | OUT steer=-3.5° v=14.3
F001116 18:19:43.517 | raw: L(cx=114.1,a=4141,s=gue) R(cx=472.3,a=9722,s=gue) | prep: 2-line | bev: 2mask Lcx=None Rcx=583.7 center=320.0 swap=no | guide: midpoint sides=left,right err=-0.155m hdg=+0.0° | OUT steer=-3.5° v=14.3
F001117 18:19:43.623 | raw: L(cx=115.0,a=4116,s=gue) R(cx=470.2,a=9602,s=gue) | prep: 2-line | bev: 2mask Lcx=None Rcx=584.4 center=320.0 swap=no | guide: midpoint sides=left,right err=-0.154m hdg=+0.0° | OUT steer=-3.5° v=14.3
F001118 18:19:43.889 | raw: L(cx=119.3,a=4184,s=gue) R(cx=471.1,a=9711,s=gue) | prep: 2-line | bev: 2mask Lcx=None Rcx=584.8 center=320.0 swap=no | guide: midpoint sides=left,right err=-0.151m hdg=+0.0° | OUT steer=-3.5° v=10.0
F001119 18:19:44.006 | raw: L(cx=127.4,a=4547,s=gue) R(cx=477.7,a=9952,s=gue) | prep: 2-line | bev: 2mask Lcx=None Rcx=586.0 center=320.0 swap=no | guide: midpoint sides=left,right err=-0.139m hdg=+0.0° | OUT steer=-3.1° v=11.0
F001120 18:19:44.130 | raw: L(cx=131.7,a=4901,s=gue) R(cx=489.4,a=9691,s=gue) | prep: 2-line | bev: 2mask Lcx=None Rcx=588.1 center=320.0 swap=no | guide: midpoint sides=left,right err=-0.121m hdg=+0.0° | OUT steer=-2.8° v=12.0
F001121 18:19:44.410 | raw: L(cx=131.6,a=4991,s=gue) R(cx=491.4,a=9828,s=gue) | prep: 2-line | bev: 2mask Lcx=None Rcx=588.4 center=320.0 swap=no | guide: midpoint sides=left,right err=-0.115m hdg=+0.0° | OUT steer=-2.9° v=13.0
F001122 18:19:44.522 | raw: L(cx=122.3,a=5013,s=gue) R(cx=500.6,a=10140,s=gue) | prep: 2-line | bev: 2mask Lcx=None Rcx=588.8 center=320.0 swap=no | guide: midpoint sides=left,right err=-0.106m hdg=+0.0° | OUT steer=-3.1° v=14.0
F001123 18:19:44.636 | raw: L(cx=123.3,a=5038,s=gue) R(cx=500.9,a=9911,s=gue) | prep: 2-line | bev: 2mask Lcx=None Rcx=588.3 center=320.0 swap=no | guide: midpoint sides=left,right err=-0.084m hdg=+0.0° | OUT steer=-3.3° v=14.3
F001124 18:19:44.906 | raw: L(cx=127.6,a=5049,s=gue) R(cx=513.6,a=11858,s=gue) | prep: 2-line | bev: 2mask Lcx=None Rcx=589.4 center=320.0 swap=no | guide: midpoint sides=left,right err=-0.086m hdg=+0.0° | OUT steer=-3.4° v=14.3
F001125 18:19:45.030 | raw: L(cx=128.0,a=5013,s=gue) R(cx=511.4,a=10993,s=gue) | prep: 2-line | bev: 2mask Lcx=None Rcx=588.6 center=320.0 swap=no | guide: midpoint sides=left,right err=-0.103m hdg=+0.0° | OUT steer=-3.5° v=14.3
F001126 18:19:45.143 | raw: L(cx=128.0,a=5013,s=gue) R(cx=511.4,a=10993,s=gue) | prep: 2-line | bev: 2mask Lcx=None Rcx=588.6 center=320.0 swap=no | guide: midpoint sides=left,right err=-0.104m hdg=+0.0° | OUT steer=-3.5° v=14.3
F001127 18:19:45.426 | raw: L(cx=125.6,a=4957,s=gue) R(cx=504.7,a=10150,s=gue) | prep: 2-line | bev: 2mask Lcx=None Rcx=588.1 center=320.0 swap=no | guide: midpoint sides=left,right err=-0.105m hdg=+0.0° | OUT steer=-3.5° v=10.0
F001128 18:19:45.553 | raw: L(cx=136.0,a=5103,s=gue) R(cx=507.5,a=10691,s=gue) | prep: 2-line | bev: 2mask Lcx=None Rcx=588.0 center=320.0 swap=no | guide: midpoint sides=left,right err=-0.107m hdg=+0.0° | OUT steer=-3.1° v=11.0
F001129 18:19:45.678 | raw: L(cx=140.8,a=5255,s=gue) R(cx=512.9,a=11128,s=gue) | prep: 2-line | bev: 2mask Lcx=None Rcx=587.6 center=320.0 swap=no | guide: midpoint sides=left,right err=-0.091m hdg=+0.0° | OUT steer=-2.8° v=12.0
F001130 18:19:45.938 | raw: L(cx=146.4,a=5261,s=gue) R(cx=512.7,a=11137,s=gue) | prep: 2-line | bev: 2mask Lcx=None Rcx=587.4 center=320.0 swap=no | guide: midpoint sides=left,right err=-0.090m hdg=+0.0° | OUT steer=-2.9° v=13.0
F001131 18:19:46.070 | raw: L(cx=149.0,a=5300,s=gue) R(cx=508.2,a=10627,s=gue) | prep: 2-line | bev: 2mask Lcx=None Rcx=587.7 center=320.0 swap=no | guide: midpoint sides=left,right err=-0.086m hdg=+0.0° | OUT steer=-3.1° v=14.0
F001132 18:19:46.191 | raw: L(cx=154.2,a=5328,s=gue) R(cx=512.5,a=10686,s=gue) | prep: 2-line | bev: 2mask Lcx=None Rcx=586.9 center=320.0 swap=no | guide: midpoint sides=left,right err=-0.085m hdg=+0.0° | OUT steer=-3.3° v=14.3
F001133 18:19:46.441 | raw: L(cx=156.6,a=5471,s=gue) R(cx=513.4,a=10235,s=gue) | prep: 2-line | bev: 2mask Lcx=None Rcx=589.4 center=320.0 swap=no | guide: midpoint sides=left,right err=-0.072m hdg=+0.0° | OUT steer=-3.4° v=14.3
F001134 18:19:46.557 | raw: L(cx=158.4,a=5655,s=gue) R(cx=519.6,a=10351,s=gue) | prep: 2-line | bev: 2mask Lcx=None Rcx=590.1 center=320.0 swap=no | guide: midpoint sides=left,right err=-0.069m hdg=+0.0° | OUT steer=-3.5° v=14.3
F001135 18:19:46.667 | raw: L(cx=154.8,a=5578,s=gue) R(cx=523.3,a=10218,s=gue) | prep: 2-line | bev: 2mask Lcx=None Rcx=590.2 center=320.0 swap=no | guide: midpoint sides=left,right err=-0.065m hdg=+0.0° | OUT steer=-3.5° v=14.3
F001136 18:19:46.939 | raw: L(cx=148.4,a=5347,s=gue) R(cx=526.9,a=10058,s=gue) | prep: 2-line | bev: 2mask Lcx=None Rcx=590.4 center=320.0 swap=no | guide: midpoint sides=left,right err=-0.063m hdg=+0.0° | OUT steer=-3.5° v=14.3
F001137 18:19:47.058 | raw: L(cx=152.0,a=5579,s=gue) R(cx=528.5,a=10261,s=gue) | prep: 2-line | bev: 2mask Lcx=None Rcx=590.4 center=320.0 swap=no | guide: midpoint sides=left,right err=-0.063m hdg=+0.0° | OUT steer=-3.5° v=14.3
F001138 18:19:47.167 | raw: L(cx=153.4,a=5461,s=gue) R(cx=527.8,a=10167,s=gue) | prep: 2-line | bev: 2mask Lcx=None Rcx=589.9 center=320.0 swap=no | guide: midpoint sides=left,right err=-0.062m hdg=+0.0° | OUT steer=-3.5° v=14.3
F001139 18:19:47.448 | raw: L(cx=155.9,a=5582,s=gue) R(cx=525.1,a=9513,s=gue) | prep: 2-line | bev: 2mask Lcx=None Rcx=589.6 center=320.0 swap=no | guide: midpoint sides=left,right err=-0.063m hdg=+0.0° | OUT steer=-3.5° v=14.3
F001140 18:19:47.573 | raw: L(cx=163.0,a=5481,s=gue) R(cx=524.4,a=9659,s=gue) | prep: 2-line | bev: 2mask Lcx=None Rcx=588.9 center=320.0 swap=no | guide: midpoint sides=left,right err=-0.064m hdg=+0.0° | OUT steer=-3.5° v=14.3
F001141 18:19:47.692 | raw: L(cx=157.7,a=5658,s=gue) R(cx=524.6,a=9355,s=gue) | prep: 2-line | bev: 2mask Lcx=None Rcx=588.5 center=320.0 swap=no | guide: midpoint sides=left,right err=-0.065m hdg=+0.0° | OUT steer=-3.5° v=14.3
F001142 18:19:47.984 | raw: L(cx=160.0,a=5522,s=gue) R(cx=526.4,a=9470,s=gue) | prep: 2-line | bev: 2mask Lcx=None Rcx=588.1 center=320.0 swap=no | guide: midpoint sides=left,right err=-0.068m hdg=+0.0° | OUT steer=-3.5° v=10.0
F001143 18:19:48.121 | raw: L(cx=167.3,a=5511,s=gue) R(cx=527.3,a=9668,s=gue) | prep: 2-line | bev: 2mask Lcx=None Rcx=587.4 center=320.0 swap=no | guide: midpoint sides=left,right err=-0.072m hdg=+0.0° | OUT steer=-3.1° v=10.0
F001144 18:19:48.247 | raw: L(cx=165.4,a=5657,s=gue) R(cx=530.0,a=9439,s=gue) | prep: 2-line | bev: 2mask Lcx=None Rcx=586.2 center=320.0 swap=no | guide: midpoint sides=left,right err=-0.074m hdg=+0.0° | OUT steer=-2.7° v=10.0
F001145 18:19:48.381 | raw: L(cx=156.5,a=5517,s=gue) R(cx=526.3,a=9155,s=gue) | prep: 2-line | bev: 2mask Lcx=None Rcx=584.9 center=320.0 swap=no | guide: midpoint sides=left,right err=-0.078m hdg=+0.0° | OUT steer=-2.6° v=11.0
F001146 18:19:48.500 | raw: L(cx=165.6,a=5719,s=gue) R(cx=530.3,a=9133,s=gue) | prep: 2-line | bev: 2mask Lcx=None Rcx=582.8 center=320.0 swap=no | guide: midpoint sides=left,right err=-0.078m hdg=+0.0° | OUT steer=-2.7° v=12.0
F001147 18:19:48.612 | raw: L(cx=170.5,a=5843,s=gue) R(cx=529.9,a=8657,s=gue) | prep: 2-line | bev: 2mask Lcx=None Rcx=581.6 center=320.0 swap=no | guide: midpoint sides=left,right err=-0.082m hdg=+0.0° | OUT steer=-2.9° v=13.0
F001148 18:19:48.799 | raw: L(cx=172.2,a=5776,s=gue) R(cx=530.2,a=8809,s=gue) | prep: 2-line | bev: 2mask Lcx=None Rcx=581.2 center=320.0 swap=no | guide: midpoint sides=left,right err=-0.080m hdg=+0.0° | OUT steer=-3.1° v=14.0
F001149 18:19:48.909 | raw: L(cx=175.3,a=5905,s=gue) R(cx=531.5,a=8880,s=gue) | prep: 2-line | bev: 2mask Lcx=None Rcx=580.5 center=320.0 swap=no | guide: midpoint sides=left,right err=-0.079m hdg=+0.0° | OUT steer=-3.3° v=14.3
F001150 18:19:49.022 | raw: L(cx=179.7,a=5804,s=gue) R(cx=533.7,a=8853,s=gue) | prep: 2-line | bev: 2mask Lcx=None Rcx=580.4 center=320.0 swap=no | guide: midpoint sides=left,right err=-0.082m hdg=+0.0° | OUT steer=-3.4° v=14.3
F001151 18:19:49.203 | raw: L(cx=177.6,a=5733,s=gue) R(cx=534.3,a=8912,s=gue) | prep: 2-line | bev: 2mask Lcx=None Rcx=579.9 center=320.0 swap=no | guide: midpoint sides=left,right err=-0.085m hdg=+0.0° | OUT steer=-3.5° v=14.3
F001152 18:19:49.316 | raw: L(cx=182.3,a=5805,s=gue) R(cx=533.1,a=8262,s=gue) | prep: 2-line | bev: 2mask Lcx=None Rcx=581.1 center=320.0 swap=no | guide: midpoint sides=left,right err=-0.083m hdg=+0.0° | OUT steer=-3.5° v=14.3
F001153 18:19:49.431 | raw: L(cx=189.3,a=5848,s=gue) R(cx=539.4,a=8530,s=gue) | prep: 2-line | bev: 2mask Lcx=None Rcx=580.7 center=320.0 swap=no | guide: midpoint sides=left,right err=-0.081m hdg=+0.0° | OUT steer=-3.5° v=14.3
F001154 18:19:49.703 | raw: L(cx=170.5,a=5520,s=gue) R(cx=540.6,a=8574,s=gue) | prep: 2-line | bev: 2mask Lcx=None Rcx=578.9 center=320.0 swap=no | guide: midpoint sides=left,right err=-0.085m hdg=+0.0° | OUT steer=-3.5° v=14.3
F001155 18:19:49.815 | raw: L(cx=177.1,a=5643,s=gue) R(cx=544.1,a=8240,s=gue) | prep: 2-line | bev: 2mask Lcx=None Rcx=580.4 center=320.0 swap=no | guide: midpoint sides=left,right err=-0.085m hdg=+0.0° | OUT steer=-3.5° v=14.3
F001156 18:19:49.919 | raw: L(cx=180.3,a=5739,s=gue) R(cx=544.1,a=7867,s=gue) | prep: 2-line | bev: 2mask Lcx=None Rcx=581.2 center=320.0 swap=no | guide: midpoint sides=left,right err=-0.083m hdg=+0.0° | OUT steer=-3.5° v=10.0
F001157 18:19:50.110 | raw: L(cx=182.9,a=5794,s=gue) R(cx=545.8,a=7999,s=gue) | prep: 2-line | bev: 2mask Lcx=None Rcx=580.7 center=320.0 swap=no | guide: midpoint sides=left,right err=-0.086m hdg=+0.0° | OUT steer=-3.5° v=10.0
F001158 18:19:50.214 | raw: L(cx=191.6,a=5994,s=gue) R(cx=550.3,a=8007,s=gue) | prep: 2-line | bev: 2mask Lcx=None Rcx=581.0 center=320.0 swap=no | guide: midpoint sides=left,right err=-0.080m hdg=+0.0° | OUT steer=-3.6° v=10.0
F001159 18:19:50.320 | raw: L(cx=191.6,a=5994,s=gue) R(cx=550.3,a=8007,s=gue) | prep: 2-line | bev: 2mask Lcx=None Rcx=581.0 center=320.0 swap=no | guide: midpoint sides=left,right err=-0.080m hdg=+0.0° | OUT steer=-3.7° v=10.0
F001160 18:19:50.611 | raw: L(cx=204.0,a=6342,s=gue) R(cx=554.2,a=7878,s=gue) | prep: 2-line | bev: 2mask Lcx=None Rcx=580.8 center=320.0 swap=no | guide: midpoint sides=left,right err=-0.077m hdg=+0.0° | OUT steer=-3.8° v=10.0
F001161 18:19:50.731 | raw: L(cx=200.4,a=6243,s=gue) R(cx=554.7,a=7879,s=gue) | prep: 2-line | bev: 2mask Lcx=None Rcx=581.8 center=320.0 swap=no | guide: midpoint sides=left,right err=-0.075m hdg=+0.0° | OUT steer=-3.8° v=10.0
F001162 18:19:50.844 | raw: L(cx=188.1,a=5900,s=gue) R(cx=559.8,a=7755,s=gue) | prep: 2-line | bev: 2mask Lcx=None Rcx=582.3 center=320.0 swap=no | guide: midpoint sides=left,right err=-0.073m hdg=+0.0° | OUT steer=-3.2° v=11.0
F001163 18:19:51.026 | raw: L(cx=190.8,a=6055,s=gue) R(cx=562.0,a=7481,s=gue) | prep: 2-line | bev: 2mask Lcx=None Rcx=580.9 center=320.0 swap=no | guide: midpoint sides=left,right err=-0.071m hdg=+0.0° | OUT steer=-2.7° v=12.0
F001164 18:19:51.138 | raw: L(cx=191.7,a=6094,s=gue) R(cx=565.5,a=7225,s=gue) | prep: 2-line | bev: 2mask Lcx=None Rcx=579.8 center=320.0 swap=no | guide: midpoint sides=left,right err=-0.071m hdg=+0.0° | OUT steer=-2.9° v=13.0
F001165 18:19:51.253 | raw: L(cx=196.5,a=6164,s=gue) R(cx=567.3,a=7478,s=gue) | prep: 2-line | bev: 2mask Lcx=None Rcx=581.2 center=320.0 swap=no | guide: midpoint sides=left,right err=-0.052m hdg=+0.0° | OUT steer=-3.1° v=14.0
F001166 18:19:51.530 | raw: L(cx=200.5,a=6310,s=gue) R(cx=571.1,a=6949,s=gue) | prep: 2-line | bev: 2mask Lcx=None Rcx=580.5 center=320.0 swap=no | guide: midpoint sides=left,right err=-0.038m hdg=+0.0° | OUT steer=-3.3° v=10.0
F001167 18:19:51.649 | raw: L(cx=205.4,a=6430,s=gue) R(cx=570.9,a=6973,s=gue) | prep: 2-line | bev: 2mask Lcx=None Rcx=580.4 center=320.0 swap=no | guide: midpoint sides=left,right err=-0.030m hdg=+0.0° | OUT steer=-3.1° v=10.0
F001168 18:19:51.763 | raw: L(cx=224.8,a=6825,s=gue) R(cx=570.5,a=6906,s=gue) | prep: 2-line | bev: 2mask Lcx=None Rcx=578.8 center=320.0 swap=no | guide: midpoint sides=left,right err=-0.027m hdg=+0.0° | OUT steer=-2.7° v=10.0
F001169 18:19:52.035 | raw: L(cx=227.1,a=6870,s=gue) R(cx=566.4,a=7372,s=gue) | prep: 2-line | bev: 2mask Lcx=None Rcx=578.5 center=320.0 swap=no | guide: midpoint sides=left,right err=-0.048m hdg=+0.0° | OUT steer=-2.6° v=10.0
F001170 18:19:52.146 | raw: L(cx=252.3,a=7379,s=gue) R(cx=561.8,a=7455,s=gue) | prep: 2-line | bev: 2mask Lcx=None Rcx=577.5 center=320.0 swap=no | guide: midpoint sides=left,right err=-0.062m hdg=+0.0° | OUT steer=-2.6° v=10.0
F001171 18:19:52.259 | raw: L(cx=192.7,a=5909,s=gue) R(cx=558.7,a=7154,s=gue) | prep: 2-line | bev: 2mask Lcx=None Rcx=573.2 center=320.0 swap=no | guide: midpoint sides=left,right err=-0.050m hdg=+0.0° | OUT steer=-2.6° v=11.0
F001172 18:19:52.430 | raw: L(cx=195.8,a=5955,s=gue) R(cx=555.3,a=7301,s=gue) | prep: 2-line | bev: 2mask Lcx=None Rcx=572.5 center=320.0 swap=no | guide: midpoint sides=left,right err=-0.043m hdg=+0.0° | OUT steer=-2.7° v=12.0
F001173 18:19:52.553 | raw: L(cx=197.0,a=5776,s=gue) R(cx=554.7,a=7228,s=gue) | prep: 2-line | bev: 2mask Lcx=None Rcx=570.6 center=320.0 swap=no | guide: midpoint sides=left,right err=-0.037m hdg=+0.0° | OUT steer=-2.9° v=13.0
F001174 18:19:52.665 | raw: L(cx=202.4,a=6133,s=gue) R(cx=556.3,a=7288,s=gue) | prep: 2-line | bev: 2mask Lcx=None Rcx=573.0 center=320.0 swap=no | guide: midpoint sides=left,right err=-0.032m hdg=+0.0° | OUT steer=-3.9° v=10.0
F001175 18:19:52.866 | raw: L(cx=192.8,a=6037,s=gue) R(cx=557.5,a=7370,s=gue) | prep: 2-line | bev: 2mask Lcx=None Rcx=574.2 center=320.0 swap=no | guide: midpoint sides=left,right err=-0.049m hdg=+0.0° | OUT steer=-4.7° v=10.0
F001176 18:19:53.005 | raw: L(cx=191.7,a=5979,s=gue) R(cx=560.4,a=7108,s=gue) | prep: 2-line | bev: 2mask Lcx=None Rcx=572.4 center=320.0 swap=no | guide: midpoint sides=left,right err=-0.039m hdg=+0.0° | OUT steer=-4.6° v=10.0
F001177 18:19:53.115 | raw: L(cx=191.7,a=5979,s=gue) R(cx=560.4,a=7108,s=gue) | prep: 2-line | bev: 2mask Lcx=None Rcx=572.4 center=320.0 swap=no | guide: midpoint sides=left,right err=-0.033m hdg=+0.0° | OUT steer=-3.8° v=10.0
F001178 18:19:53.268 | raw: L(cx=213.0,a=6643,s=gue) R(cx=565.7,a=7011,s=gue) | prep: 2-line | bev: 2mask Lcx=None Rcx=572.8 center=320.0 swap=no | guide: midpoint sides=left,right err=-0.027m hdg=+0.0° | OUT steer=-2.8° v=10.0
F001179 18:19:53.384 | raw: L(cx=192.0,a=6219,s=gue) R(cx=566.6,a=7093,s=gue) | prep: 2-line | bev: 2mask Lcx=None Rcx=574.1 center=320.0 swap=no | guide: midpoint sides=left,right err=-0.023m hdg=+0.0° | OUT steer=-2.6° v=10.0
F001180 18:19:53.496 | raw: L(cx=227.8,a=7121,s=gue) R(cx=576.3,a=6507,s=gue) | prep: 2-line | bev: 2mask Lcx=None Rcx=575.2 center=320.0 swap=no | guide: midpoint sides=left,right err=-0.016m hdg=+0.0° | OUT steer=-2.6° v=11.0
F001181 18:19:53.754 | raw: L(cx=231.0,a=7307,s=gue) R(cx=577.1,a=6666,s=gue) | prep: 2-line | bev: 2mask Lcx=None Rcx=576.4 center=320.0 swap=no | guide: midpoint sides=left,right err=-0.013m hdg=+0.0° | OUT steer=-2.7° v=10.0
F001182 18:19:53.862 | raw: L(cx=198.1,a=6562,s=gue) R(cx=584.9,a=6429,s=gue) | prep: 2-line | bev: 2mask Lcx=None Rcx=580.6 center=320.0 swap=no | guide: midpoint sides=left,right err=-0.007m hdg=+0.0° | OUT steer=-2.7° v=11.0
F001183 18:19:53.977 | raw: L(cx=214.6,a=7168,s=gue) R(cx=589.6,a=6111,s=gue) | prep: 2-line | bev: 2mask Lcx=None Rcx=582.1 center=320.0 swap=no | guide: midpoint sides=left,right err=-0.002m hdg=+0.0° | OUT steer=-2.7° v=10.0
F001184 18:19:54.271 | raw: L(cx=215.4,a=7277,s=gue) R(cx=594.1,a=5960,s=gue) | prep: 2-line | bev: 2mask Lcx=None Rcx=583.8 center=320.0 swap=no | guide: midpoint sides=left,right err=0.001m hdg=+0.0° | OUT steer=-2.7° v=10.0
F001185 18:19:54.393 | raw: L(cx=214.9,a=7332,s=gue) R(cx=598.2,a=5722,s=gue) | prep: 2-line | bev: 2mask Lcx=None Rcx=586.0 center=320.0 swap=no | guide: midpoint sides=left,right err=0.004m hdg=+0.0° | OUT steer=-2.7° v=10.0
F001186 18:19:54.508 | raw: L(cx=225.4,a=7711,s=gue) R(cx=605.1,a=5335,s=gue) | prep: 2-line | bev: 2mask Lcx=None Rcx=588.2 center=320.0 swap=no | guide: midpoint sides=left,right err=0.010m hdg=+0.0° | OUT steer=-4.6° v=10.0
F001187 18:19:54.766 | raw: L(cx=231.7,a=7785,s=gue) R(cx=605.8,a=5289,s=gue) | prep: 2-line | bev: 2mask Lcx=None Rcx=588.8 center=320.0 swap=no | guide: midpoint sides=left,right err=0.011m hdg=+0.0° | OUT steer=-4.6° v=10.0
F001188 18:19:54.886 | raw: L(cx=231.7,a=7785,s=gue) R(cx=605.8,a=5289,s=gue) | prep: 2-line | bev: 2mask Lcx=None Rcx=588.8 center=320.0 swap=no | guide: midpoint sides=left,right err=0.011m hdg=+0.0° | OUT steer=-3.8° v=10.0
F001189 18:19:54.994 | raw: L(cx=226.7,a=8091,s=gue) R(cx=606.5,a=5241,s=gue) | prep: 2-line | bev: 2mask Lcx=None Rcx=589.2 center=320.0 swap=no | guide: midpoint sides=left,right err=0.012m hdg=+0.0° | OUT steer=-3.8° v=11.0
F001190 18:19:55.281 | raw: L(cx=225.3,a=8079,s=gue) R(cx=606.3,a=5187,s=gue) | prep: 2-line | bev: 2mask Lcx=None Rcx=589.1 center=320.0 swap=no | guide: midpoint sides=left,right err=0.012m hdg=+0.0° | OUT steer=-3.8° v=10.0
F001191 18:19:55.403 | raw: L(cx=224.3,a=8045,s=gue) R(cx=606.6,a=5161,s=gue) | prep: 2-line | bev: 2mask Lcx=None Rcx=589.0 center=320.0 swap=no | guide: midpoint sides=left,right err=0.011m hdg=+0.0° | OUT steer=-3.8° v=10.0
F001192 18:19:55.519 | raw: L(cx=223.5,a=7958,s=gue) R(cx=606.7,a=5188,s=gue) | prep: 2-line | bev: 2mask Lcx=None Rcx=588.8 center=320.0 swap=no | guide: midpoint sides=left,right err=0.013m hdg=+0.0° | OUT steer=-2.6° v=11.0
F001193 18:19:55.806 | raw: L(cx=222.0,a=7916,s=gue) R(cx=607.6,a=5310,s=gue) | prep: 2-line | bev: 2mask Lcx=None Rcx=589.0 center=320.0 swap=no | guide: midpoint sides=left,right err=0.013m hdg=+0.0° | OUT steer=-2.7° v=10.0
F001194 18:19:55.917 | raw: L(cx=218.2,a=7849,s=gue) R(cx=596.6,a=1156,s=gue) | prep: det=None res=right via=mask dup=history | bev: 2mask Lcx=None Rcx=None center=320.0 swap=no | guide: single_line_physical sides=right err=-0.061m hdg=-7.3° | OUT steer=+7.3° v=11.0
F001195 18:19:56.033 | raw: L(cx=217.5,a=7874,s=gue) R(cx=596.5,a=1174,s=gue) | prep: det=None res=right via=mask dup=history | bev: 2mask Lcx=None Rcx=None center=320.0 swap=no | guide: single_line_physical sides=right err=-0.061m hdg=-22.2° | OUT steer=+7.3° v=12.0
F001196 18:19:56.312 | raw: L(cx=217.8,a=8012,s=gue) R(cx=601.2,a=1043,s=gue) | prep: det=None res=right via=mask dup=history | bev: 2mask Lcx=None Rcx=None center=320.0 swap=no | guide: single_line_physical sides=right err=-0.061m hdg=-29.7° | OUT steer=+7.3° v=10.0
F001197 18:19:56.424 | raw: L(cx=221.1,a=8213,s=gue) R(cx=591.1,a=1214,s=gue) | prep: det=None res=right via=mask dup=history | bev: 2mask Lcx=None Rcx=None center=320.0 swap=no | guide: single_line_physical sides=right err=-0.061m hdg=-27.2° | OUT steer=+7.3° v=10.0
F001198 18:19:56.530 | raw: L(cx=223.4,a=8310,s=gue) R(cx=590.0,a=1300,s=gue) | prep: det=None res=right via=mask dup=history | bev: 2mask Lcx=None Rcx=None center=320.0 swap=no | guide: single_line_physical sides=right err=-0.061m hdg=-29.6° | OUT steer=+25.0° v=10.0
F001199 18:19:56.706 | raw: L(cx=224.9,a=8344,s=gue) R(cx=589.6,a=1386,s=gue) | prep: det=None res=right via=mask dup=history | bev: 2mask Lcx=None Rcx=None center=320.0 swap=no | guide: single_line_physical sides=right err=-0.061m hdg=-31.5° | OUT steer=+25.0° v=10.0
F001200 18:19:56.816 | raw: L(cx=226.3,a=8507,s=gue) R(cx=602.9,a=1040,s=gue) | prep: det=None res=right via=mask dup=history | bev: 2mask Lcx=None Rcx=None center=320.0 swap=no | guide: single_line_physical sides=right err=-0.061m hdg=-29.4° | OUT steer=+25.0° v=10.0
F001201 18:19:56.954 | raw: L(cx=224.1,a=8780,s=gue) R(cx=627.2,a=2153,s=gue) | prep: 2-line | bev: 2mask Lcx=None Rcx=594.2 center=320.0 swap=no | guide: midpoint sides=left,right err=0.004m hdg=+0.0° | OUT steer=+25.0° v=10.0
F001202 18:19:57.138 | raw: L(cx=227.1,a=8775,s=gue) R(cx=584.0,a=1644,s=gue) | prep: det=None res=right via=mask dup=history | bev: 2mask Lcx=None Rcx=None center=320.0 swap=no | guide: single_line_physical sides=right err=-0.062m hdg=-18.1° | OUT steer=+22.7° v=10.0
F001203 18:19:57.253 | raw: L(cx=223.4,a=8737,s=gue) R(cx=627.3,a=2056,s=gue) | prep: 2-line | bev: 2mask Lcx=None Rcx=593.5 center=320.0 swap=no | guide: midpoint sides=left,right err=0.002m hdg=+0.0° | OUT steer=+22.7° v=10.0
F001204 18:19:57.389 | raw: L(cx=233.0,a=8984,s=gue) R(cx=629.3,a=1685,s=gue) | prep: 2-line | bev: 2mask Lcx=None Rcx=597.9 center=320.0 swap=no | guide: midpoint sides=left,right err=0.001m hdg=+0.0° | OUT steer=+22.7° v=10.0
F001205 18:19:57.636 | raw: L(cx=222.5,a=8769,s=gue) R(cx=629.3,a=1623,s=gue) | prep: 2-line | bev: 2mask Lcx=None Rcx=597.8 center=320.0 swap=no | guide: midpoint sides=left,right err=0.002m hdg=+0.0° | OUT steer=+22.7° v=10.0
F001206 18:19:57.776 | raw: L(cx=213.4,a=8503,s=gue) R(cx=629.5,a=1455,s=gue) | prep: 2-line | bev: 2mask Lcx=None Rcx=595.2 center=320.0 swap=no | guide: midpoint sides=left,right err=0.000m hdg=+0.0° | OUT steer=-2.6° v=10.0
F001207 18:19:57.883 | raw: L(cx=217.5,a=8349,s=gue) R(cx=629.7,a=1319,s=gue) | prep: det=None res=left via=mask | bev: 2mask Lcx=None Rcx=593.2 center=320.0 swap=no | guide: midpoint sides=left err=-0.032m hdg=+0.0° | OUT steer=-2.6° v=11.0
F001208 18:19:58.139 | raw: L(cx=218.2,a=8301,s=gue) R(cx=629.8,a=1249,s=gue) | prep: det=None res=left via=mask | bev: 2mask Lcx=None Rcx=592.0 center=320.0 swap=no | guide: midpoint sides=left err=-0.030m hdg=+0.0° | OUT steer=-2.8° v=12.0
F001209 18:19:58.255 | raw: L(cx=215.3,a=8217,s=gue) R(cx=632.3,a=927,s=gue) | prep: det=None res=left via=mask | bev: 2mask Lcx=None Rcx=598.0 center=320.0 swap=no | guide: midpoint sides=left err=-0.032m hdg=+0.0° | OUT steer=-3.0° v=12.0
F001210 18:19:58.371 | raw: L(cx=233.4,a=8522,s=gue) R(cx=632.4,a=874,s=gue) | prep: det=None res=left via=mask | bev: 2mask Lcx=None Rcx=596.1 center=320.0 swap=no | guide: midpoint sides=left err=-0.031m hdg=+0.0° | OUT steer=-3.0° v=12.0
F001211 18:19:58.555 | raw: L(cx=238.8,a=8587,s=gue) R(cx=632.4,a=825,s=gue) | prep: det=None res=left via=mask | bev: 2mask Lcx=None Rcx=595.0 center=320.0 swap=no | guide: midpoint sides=left err=-0.032m hdg=+0.0° | OUT steer=-3.0° v=12.0
F001212 18:19:58.653 | raw: L(cx=241.0,a=8667,s=gue) R(cx=632.6,a=760,s=gue) | prep: det=None res=left via=mask | bev: 2mask Lcx=None Rcx=595.0 center=320.0 swap=no | guide: midpoint sides=left err=-0.032m hdg=+0.0° | OUT steer=-3.0° v=12.0
F001213 18:19:58.773 | raw: L(cx=241.0,a=8667,s=gue) R(cx=632.6,a=760,s=gue) | prep: det=None res=left via=mask | bev: 2mask Lcx=None Rcx=595.0 center=320.0 swap=no | guide: midpoint sides=left err=-0.032m hdg=+0.0° | OUT steer=-3.0° v=10.0
F001214 18:19:59.065 | raw: L(cx=241.9,a=8633,s=gue) R(cx=634.5,a=536,s=gue) | prep: det=None res=left via=mask | bev: 2mask Lcx=None Rcx=601.1 center=320.0 swap=no | guide: midpoint sides=left err=-0.033m hdg=+0.0° | OUT steer=-2.7° v=10.0
F001215 18:19:59.144 | raw: L(cx=229.9,a=8418,s=gue) R=none | prep: det=left res=left via=mask | bev: 1mask present=left cx=None center=320.0 correct=None swap=no | guide: midpoint sides=left err=0.024m hdg=+0.0° | OUT steer=-2.7° v=11.0
F001216 18:19:59.233 | raw: L(cx=229.9,a=8418,s=gue) R=none | prep: det=left res=left via=mask | bev: 1mask present=left cx=None center=320.0 correct=None swap=no | guide: midpoint sides=left err=0.024m hdg=+0.0° | OUT steer=-2.7° v=10.0
F001217 18:19:59.339 | raw: L(cx=223.5,a=8231,s=gue) R=none | prep: det=left res=left via=mask | bev: 1mask present=left cx=None center=320.0 correct=None swap=no | guide: midpoint sides=left err=0.026m hdg=+0.0° | OUT steer=-2.7° v=11.0
F001218 18:19:59.439 | raw: L(cx=294.2,a=10511,s=gue) R=none | prep: det=left res=left via=mask | bev: 1mask present=left cx=None center=320.0 correct=None swap=no | guide: midpoint sides=left err=0.026m hdg=+0.0° | OUT steer=-2.8° v=12.0
F001219 18:19:59.539 | raw: L(cx=211.1,a=8074,s=gue) R=none | prep: det=left res=left via=mask | bev: 1mask present=left cx=None center=320.0 correct=None swap=no | guide: midpoint sides=left err=0.027m hdg=+0.0° | OUT steer=-3.0° v=12.0
F001220 18:19:59.653 | raw: L(cx=210.2,a=8192,s=gue) R=none | prep: det=left res=left via=mask | bev: 1mask present=left cx=None center=320.0 correct=None swap=no | guide: midpoint sides=left err=0.027m hdg=+0.0° | OUT steer=-3.0° v=12.0
F001221 18:19:59.740 | raw: L(cx=210.2,a=8192,s=gue) R=none | prep: det=left res=left via=mask | bev: 1mask present=left cx=None center=320.0 correct=None swap=no | guide: midpoint sides=left err=0.027m hdg=+0.0° | OUT steer=-3.0° v=12.0
F001222 18:19:59.839 | raw: L(cx=204.7,a=7700,s=gue) R=none | prep: det=left res=left via=mask | bev: 1mask present=left cx=None center=320.0 correct=None swap=no | guide: midpoint sides=left err=0.035m hdg=+0.0° | OUT steer=-3.0° v=12.0
F001223 18:20:00.055 | raw: L(cx=192.1,a=7367,s=gue) R=none | prep: det=left res=left via=mask | bev: 1mask present=left cx=None center=320.0 correct=None swap=no | guide: midpoint sides=left err=0.035m hdg=+0.0° | OUT steer=-3.0° v=12.0
F001224 18:20:00.150 | raw: L(cx=195.6,a=7307,s=gue) R=none | prep: det=left res=left via=mask | bev: 1mask present=left cx=None center=320.0 correct=None swap=no | guide: midpoint sides=left err=0.035m hdg=+0.0° | OUT steer=-3.0° v=12.0
F001225 18:20:00.253 | raw: L(cx=195.6,a=7307,s=gue) R=none | prep: det=left res=left via=mask | bev: 1mask present=left cx=None center=320.0 correct=None swap=no | guide: midpoint sides=left err=0.035m hdg=+0.0° | OUT steer=-3.0° v=12.0
F001226 18:20:00.449 | raw: L(cx=190.8,a=7254,s=gue) R=none | prep: det=left res=left via=mask | bev: 1mask present=left cx=None center=320.0 correct=None swap=no | guide: midpoint sides=left err=0.036m hdg=+0.0° | OUT steer=-3.0° v=12.0
F001227 18:20:00.543 | raw: L=none R(cx=395.2,a=6579,s=gue) | prep: det=right res=left via=mask | bev: 1mask present=left cx=None center=320.0 correct=None swap=no | guide: single_line_physical sides=left err=0.193m hdg=-9.1° | OUT steer=-3.0° v=12.0
F001228 18:20:00.632 | raw: L=none R(cx=395.2,a=6579,s=gue) | prep: det=right res=left via=mask | bev: 1mask present=left cx=None center=320.0 correct=None swap=no | guide: single_line_physical sides=left err=0.193m hdg=-11.4° | OUT steer=-3.0° v=12.0
F001229 18:20:00.856 | raw: L=none R(cx=409.0,a=6878,s=gue) | prep: det=right res=left via=mask | bev: 1mask present=left cx=None center=320.0 correct=None swap=no | guide: single_line_physical sides=left err=0.193m hdg=-42.5° | OUT steer=-3.0° v=12.0
F001230 18:20:00.943 | raw: L=none R(cx=409.0,a=6878,s=gue) | prep: det=right res=left via=mask | bev: 1mask present=left cx=None center=320.0 correct=None swap=no | guide: single_line_physical sides=left err=0.193m hdg=-46.4° | OUT steer=-25.0° v=10.0
F001231 18:20:01.034 | raw: L=none R(cx=390.6,a=7704,s=gue) | prep: det=right res=left via=mask | bev: 1mask present=left cx=None center=320.0 correct=None swap=no | guide: single_line_physical sides=left err=0.193m hdg=-5.7° | OUT steer=-11.2° v=11.0
F001232 18:20:01.271 | raw: L=none R(cx=386.1,a=7887,s=gue) | prep: det=right res=left via=mask | bev: 1mask present=left cx=None center=320.0 correct=None swap=no | guide: single_line_physical sides=left err=0.193m hdg=-5.1° | OUT steer=-5.1° v=10.0
F001233 18:20:01.354 | raw: L=none R(cx=370.6,a=8550,s=gue) | prep: det=right res=left via=mask | bev: 1mask present=left cx=None center=320.0 correct=None swap=no | guide: single_line_physical sides=left err=0.164m hdg=+0.5° | OUT steer=-2.6° v=11.0
F001234 18:20:01.442 | raw: L=none R(cx=380.6,a=8497,s=gue) | prep: det=right res=left via=mask | bev: 1mask present=left cx=None center=320.0 correct=None swap=no | guide: single_line_physical sides=left err=0.189m hdg=-1.3° | OUT steer=-2.8° v=12.0
F001235 18:20:01.599 | raw: L=none R(cx=380.1,a=8987,s=gue) | prep: det=right res=left via=mask | bev: 1mask present=left cx=None center=320.0 correct=None swap=no | guide: single_line_physical sides=left err=0.193m hdg=-4.9° | OUT steer=-4.9° v=12.0
F001236 18:20:01.681 | raw: L=none R(cx=407.0,a=8728,s=gue) | prep: det=right res=left via=mask | bev: 1mask present=left cx=None center=320.0 correct=None swap=no | guide: single_line_physical sides=left err=0.193m hdg=-25.7° | OUT steer=-4.9° v=12.0
F001237 18:20:01.770 | raw: L=none R(cx=381.8,a=9864,s=gue) | prep: det=right res=left via=mask | bev: 1mask present=left cx=None center=320.0 correct=None swap=no | guide: single_line_physical sides=left err=0.193m hdg=+0.1° | OUT steer=-3.0° v=12.0
F001238 18:20:01.876 | raw: L=none R(cx=405.0,a=9238,s=gue) | prep: det=right res=left via=mask | bev: 1mask present=left cx=None center=320.0 correct=None swap=no | guide: single_line_physical sides=left err=0.193m hdg=-11.9° | OUT steer=-11.9° v=12.0
F001239 18:20:01.958 | raw: L=none R(cx=405.0,a=9238,s=gue) | prep: det=right res=left via=mask | bev: 1mask present=left cx=None center=320.0 correct=None swap=no | guide: single_line_physical sides=left err=0.193m hdg=-13.7° | OUT steer=-13.7° v=12.0
F001240 18:20:02.046 | raw: L=none R(cx=400.4,a=10018,s=gue) | prep: det=right res=left via=mask | bev: 1mask present=left cx=None center=320.0 correct=None swap=no | guide: single_line_physical sides=left err=0.193m hdg=-6.0° | OUT steer=-6.2° v=12.0
F001241 18:20:02.203 | raw: L(cx=403.8,a=10061,s=gue) R=none | prep: det=left res=left via=mask | bev: 1mask present=left cx=None center=320.0 correct=None swap=no | guide: single_line_physical sides=left err=0.193m hdg=-4.9° | OUT steer=-4.9° v=12.0
F001242 18:20:02.268 | raw: L=none R=none | prep: 2-line | bev: bev=skipped swap=no | guide: legacy_line_fit sides=? err=? hdg=-0.8° | OUT steer=-3.0° v=13.0
F001243 18:20:02.339 | raw: L=none R=none | prep: 2-line | bev: bev=skipped swap=no | guide: legacy_line_fit sides=? err=? hdg=-0.8° | OUT steer=-3.2° v=14.0
F001244 18:20:02.483 | raw: L=none R=none | prep: 2-line | bev: bev=skipped swap=no | guide: legacy_line_fit sides=? err=? hdg=-0.8° | OUT steer=-3.4° v=14.3
F001245 18:20:02.561 | raw: L=none R=none | prep: 2-line | bev: bev=skipped swap=no | guide: legacy_line_fit sides=? err=? hdg=-0.8° | OUT steer=-3.5° v=14.3
F001246 18:20:02.646 | raw: L=none R=none | prep: 2-line | bev: bev=skipped swap=no | guide: legacy_line_fit sides=? err=? hdg=-0.8° | OUT steer=-3.5° v=14.3
F001247 18:20:02.713 | raw: L=none R=none | prep: 2-line | bev: bev=skipped swap=no | guide: legacy_line_fit sides=? err=? hdg=-0.8° | OUT steer=-3.5° v=14.3
F001248 18:20:02.881 | raw: L=none R=none | prep: 2-line | bev: bev=skipped swap=no | guide: legacy_line_fit sides=? err=? hdg=-0.8° | OUT steer=-3.5° v=14.3
F001249 18:20:02.959 | raw: L=none R=none | prep: 2-line | bev: bev=skipped swap=no | guide: legacy_line_fit sides=? err=? hdg=-0.8° | OUT steer=-3.5° v=14.3
F001250 18:20:03.030 | raw: L=none R=none | prep: 2-line | bev: bev=skipped swap=no | guide: legacy_line_fit sides=? err=? hdg=-0.8° | OUT steer=-3.5° v=14.3
F001251 18:20:03.093 | raw: L=none R=none | prep: 2-line | bev: bev=skipped swap=no | guide: legacy_line_fit sides=? err=? hdg=-0.8° | OUT steer=-3.5° v=14.3
F001252 18:20:03.290 | raw: L=none R=none | prep: 2-line | bev: bev=skipped swap=no | guide: legacy_line_fit sides=? err=? hdg=-0.8° | OUT steer=-3.5° v=14.3
F001253 18:20:03.358 | raw: L=none R=none | prep: 2-line | bev: bev=skipped swap=no | guide: legacy_line_fit sides=? err=? hdg=-0.8° | OUT steer=-3.5° v=14.3
F001254 18:20:03.427 | raw: L=none R=none | prep: 2-line | bev: bev=skipped swap=no | guide: legacy_line_fit sides=? err=? hdg=-0.8° | OUT steer=-3.5° v=14.3
F001255 18:20:03.498 | raw: L=none R=none | prep: 2-line | bev: bev=skipped swap=no | guide: legacy_line_fit sides=? err=? hdg=-0.8° | OUT steer=-3.5° v=14.3
F001256 18:20:03.601 | raw: L=none R=none | prep: 2-line | bev: bev=skipped swap=no | guide: legacy_line_fit sides=? err=? hdg=-0.8° | OUT steer=-3.5° v=14.3
F001257 18:20:03.671 | raw: L=none R=none | prep: 2-line | bev: bev=skipped swap=no | guide: legacy_line_fit sides=? err=? hdg=-0.8° | OUT steer=-3.5° v=14.3
F001258 18:20:03.746 | raw: L=none R=none | prep: 2-line | bev: bev=skipped swap=no | guide: legacy_line_fit sides=? err=? hdg=-0.8° | OUT steer=-3.5° v=14.3
F001259 18:20:03.812 | raw: L=none R=none | prep: 2-line | bev: bev=skipped swap=no | guide: legacy_line_fit sides=? err=? hdg=-0.8° | OUT steer=-3.5° v=14.3
F001260 18:20:04.007 | raw: L=none R=none | prep: 2-line | bev: bev=skipped swap=no | guide: legacy_line_fit sides=? err=? hdg=-0.8° | OUT steer=-3.5° v=14.3
F001261 18:20:04.079 | raw: L=none R=none | prep: 2-line | bev: bev=skipped swap=no | guide: legacy_line_fit sides=? err=? hdg=-0.8° | OUT steer=-3.5° v=14.3
F001262 18:20:04.145 | raw: L=none R=none | prep: 2-line | bev: bev=skipped swap=no | guide: legacy_line_fit sides=? err=? hdg=-0.8° | OUT steer=-3.5° v=14.3
F001263 18:20:04.213 | raw: L=none R=none | prep: 2-line | bev: bev=skipped swap=no | guide: legacy_line_fit sides=? err=? hdg=-0.8° | OUT steer=-3.5° v=14.3
F001264 18:20:04.340 | raw: L=none R=none | prep: 2-line | bev: bev=skipped swap=no | guide: legacy_line_fit sides=? err=? hdg=-0.8° | OUT steer=-3.5° v=14.3
F001265 18:20:04.419 | raw: L=none R=none | prep: 2-line | bev: bev=skipped swap=no | guide: legacy_line_fit sides=? err=? hdg=-0.8° | OUT steer=-3.5° v=14.3
F001266 18:20:04.498 | raw: L=none R=none | prep: 2-line | bev: bev=skipped swap=no | guide: legacy_line_fit sides=? err=? hdg=-0.8° | OUT steer=-3.5° v=14.3
F001267 18:20:04.652 | raw: L=none R=none | prep: 2-line | bev: bev=skipped swap=no | guide: legacy_line_fit sides=? err=? hdg=-0.8° | OUT steer=-3.5° v=14.3
F001268 18:20:04.717 | raw: L=none R=none | prep: 2-line | bev: bev=skipped swap=no | guide: legacy_line_fit sides=? err=? hdg=-0.8° | OUT steer=-3.5° v=14.3
F001269 18:20:04.782 | raw: L=none R=none | prep: 2-line | bev: bev=skipped swap=no | guide: legacy_line_fit sides=? err=? hdg=-0.8° | OUT steer=-3.5° v=14.3
F001270 18:20:04.851 | raw: L=none R=none | prep: 2-line | bev: bev=skipped swap=no | guide: legacy_line_fit sides=? err=? hdg=-0.8° | OUT steer=-3.5° v=14.3
F001271 18:20:05.062 | raw: L=none R=none | prep: 2-line | bev: bev=skipped swap=no | guide: legacy_line_fit sides=? err=? hdg=-0.8° | OUT steer=-3.5° v=14.3
F001272 18:20:05.135 | raw: L=none R=none | prep: 2-line | bev: bev=skipped swap=no | guide: legacy_line_fit sides=? err=? hdg=-0.8° | OUT steer=-3.5° v=14.3
F001273 18:20:05.222 | raw: L(cx=258.6,a=3078,s=gue) R=none | prep: det=left res=left via=mask | bev: 1mask present=left cx=None center=320.0 correct=None swap=no | guide: single_line_physical sides=left err=0.093m hdg=-23.0° | OUT steer=-4.9° v=12.0
F001274 18:20:05.321 | raw: L(cx=258.6,a=3078,s=gue) R=none | prep: det=left res=left via=mask | bev: 1mask present=left cx=None center=320.0 correct=None swap=no | guide: single_line_physical sides=left err=0.093m hdg=-25.1° | OUT steer=-4.9° v=12.0
F001275 18:20:05.604 | raw: L(cx=240.8,a=3422,s=gue) R=none | prep: det=left res=left via=mask | bev: 1mask present=left cx=None center=320.0 correct=None swap=no | guide: single_line_physical sides=left err=0.093m hdg=-27.4° | OUT steer=-4.9° v=12.0
F001276 18:20:05.702 | raw: L(cx=240.8,a=3422,s=gue) R=none | prep: det=left res=left via=mask | bev: 1mask present=left cx=None center=320.0 correct=None swap=no | guide: single_line_physical sides=left err=0.093m hdg=-29.8° | OUT steer=-25.0° v=10.0
F001277 18:20:05.811 | raw: L(cx=233.8,a=3056,s=gue) R=none | prep: det=left res=left via=mask | bev: 1mask present=left cx=None center=320.0 correct=None swap=no | guide: single_line_physical sides=left err=0.093m hdg=-27.4° | OUT steer=-25.0° v=10.0
F001278 18:20:06.093 | raw: L(cx=230.7,a=3763,s=gue) R=none | prep: det=left res=left via=mask | bev: 1mask present=left cx=None center=320.0 correct=None swap=no | guide: single_line_physical sides=left err=0.093m hdg=-29.5° | OUT steer=-25.0° v=10.0
F001279 18:20:06.190 | raw: L(cx=221.1,a=3817,s=gue) R=none | prep: det=left res=left via=mask | bev: 1mask present=left cx=None center=320.0 correct=None swap=no | guide: single_line_physical sides=left err=0.093m hdg=-27.1° | OUT steer=-25.0° v=10.0
F001280 18:20:06.274 | raw: L(cx=221.1,a=3817,s=gue) R=none | prep: det=left res=left via=mask | bev: 1mask present=left cx=None center=320.0 correct=None swap=no | guide: single_line_physical sides=left err=0.093m hdg=-29.3° | OUT steer=-25.0° v=10.0
F001281 18:20:06.500 | raw: L(cx=213.5,a=3780,s=gue) R=none | prep: det=left res=left via=mask | bev: 1mask present=left cx=None center=320.0 correct=None swap=no | guide: single_line_physical sides=left err=0.093m hdg=-29.3° | OUT steer=-25.0° v=10.0
F001282 18:20:06.590 | raw: L(cx=215.7,a=3867,s=gue) R=none | prep: det=left res=left via=mask | bev: 1mask present=left cx=None center=320.0 correct=None swap=no | guide: single_line_physical sides=left err=0.093m hdg=-29.1° | OUT steer=-25.0° v=10.0
F001283 18:20:06.690 | raw: L(cx=214.5,a=3729,s=gue) R=none | prep: det=left res=left via=mask | bev: 1mask present=left cx=None center=320.0 correct=None swap=no | guide: single_line_physical sides=left err=0.093m hdg=-26.4° | OUT steer=-25.0° v=10.0
F001284 18:20:06.891 | raw: L(cx=212.2,a=3894,s=gue) R=none | prep: det=left res=left via=mask | bev: 1mask present=left cx=None center=320.0 correct=None swap=no | guide: single_line_physical sides=left err=0.093m hdg=-26.7° | OUT steer=-25.0° v=10.0
F001285 18:20:06.970 | raw: L(cx=212.2,a=3894,s=gue) R=none | prep: det=left res=left via=mask | bev: 1mask present=left cx=None center=320.0 correct=None swap=no | guide: single_line_physical sides=left err=0.093m hdg=-28.6° | OUT steer=-25.0° v=10.0
F001286 18:20:07.049 | raw: L(cx=208.6,a=3762,s=gue) R=none | prep: det=left res=left via=mask | bev: 1mask present=left cx=None center=320.0 correct=None swap=no | guide: single_line_physical sides=left err=0.093m hdg=-26.2° | OUT steer=-25.0° v=10.0
F001287 18:20:07.304 | raw: L(cx=209.5,a=3882,s=gue) R=none | prep: det=left res=left via=mask | bev: 1mask present=left cx=None center=320.0 correct=None swap=no | guide: single_line_physical sides=left err=0.093m hdg=-29.2° | OUT steer=-25.0° v=10.0
F001288 18:20:07.393 | raw: L(cx=196.5,a=3645,s=gue) R=none | prep: det=left res=left via=mask | bev: 1mask present=left cx=None center=320.0 correct=None swap=no | guide: single_line_physical sides=left err=0.093m hdg=-27.1° | OUT steer=-25.0° v=10.0
F001289 18:20:07.480 | raw: L(cx=195.1,a=3740,s=gue) R=none | prep: det=left res=left via=mask | bev: 1mask present=left cx=None center=320.0 correct=None swap=no | guide: single_line_physical sides=left err=0.093m hdg=-26.7° | OUT steer=-25.0° v=10.0
F001290 18:20:07.708 | raw: L(cx=191.6,a=3668,s=gue) R=none | prep: det=left res=left via=mask | bev: 1mask present=left cx=None center=320.0 correct=None swap=no | guide: single_line_physical sides=left err=0.093m hdg=-29.4° | OUT steer=-25.0° v=10.0
F001291 18:20:07.794 | raw: L(cx=184.9,a=3639,s=gue) R=none | prep: det=left res=left via=mask | bev: 1mask present=left cx=None center=320.0 correct=None swap=no | guide: single_line_physical sides=left err=0.093m hdg=-27.0° | OUT steer=-25.0° v=10.0
F001292 18:20:07.882 | raw: L(cx=182.2,a=3542,s=gue) R=none | prep: det=left res=left via=mask | bev: 1mask present=left cx=None center=320.0 correct=None swap=no | guide: single_line_physical sides=left err=0.093m hdg=-26.2° | OUT steer=-25.0° v=10.0
F001293 18:20:08.034 | raw: L(cx=183.0,a=3610,s=gue) R=none | prep: det=left res=left via=mask | bev: 1mask present=left cx=None center=320.0 correct=None swap=no | guide: single_line_physical sides=left err=0.093m hdg=-27.2° | OUT steer=-25.0° v=10.0
F001294 18:20:08.128 | raw: L(cx=177.1,a=3439,s=gue) R=none | prep: det=left res=left via=mask | bev: 1mask present=left cx=None center=320.0 correct=None swap=no | guide: single_line_physical sides=left err=0.093m hdg=-27.3° | OUT steer=-25.0° v=10.0
F001295 18:20:08.214 | raw: L(cx=176.6,a=3428,s=gue) R=none | prep: det=left res=left via=mask | bev: 1mask present=left cx=None center=320.0 correct=None swap=no | guide: single_line_physical sides=left err=0.093m hdg=-27.0° | OUT steer=-25.0° v=10.0
F001296 18:20:08.434 | raw: L(cx=175.5,a=3469,s=gue) R=none | prep: det=left res=left via=mask | bev: 1mask present=left cx=None center=320.0 correct=None swap=no | guide: single_line_physical sides=left err=0.093m hdg=-29.4° | OUT steer=-25.0° v=10.0
F001297 18:20:08.535 | raw: L(cx=166.6,a=3429,s=gue) R=none | prep: det=left res=left via=mask | bev: 1mask present=left cx=None center=320.0 correct=None swap=no | guide: single_line_physical sides=left err=0.093m hdg=-29.4° | OUT steer=-25.0° v=10.0
F001298 18:20:08.619 | raw: L(cx=164.2,a=3494,s=gue) R=none | prep: det=left res=left via=mask | bev: 1mask present=left cx=None center=320.0 correct=None swap=no | guide: single_line_physical sides=left err=0.093m hdg=-29.2° | OUT steer=-25.0° v=10.0
F001299 18:20:08.835 | raw: L(cx=164.1,a=3392,s=gue) R=none | prep: det=left res=left via=mask | bev: 1mask present=left cx=None center=320.0 correct=None swap=no | guide: single_line_physical sides=left err=0.093m hdg=-29.2° | OUT steer=-25.0° v=10.0
F001300 18:20:08.937 | raw: L(cx=157.9,a=3099,s=gue) R=none | prep: det=left res=left via=mask | bev: 1mask present=left cx=None center=320.0 correct=None swap=no | guide: single_line_physical sides=left err=0.093m hdg=-26.6° | OUT steer=-25.0° v=10.0
F001301 18:20:09.039 | raw: L(cx=149.6,a=2929,s=gue) R=none | prep: det=left res=left via=mask | bev: 1mask present=left cx=None center=320.0 correct=None swap=no | guide: single_line_physical sides=left err=0.093m hdg=-24.2° | OUT steer=-24.2° v=10.2
F001302 18:20:09.238 | raw: L(cx=152.7,a=3254,s=gue) R=none | prep: det=left res=left via=mask | bev: 1mask present=left cx=None center=320.0 correct=None swap=no | guide: single_line_physical sides=left err=0.093m hdg=-26.9° | OUT steer=-25.0° v=10.0
F001303 18:20:09.336 | raw: L(cx=150.6,a=2958,s=gue) R=none | prep: det=left res=left via=mask | bev: 1mask present=left cx=None center=320.0 correct=None swap=no | guide: single_line_physical sides=left err=0.093m hdg=-24.4° | OUT steer=-24.4° v=10.1
F001304 18:20:09.425 | raw: L(cx=149.8,a=2905,s=gue) R=none | prep: det=left res=left via=mask | bev: 1mask present=left cx=None center=320.0 correct=None swap=no | guide: single_line_physical sides=left err=0.093m hdg=-23.9° | OUT steer=-23.9° v=10.2
F001305 18:20:09.653 | raw: L(cx=142.9,a=2847,s=gue) R=none | prep: det=left res=left via=mask | bev: 1mask present=left cx=None center=320.0 correct=None swap=no | guide: single_line_physical sides=left err=0.093m hdg=-27.2° | OUT steer=-25.0° v=10.0
F001306 18:20:09.747 | raw: L(cx=143.5,a=2658,s=gue) R=none | prep: det=left res=left via=mask | bev: 1mask present=left cx=None center=320.0 correct=None swap=no | guide: single_line_physical sides=left err=0.093m hdg=-27.0° | OUT steer=-25.0° v=10.0
F001307 18:20:09.824 | raw: L(cx=136.4,a=2524,s=gue) R=none | prep: det=left res=left via=mask | bev: 1mask present=left cx=None center=320.0 correct=None swap=no | guide: single_line_physical sides=left err=0.093m hdg=-24.0° | OUT steer=-24.0° v=10.2
F001308 18:20:10.047 | raw: L(cx=130.2,a=2389,s=gue) R=none | prep: det=left res=left via=mask | bev: 1mask present=left cx=None center=320.0 correct=None swap=no | guide: single_line_physical sides=left err=0.093m hdg=-24.9° | OUT steer=-24.9° v=10.0
F001309 18:20:10.145 | raw: L(cx=130.2,a=2389,s=gue) R=none | prep: det=left res=left via=mask | bev: 1mask present=left cx=None center=320.0 correct=None swap=no | guide: single_line_physical sides=left err=0.093m hdg=-26.8° | OUT steer=-25.0° v=10.0
F001310 18:20:10.235 | raw: L(cx=127.1,a=2175,s=gue) R=none | prep: det=left res=left via=mask | bev: 1mask present=left cx=None center=320.0 correct=None swap=no | guide: single_line_physical sides=left err=0.093m hdg=-23.9° | OUT steer=-23.9° v=10.2
F001311 18:20:10.450 | raw: L(cx=124.2,a=2137,s=gue) R=none | prep: det=left res=left via=mask | bev: 1mask present=left cx=None center=320.0 correct=None swap=no | guide: single_line_physical sides=left err=0.093m hdg=-24.8° | OUT steer=-24.8° v=10.0
F001312 18:20:10.538 | raw: L(cx=124.2,a=2137,s=gue) R=none | prep: det=left res=left via=mask | bev: 1mask present=left cx=None center=320.0 correct=None swap=no | guide: single_line_physical sides=left err=0.093m hdg=-26.8° | OUT steer=-25.0° v=10.0
F001313 18:20:10.620 | raw: L(cx=122.9,a=1944,s=gue) R=none | prep: det=left res=left via=mask | bev: 1mask present=left cx=None center=320.0 correct=None swap=no | guide: single_line_physical sides=left err=0.093m hdg=-23.5° | OUT steer=-23.5° v=10.3
F001314 18:20:10.839 | raw: L=none R=none | prep: 2-line | bev: bev=skipped swap=no | guide: legacy_line_fit sides=? err=? hdg=-0.8° | OUT steer=-2.6° v=11.3
F001315 18:20:10.908 | raw: L=none R=none | prep: 2-line | bev: bev=skipped swap=no | guide: legacy_line_fit sides=? err=? hdg=-0.8° | OUT steer=-2.8° v=12.3
F001316 18:20:10.980 | raw: L=none R=none | prep: 2-line | bev: bev=skipped swap=no | guide: legacy_line_fit sides=? err=? hdg=-0.8° | OUT steer=-3.0° v=13.3
F001317 18:20:11.046 | raw: L=none R=none | prep: 2-line | bev: bev=skipped swap=no | guide: legacy_line_fit sides=? err=? hdg=-0.8° | OUT steer=-3.2° v=14.3
F001318 18:20:11.247 | raw: L=none R=none | prep: 2-line | bev: bev=skipped swap=no | guide: legacy_line_fit sides=? err=? hdg=-0.8° | OUT steer=-3.4° v=14.3
F001319 18:20:11.337 | raw: L(cx=112.2,a=1763,s=gue) R=none | prep: det=left res=left via=mask | bev: 1mask present=left cx=None center=320.0 correct=None swap=no | guide: single_line_physical sides=left err=0.093m hdg=-23.8° | OUT steer=-23.8° v=10.2
F001320 18:20:11.431 | raw: L(cx=112.2,a=1763,s=gue) R=none | prep: det=left res=left via=mask | bev: 1mask present=left cx=None center=320.0 correct=None swap=no | guide: single_line_physical sides=left err=0.093m hdg=-25.8° | OUT steer=-25.0° v=10.0
F001321 18:20:11.563 | raw: L=none R=none | prep: 2-line | bev: bev=skipped swap=no | guide: legacy_line_fit sides=? err=? hdg=-0.8° | OUT steer=-2.6° v=11.0
F001322 18:20:11.633 | raw: L=none R=none | prep: 2-line | bev: bev=skipped swap=no | guide: legacy_line_fit sides=? err=? hdg=-0.8° | OUT steer=-2.8° v=12.0
F001323 18:20:11.699 | raw: L=none R=none | prep: 2-line | bev: bev=skipped swap=no | guide: legacy_line_fit sides=? err=? hdg=-0.8° | OUT steer=-3.0° v=13.0
F001324 18:20:11.766 | raw: L=none R=none | prep: 2-line | bev: bev=skipped swap=no | guide: legacy_line_fit sides=? err=? hdg=-0.8° | OUT steer=-3.2° v=14.0
F001325 18:20:11.946 | raw: L=none R=none | prep: 2-line | bev: bev=skipped swap=no | guide: legacy_line_fit sides=? err=? hdg=-0.8° | OUT steer=-3.4° v=14.3
F001326 18:20:12.013 | raw: L=none R=none | prep: 2-line | bev: bev=skipped swap=no | guide: legacy_line_fit sides=? err=? hdg=-0.8° | OUT steer=-3.5° v=14.3
F001327 18:20:12.081 | raw: L=none R=none | prep: 2-line | bev: bev=skipped swap=no | guide: legacy_line_fit sides=? err=? hdg=-0.8° | OUT steer=-3.5° v=14.3
F001328 18:20:12.148 | raw: L=none R=none | prep: 2-line | bev: bev=skipped swap=no | guide: legacy_line_fit sides=? err=? hdg=-0.8° | OUT steer=-3.5° v=14.3
F001329 18:20:12.357 | raw: L=none R=none | prep: 2-line | bev: bev=skipped swap=no | guide: legacy_line_fit sides=? err=? hdg=-0.8° | OUT steer=-3.5° v=14.3
F001330 18:20:12.428 | raw: L=none R=none | prep: 2-line | bev: bev=skipped swap=no | guide: legacy_line_fit sides=? err=? hdg=-0.8° | OUT steer=-3.5° v=14.3
F001331 18:20:12.507 | raw: L=none R=none | prep: 2-line | bev: bev=skipped swap=no | guide: legacy_line_fit sides=? err=? hdg=-0.8° | OUT steer=-3.5° v=14.3
F001332 18:20:12.572 | raw: L=none R=none | prep: 2-line | bev: bev=skipped swap=no | guide: legacy_line_fit sides=? err=? hdg=-0.8° | OUT steer=-3.5° v=14.3
F001333 18:20:12.757 | raw: L=none R=none | prep: 2-line | bev: bev=skipped swap=no | guide: legacy_line_fit sides=? err=? hdg=-0.8° | OUT steer=-3.5° v=14.3
F001334 18:20:12.817 | raw: L=none R=none | prep: 2-line | bev: bev=skipped swap=no | guide: legacy_line_fit sides=? err=? hdg=-0.8° | OUT steer=-3.5° v=14.3
F001335 18:20:12.882 | raw: L=none R=none | prep: 2-line | bev: bev=skipped swap=no | guide: legacy_line_fit sides=? err=? hdg=-0.8° | OUT steer=-3.5° v=14.3
F001336 18:20:12.951 | raw: L=none R=none | prep: 2-line | bev: bev=skipped swap=no | guide: legacy_line_fit sides=? err=? hdg=-0.8° | OUT steer=-3.5° v=14.3
F001337 18:20:13.163 | raw: L=none R=none | prep: 2-line | bev: bev=skipped swap=no | guide: legacy_line_fit sides=? err=? hdg=-0.8° | OUT steer=-3.5° v=14.3
F001338 18:20:13.235 | raw: L=none R=none | prep: 2-line | bev: bev=skipped swap=no | guide: legacy_line_fit sides=? err=? hdg=-0.8° | OUT steer=-3.5° v=14.3
F001339 18:20:13.305 | raw: L=none R=none | prep: 2-line | bev: bev=skipped swap=no | guide: legacy_line_fit sides=? err=? hdg=-0.8° | OUT steer=-3.5° v=14.3
F001340 18:20:13.378 | raw: L=none R=none | prep: 2-line | bev: bev=skipped swap=no | guide: legacy_line_fit sides=? err=? hdg=-0.8° | OUT steer=-3.5° v=14.3
F001341 18:20:13.470 | raw: L=none R=none | prep: 2-line | bev: bev=skipped swap=no | guide: legacy_line_fit sides=? err=? hdg=-0.8° | OUT steer=-3.5° v=14.3
F001342 18:20:13.542 | raw: L=none R=none | prep: 2-line | bev: bev=skipped swap=no | guide: legacy_line_fit sides=? err=? hdg=-0.8° | OUT steer=-3.5° v=14.3
F001343 18:20:13.621 | raw: L=none R=none | prep: 2-line | bev: bev=skipped swap=no | guide: legacy_line_fit sides=? err=? hdg=-0.8° | OUT steer=-3.5° v=14.3
F001344 18:20:13.689 | raw: L=none R=none | prep: 2-line | bev: bev=skipped swap=no | guide: legacy_line_fit sides=? err=? hdg=-0.8° | OUT steer=-3.5° v=14.3
F001345 18:20:13.899 | raw: L(cx=59.7,a=914,s=gue) R=none | prep: det=left res=left via=mask | bev: 1mask present=left cx=None center=320.0 correct=None swap=no | guide: single_line_physical sides=left err=0.093m hdg=-25.0° | OUT steer=-25.0° v=10.0
F001346 18:20:13.975 | raw: L=none R=none | prep: 2-line | bev: bev=skipped swap=no | guide: legacy_line_fit sides=? err=? hdg=-0.8° | OUT steer=-2.7° v=11.0
F001347 18:20:14.041 | raw: L=none R=none | prep: 2-line | bev: bev=skipped swap=no | guide: legacy_line_fit sides=? err=? hdg=-0.8° | OUT steer=-2.8° v=12.0
F001348 18:20:14.289 | raw: L=none R=none | prep: 2-line | bev: bev=skipped swap=no | guide: legacy_line_fit sides=? err=? hdg=-0.8° | OUT steer=-3.0° v=13.0
F001349 18:20:14.379 | raw: L(cx=42.7,a=667,s=gue) R=none | prep: det=left res=left via=guessed_single:prev_seen_side | bev: 1mask present=left cx=None center=320.0 correct=None swap=no | guide: legacy_line_fit sides=? err=? hdg=-11.9° | OUT steer=-11.9° v=12.0
F001350 18:20:14.461 | raw: L(cx=42.7,a=667,s=gue) R=none | prep: det=left res=left via=guessed_single:prev_seen_side | bev: 1mask present=left cx=None center=320.0 correct=None swap=no | guide: legacy_line_fit sides=? err=? hdg=-14.1° | OUT steer=-14.1° v=12.0
F001351 18:20:14.603 | raw: L(cx=35.7,a=619,s=gue) R=none | prep: det=left res=left via=guessed_single:prev_seen_side | bev: 1mask present=left cx=None center=320.0 correct=None swap=no | guide: legacy_line_fit sides=? err=? hdg=-12.8° | OUT steer=-12.8° v=12.0
F001352 18:20:14.693 | raw: L(cx=35.7,a=619,s=gue) R=none | prep: det=left res=left via=guessed_single:prev_seen_side | bev: 1mask present=left cx=None center=320.0 correct=None swap=no | guide: legacy_line_fit sides=? err=? hdg=-14.8° | OUT steer=-14.8° v=12.0
F001353 18:20:14.790 | raw: L(cx=30.6,a=533,s=gue) R=none | prep: det=left res=left via=guessed_single:prev_seen_side | bev: 1mask present=left cx=None center=320.0 correct=None swap=no | guide: legacy_line_fit sides=? err=? hdg=-11.8° | OUT steer=-11.8° v=12.0
F001354 18:20:15.004 | raw: L(cx=27.8,a=540,s=gue) R=none | prep: det=left res=left via=guessed_single:prev_seen_side | bev: 1mask present=left cx=None center=320.0 correct=None swap=no | guide: legacy_line_fit sides=? err=? hdg=-14.8° | OUT steer=-14.8° v=12.0
F001355 18:20:15.075 | raw: L=none R=none | prep: det=None res=left via=legacy | bev: bev=skipped swap=no | guide: legacy_line_fit sides=? err=? hdg=-23.9° | OUT steer=-23.9° v=10.2
F001356 18:20:15.141 | raw: L=none R=none | prep: 2-line | bev: bev=skipped swap=no | guide: legacy_line_fit sides=? err=? hdg=-0.8° | OUT steer=-2.7° v=11.2
F001357 18:20:15.387 | raw: L=none R=none | prep: 2-line | bev: bev=skipped swap=no | guide: legacy_line_fit sides=? err=? hdg=-0.8° | OUT steer=-2.8° v=12.2
F001358 18:20:15.453 | raw: L=none R=none | prep: 2-line | bev: bev=skipped swap=no | guide: legacy_line_fit sides=? err=? hdg=-0.8° | OUT steer=-3.0° v=13.2
F001359 18:20:15.518 | raw: L=none R=none | prep: 2-line | bev: bev=skipped swap=no | guide: legacy_line_fit sides=? err=? hdg=-0.8° | OUT steer=-3.2° v=14.2
F001360 18:20:15.585 | raw: L=none R=none | prep: 2-line | bev: bev=skipped swap=no | guide: legacy_line_fit sides=? err=? hdg=-0.8° | OUT steer=-3.4° v=14.3
F001361 18:20:15.792 | raw: L=none R=none | prep: 2-line | bev: bev=skipped swap=no | guide: legacy_line_fit sides=? err=? hdg=-0.8° | OUT steer=-3.5° v=14.3
F001362 18:20:15.854 | raw: L=none R=none | prep: 2-line | bev: bev=skipped swap=no | guide: legacy_line_fit sides=? err=? hdg=-0.8° | OUT steer=-3.5° v=14.3
F001363 18:20:15.924 | raw: L=none R=none | prep: 2-line | bev: bev=skipped swap=no | guide: legacy_line_fit sides=? err=? hdg=-0.8° | OUT steer=-3.5° v=14.3
F001364 18:20:15.995 | raw: L=none R=none | prep: 2-line | bev: bev=skipped swap=no | guide: legacy_line_fit sides=? err=? hdg=-0.8° | OUT steer=-3.5° v=14.3
F001365 18:20:16.196 | raw: L=none R=none | prep: 2-line | bev: bev=skipped swap=no | guide: legacy_line_fit sides=? err=? hdg=-0.8° | OUT steer=-3.5° v=14.3
F001366 18:20:16.263 | raw: L=none R=none | prep: 2-line | bev: bev=skipped swap=no | guide: legacy_line_fit sides=? err=? hdg=-0.8° | OUT steer=-3.5° v=14.3
F001367 18:20:16.329 | raw: L=none R=none | prep: 2-line | bev: bev=skipped swap=no | guide: legacy_line_fit sides=? err=? hdg=-0.8° | OUT steer=-3.5° v=14.3
F001368 18:20:16.390 | raw: L=none R=none | prep: 2-line | bev: bev=skipped swap=no | guide: legacy_line_fit sides=? err=? hdg=-0.8° | OUT steer=-3.5° v=14.3
F001369 18:20:16.597 | raw: L=none R=none | prep: 2-line | bev: bev=skipped swap=no | guide: legacy_line_fit sides=? err=? hdg=-0.8° | OUT steer=-3.5° v=14.3
F001370 18:20:16.666 | raw: L=none R=none | prep: 2-line | bev: bev=skipped swap=no | guide: legacy_line_fit sides=? err=? hdg=-0.8° | OUT steer=-3.5° v=14.3
F001371 18:20:16.743 | raw: L=none R=none | prep: 2-line | bev: bev=skipped swap=no | guide: legacy_line_fit sides=? err=? hdg=-0.8° | OUT steer=-3.5° v=14.3
F001372 18:20:16.811 | raw: L=none R=none | prep: 2-line | bev: bev=skipped swap=no | guide: legacy_line_fit sides=? err=? hdg=-0.8° | OUT steer=-3.5° v=14.3
F001373 18:20:17.006 | raw: L=none R=none | prep: 2-line | bev: bev=skipped swap=no | guide: legacy_line_fit sides=? err=? hdg=-0.8° | OUT steer=-3.5° v=14.3
F001374 18:20:17.067 | raw: L=none R=none | prep: 2-line | bev: bev=skipped swap=no | guide: legacy_line_fit sides=? err=? hdg=-0.8° | OUT steer=-3.5° v=14.3
F001375 18:20:17.137 | raw: L=none R=none | prep: 2-line | bev: bev=skipped swap=no | guide: legacy_line_fit sides=? err=? hdg=-0.8° | OUT steer=-3.5° v=14.3
F001376 18:20:17.209 | raw: L=none R=none | prep: 2-line | bev: bev=skipped swap=no | guide: legacy_line_fit sides=? err=? hdg=-0.8° | OUT steer=-3.5° v=14.3
F001377 18:20:17.309 | raw: L=none R=none | prep: 2-line | bev: bev=skipped swap=no | guide: legacy_line_fit sides=? err=? hdg=-0.8° | OUT steer=-3.5° v=14.3
F001378 18:20:17.375 | raw: L=none R=none | prep: 2-line | bev: bev=skipped swap=no | guide: legacy_line_fit sides=? err=? hdg=-0.8° | OUT steer=-3.5° v=14.3
F001379 18:20:17.445 | raw: L=none R=none | prep: 2-line | bev: bev=skipped swap=no | guide: legacy_line_fit sides=? err=? hdg=-0.8° | OUT steer=-3.5° v=14.3
F001380 18:20:17.513 | raw: L=none R=none | prep: 2-line | bev: bev=skipped swap=no | guide: legacy_line_fit sides=? err=? hdg=-0.8° | OUT steer=-3.5° v=14.3
F001381 18:20:17.739 | raw: L=none R(cx=492.0,a=4102,s=gue) | prep: det=right res=left via=mask | bev: 1mask present=left cx=None center=320.0 correct=None swap=no | guide: single_line_physical sides=left err=0.193m hdg=-30.1° | OUT steer=-23.9° v=10.2
F001382 18:20:17.835 | raw: L=none R(cx=492.0,a=4102,s=gue) | prep: det=right res=left via=mask | bev: 1mask present=left cx=None center=320.0 correct=None swap=no | guide: single_line_physical sides=left err=0.193m hdg=-30.2° | OUT steer=-23.9° v=10.2
F001383 18:20:17.925 | raw: L=none R(cx=480.3,a=4468,s=gue) | prep: det=right res=left via=mask | bev: 1mask present=left cx=None center=320.0 correct=None swap=no | guide: single_line_physical sides=left err=0.193m hdg=-32.0° | OUT steer=-23.9° v=10.2
F001384 18:20:18.054 | raw: L=none R(cx=480.3,a=4468,s=gue) | prep: det=right res=left via=mask | bev: 1mask present=left cx=None center=320.0 correct=None swap=no | guide: single_line_physical sides=left err=0.193m hdg=-32.5° | OUT steer=-25.0° v=10.0
F001385 18:20:18.133 | raw: L=none R(cx=461.7,a=4858,s=gue) | prep: det=right res=left via=mask | bev: 1mask present=left cx=None center=320.0 correct=None swap=no | guide: single_line_physical sides=left err=0.193m hdg=-31.8° | OUT steer=-25.0° v=10.0
F001386 18:20:18.217 | raw: L=none R(cx=461.7,a=4858,s=gue) | prep: det=right res=left via=mask | bev: 1mask present=left cx=None center=320.0 correct=None swap=no | guide: single_line_physical sides=left err=0.193m hdg=-32.1° | OUT steer=-25.0° v=10.0
F001387 18:20:18.331 | raw: L=none R=none | prep: 2-line | bev: bev=skipped swap=no | guide: legacy_line_fit sides=? err=? hdg=-0.8° | OUT steer=-2.6° v=11.0
F001388 18:20:18.398 | raw: L=none R=none | prep: 2-line | bev: bev=skipped swap=no | guide: legacy_line_fit sides=? err=? hdg=-0.8° | OUT steer=-2.8° v=12.0
F001389 18:20:18.474 | raw: L=none R=none | prep: 2-line | bev: bev=skipped swap=no | guide: legacy_line_fit sides=? err=? hdg=-0.8° | OUT steer=-3.0° v=13.0
F001390 18:20:18.537 | raw: L=none R=none | prep: 2-line | bev: bev=skipped swap=no | guide: legacy_line_fit sides=? err=? hdg=-0.8° | OUT steer=-3.2° v=14.0
F001391 18:20:18.633 | raw: L=none R=none | prep: 2-line | bev: bev=skipped swap=no | guide: legacy_line_fit sides=? err=? hdg=-0.8° | OUT steer=-3.4° v=14.3
F001392 18:20:18.696 | raw: L=none R=none | prep: 2-line | bev: bev=skipped swap=no | guide: legacy_line_fit sides=? err=? hdg=-0.8° | OUT steer=-3.5° v=14.3
F001393 18:20:18.761 | raw: L=none R=none | prep: 2-line | bev: bev=skipped swap=no | guide: legacy_line_fit sides=? err=? hdg=-0.8° | OUT steer=-3.5° v=14.3
F001394 18:20:18.829 | raw: L=none R=none | prep: 2-line | bev: bev=skipped swap=no | guide: legacy_line_fit sides=? err=? hdg=-0.8° | OUT steer=-3.5° v=14.3
F001395 18:20:18.967 | raw: L=none R(cx=415.5,a=5788,s=gue) | prep: det=right res=left via=mask | bev: 1mask present=left cx=None center=320.0 correct=None swap=no | guide: single_line_physical sides=left err=0.193m hdg=-30.8° | OUT steer=-25.0° v=10.0
F001396 18:20:19.048 | raw: L=none R(cx=411.7,a=6126,s=gue) | prep: det=right res=left via=mask | bev: 1mask present=left cx=None center=320.0 correct=None swap=no | guide: single_line_physical sides=left err=0.193m hdg=-33.0° | OUT steer=-25.0° v=10.0
F001397 18:20:19.131 | raw: L=none R(cx=411.7,a=6126,s=gue) | prep: det=right res=left via=mask | bev: 1mask present=left cx=None center=320.0 correct=None swap=no | guide: single_line_physical sides=left err=0.193m hdg=-33.5° | OUT steer=-25.0° v=10.0
F001398 18:20:19.358 | raw: L=none R(cx=397.2,a=6386,s=gue) | prep: det=right res=left via=mask | bev: 1mask present=left cx=None center=320.0 correct=None swap=no | guide: single_line_physical sides=left err=0.193m hdg=-32.2° | OUT steer=-25.0° v=10.0
F001399 18:20:19.439 | raw: L=none R(cx=395.8,a=6465,s=gue) | prep: det=right res=left via=mask | bev: 1mask present=left cx=None center=320.0 correct=None swap=no | guide: single_line_physical sides=left err=0.193m hdg=-32.1° | OUT steer=-25.0° v=10.0
F001400 18:20:19.522 | raw: L=none R(cx=395.8,a=6465,s=gue) | prep: det=right res=left via=mask | bev: 1mask present=left cx=None center=320.0 correct=None swap=no | guide: single_line_physical sides=left err=0.193m hdg=-32.3° | OUT steer=-25.0° v=10.0
F001401 18:20:19.778 | raw: L=none R(cx=381.5,a=6306,s=gue) | prep: det=right res=left via=mask | bev: 1mask present=left cx=None center=320.0 correct=None swap=no | guide: single_line_physical sides=left err=0.193m hdg=-29.1° | OUT steer=-25.0° v=10.0
F001402 18:20:19.870 | raw: L=none R(cx=370.3,a=6204,s=gue) | prep: det=right res=left via=mask | bev: 1mask present=left cx=None center=320.0 correct=None swap=no | guide: single_line_physical sides=left err=0.193m hdg=-29.6° | OUT steer=-25.0° v=10.0
F001403 18:20:19.955 | raw: L=none R(cx=378.4,a=6983,s=gue) | prep: det=right res=left via=mask | bev: 1mask present=left cx=None center=320.0 correct=None swap=no | guide: single_line_physical sides=left err=0.193m hdg=-31.6° | OUT steer=-25.0° v=10.0
F001404 18:20:20.181 | raw: L=none R(cx=372.4,a=7048,s=gue) | prep: det=right res=left via=mask | bev: 1mask present=left cx=None center=320.0 correct=None swap=no | guide: single_line_physical sides=left err=0.193m hdg=-33.5° | OUT steer=-25.0° v=10.0
F001405 18:20:20.273 | raw: L=none R(cx=368.3,a=7119,s=gue) | prep: det=right res=left via=mask | bev: 1mask present=left cx=None center=320.0 correct=None swap=no | guide: single_line_physical sides=left err=0.193m hdg=-33.7° | OUT steer=-25.0° v=10.0
F001406 18:20:20.363 | raw: L=none R(cx=366.1,a=7492,s=gue) | prep: det=right res=left via=mask | bev: 1mask present=left cx=None center=320.0 correct=None swap=no | guide: single_line_physical sides=left err=0.193m hdg=-34.9° | OUT steer=-25.0° v=10.0
F001407 18:20:20.587 | raw: L=none R(cx=424.8,a=4889,s=gue) | prep: det=right res=left via=mask | bev: 1mask present=left cx=None center=320.0 correct=None swap=no | guide: single_line_physical sides=left err=0.193m hdg=-7.4° | OUT steer=-11.2° v=10.0
F001408 18:20:20.678 | raw: L=none R(cx=409.5,a=5420,s=gue) | prep: det=right res=left via=mask | bev: 1mask present=left cx=None center=320.0 correct=None swap=no | guide: single_line_physical sides=left err=0.193m hdg=-5.8° | OUT steer=-5.8° v=10.0
F001409 18:20:20.756 | raw: L=none R(cx=400.1,a=5905,s=gue) | prep: det=right res=left via=mask | bev: 1mask present=left cx=None center=320.0 correct=None swap=no | guide: single_line_physical sides=left err=0.193m hdg=-5.8° | OUT steer=-5.8° v=10.0
F001410 18:20:20.915 | raw: L=none R(cx=407.9,a=5247,s=gue) | prep: det=right res=left via=mask | bev: 1mask present=left cx=None center=320.0 correct=None swap=no | guide: single_line_physical sides=left err=0.193m hdg=-6.6° | OUT steer=-6.6° v=11.0
F001411 18:20:21.010 | raw: L=none R(cx=402.6,a=5295,s=gue) | prep: det=right res=left via=mask | bev: 1mask present=left cx=None center=320.0 correct=None swap=no | guide: single_line_physical sides=left err=0.193m hdg=-5.3° | OUT steer=-5.3° v=12.0
F001412 18:20:21.096 | raw: L=none R(cx=402.6,a=5295,s=gue) | prep: det=right res=left via=mask | bev: 1mask present=left cx=None center=320.0 correct=None swap=no | guide: single_line_physical sides=left err=0.193m hdg=-7.2° | OUT steer=-7.2° v=12.0
F001413 18:20:21.252 | raw: L(cx=220.2,a=3232,s=gue) R(cx=395.2,a=5507,s=gue) | prep: det=None res=right via=mask dup=history | bev: 2mask Lcx=None Rcx=None center=320.0 swap=no | guide: single_line_physical sides=right err=-0.158m hdg=+3.4° | OUT steer=-7.2° v=12.0
F001414 18:20:21.370 | raw: L(cx=198.0,a=3501,s=gue) R(cx=387.8,a=6054,s=gue) | prep: det=None res=right via=mask dup=history | bev: 2mask Lcx=None Rcx=None center=320.0 swap=no | guide: single_line_physical sides=right err=-0.158m hdg=-0.5° | OUT steer=-7.2° v=12.0
F001415 18:20:21.454 | raw: L=none R(cx=376.0,a=5847,s=gue) | prep: det=right res=right via=mask | bev: 1mask present=right cx=None center=320.0 correct=None swap=no | guide: single_line_physical sides=right err=-0.158m hdg=+17.1° | OUT steer=-7.2° v=12.0
F001416 18:20:21.713 | raw: L=none R(cx=380.0,a=5674,s=gue) | prep: det=right res=right via=mask | bev: 1mask present=right cx=None center=320.0 correct=None swap=no | guide: single_line_physical sides=right err=-0.158m hdg=+17.4° | OUT steer=+17.4° v=11.5
F001417 18:20:21.804 | raw: L=none R(cx=380.0,a=5674,s=gue) | prep: det=right res=right via=mask | bev: 1mask present=right cx=None center=320.0 correct=None swap=no | guide: single_line_physical sides=right err=-0.158m hdg=+16.9° | OUT steer=+17.4° v=11.5
F001418 18:20:21.894 | raw: L=none R(cx=369.8,a=5496,s=gue) | prep: det=right res=right via=mask | bev: 1mask present=right cx=None center=320.0 correct=None swap=no | guide: single_line_physical sides=right err=-0.158m hdg=+17.6° | OUT steer=+17.4° v=11.5
F001419 18:20:22.112 | raw: L=none R(cx=367.4,a=5621,s=gue) | prep: det=right res=right via=mask | bev: 1mask present=right cx=None center=320.0 correct=None swap=no | guide: single_line_physical sides=right err=-0.158m hdg=+16.9° | OUT steer=+17.4° v=11.5
F001420 18:20:22.203 | raw: L=none R(cx=367.2,a=5769,s=gue) | prep: det=right res=right via=mask | bev: 1mask present=right cx=None center=320.0 correct=None swap=no | guide: single_line_physical sides=right err=-0.158m hdg=+17.0° | OUT steer=+17.0° v=11.6
F001421 18:20:22.286 | raw: L=none R(cx=381.3,a=6087,s=gue) | prep: det=right res=right via=mask | bev: 1mask present=right cx=None center=320.0 correct=None swap=no | guide: single_line_physical sides=right err=-0.158m hdg=+17.7° | OUT steer=+17.0° v=11.6
F001422 18:20:22.531 | raw: L=none R(cx=355.9,a=5975,s=gue) | prep: det=right res=right via=mask | bev: 1mask present=right cx=None center=320.0 correct=None swap=no | guide: single_line_physical sides=right err=-0.193m hdg=+16.7° | OUT steer=+17.0° v=11.6
F001423 18:20:22.631 | raw: L=none R(cx=378.9,a=5967,s=gue) | prep: det=right res=right via=mask | bev: 1mask present=right cx=None center=320.0 correct=None swap=no | guide: single_line_physical sides=right err=-0.193m hdg=+16.8° | OUT steer=+17.0° v=11.6
F001424 18:20:22.723 | raw: L=none R(cx=351.7,a=5627,s=gue) | prep: det=right res=right via=mask | bev: 1mask present=right cx=None center=320.0 correct=None swap=no | guide: single_line_physical sides=right err=-0.193m hdg=+16.9° | OUT steer=+16.9° v=11.6
F001425 18:20:22.847 | raw: L=none R(cx=341.6,a=5699,s=gue) | prep: det=right res=right via=mask | bev: 1mask present=right cx=None center=320.0 correct=None swap=no | guide: single_line_physical sides=right err=-0.193m hdg=+16.6° | OUT steer=+16.6° v=11.7
F001426 18:20:22.937 | raw: L=none R(cx=350.5,a=5479,s=gue) | prep: det=right res=right via=mask | bev: 1mask present=right cx=None center=320.0 correct=None swap=no | guide: single_line_physical sides=right err=-0.193m hdg=+16.8° | OUT steer=+16.8° v=11.6
F001427 18:20:23.080 | raw: L(cx=314.7,a=7001,s=gue) R(cx=634.5,a=584,s=gue) | prep: 2-line | bev: 2mask Lcx=None Rcx=None center=320.0 swap=no | guide: midpoint sides=left,right err=0.341m hdg=+0.0° | OUT steer=+16.8° v=10.0
F001428 18:20:23.360 | raw: L=none R(cx=634.5,a=752,s=gue) | prep: det=right res=right via=mask | bev: 1mask present=right cx=None center=320.0 correct=None swap=no | guide: single_line_physical sides=right err=0.193m hdg=-1.8° | OUT steer=+16.8° v=11.0
F001429 18:20:23.452 | raw: L=none R(cx=634.5,a=768,s=gue) | prep: det=right res=right via=mask | bev: 1mask present=right cx=None center=320.0 correct=None swap=no | guide: single_line_physical sides=right err=0.193m hdg=-2.5° | OUT steer=+16.8° v=11.6
F001430 18:20:23.543 | raw: L=none R(cx=350.6,a=6106,s=gue) | prep: det=right res=left via=mask | bev: 1mask present=left cx=None center=320.0 correct=None swap=no | guide: single_line_physical sides=left err=0.117m hdg=+0.4° | OUT steer=-2.9° v=12.0
F001431 18:20:23.756 | raw: L=none R(cx=344.3,a=6246,s=gue) | prep: det=right res=left via=mask | bev: 1mask present=left cx=None center=320.0 correct=None swap=no | guide: single_line_physical sides=left err=0.115m hdg=+0.1° | OUT steer=-2.9° v=12.0
F001432 18:20:23.853 | raw: L=none R(cx=334.5,a=6547,s=gue) | prep: det=right res=left via=mask | bev: 1mask present=left cx=None center=320.0 correct=None swap=no | guide: single_line_physical sides=left err=0.091m hdg=-0.3° | OUT steer=-2.9° v=12.0
F001433 18:20:23.958 | raw: L(cx=251.1,a=9336,s=gue) R(cx=626.2,a=2730,s=gue) | prep: 2-line | bev: 2mask Lcx=50.6 Rcx=None center=320.0 swap=no | guide: midpoint sides=left,right err=0.183m hdg=+0.0° | OUT steer=-2.9° v=10.0
F001434 18:20:24.204 | raw: L(cx=242.9,a=11674,s=gue) R(cx=621.8,a=3462,s=gue) | prep: 2-line | bev: 2mask Lcx=50.5 Rcx=None center=320.0 swap=no | guide: midpoint sides=left,right err=0.137m hdg=+0.0° | OUT steer=-2.8° v=10.0
F001435 18:20:24.324 | raw: L(cx=235.8,a=12523,s=gue) R(cx=621.5,a=3664,s=gue) | prep: 2-line | bev: 2mask Lcx=52.7 Rcx=None center=320.0 swap=no | guide: midpoint sides=left,right err=0.115m hdg=+0.0° | OUT steer=-2.6° v=10.0
F001436 18:20:24.434 | raw: L(cx=207.9,a=13882,s=gue) R(cx=620.3,a=3827,s=gue) | prep: 2-line | bev: 2mask Lcx=55.5 Rcx=None center=320.0 swap=no | guide: midpoint sides=left,right err=0.106m hdg=+0.0° | OUT steer=-2.6° v=10.0
F001437 18:20:24.606 | raw: L(cx=191.2,a=14962,s=gue) R(cx=616.3,a=4491,s=gue) | prep: 2-line | bev: 2mask Lcx=53.3 Rcx=None center=320.0 swap=no | guide: midpoint sides=left,right err=0.050m hdg=+0.0° | OUT steer=-2.6° v=10.0
F001438 18:20:24.723 | raw: L(cx=186.1,a=15353,s=gue) R(cx=615.2,a=4634,s=gue) | prep: 2-line | bev: 2mask Lcx=51.1 Rcx=None center=320.0 swap=no | guide: midpoint sides=left,right err=0.046m hdg=+0.0° | OUT steer=-2.6° v=10.0
F001439 18:20:24.863 | raw: L(cx=190.6,a=15797,s=gue) R(cx=612.2,a=5248,s=gue) | prep: 2-line | bev: 2mask Lcx=45.1 Rcx=None center=320.0 swap=no | guide: midpoint sides=left,right err=0.036m hdg=+0.0° | OUT steer=-2.6° v=11.0
F001440 18:20:25.008 | raw: L(cx=166.6,a=16325,s=gue) R(cx=610.3,a=5684,s=gue) | prep: 2-line | bev: 2mask Lcx=45.1 Rcx=None center=320.0 swap=no | guide: midpoint sides=left,right err=0.031m hdg=+0.0° | OUT steer=-2.7° v=12.0
F001441 18:20:25.117 | raw: L(cx=166.6,a=16325,s=gue) R(cx=610.3,a=5684,s=gue) | prep: 2-line | bev: 2mask Lcx=45.1 Rcx=None center=320.0 swap=no | guide: midpoint sides=left,right err=0.033m hdg=+0.0° | OUT steer=-2.9° v=13.0
F001442 18:20:25.226 | raw: L(cx=157.3,a=16874,s=gue) R(cx=606.2,a=5933,s=gue) | prep: 2-line | bev: 2mask Lcx=43.4 Rcx=None center=320.0 swap=no | guide: midpoint sides=left,right err=0.024m hdg=+0.0° | OUT steer=-3.1° v=14.0
F001443 18:20:25.516 | raw: L(cx=161.1,a=17715,s=gue) R(cx=602.6,a=6291,s=gue) | prep: 2-line | bev: 2mask Lcx=43.5 Rcx=None center=320.0 swap=no | guide: midpoint sides=left,right err=0.017m hdg=+0.0° | OUT steer=-3.3° v=14.3
F001444 18:20:25.654 | raw: L(cx=155.6,a=17506,s=gue) R(cx=599.3,a=6821,s=gue) | prep: 2-line | bev: 2mask Lcx=39.9 Rcx=None center=320.0 swap=no | guide: midpoint sides=left,right err=0.008m hdg=+0.0° | OUT steer=-3.4° v=14.3
F001445 18:20:25.780 | raw: L(cx=153.5,a=17426,s=gue) R(cx=596.5,a=7134,s=gue) | prep: 2-line | bev: 2mask Lcx=38.4 Rcx=None center=320.0 swap=no | guide: midpoint sides=left,right err=0.001m hdg=+0.0° | OUT steer=-3.5° v=14.3
F001446 18:20:25.927 | raw: L(cx=145.6,a=16080,s=gue) R(cx=593.1,a=7730,s=gue) | prep: 2-line | bev: 2mask Lcx=35.0 Rcx=None center=320.0 swap=no | guide: midpoint sides=left,right err=-0.010m hdg=+0.0° | OUT steer=-3.5° v=14.3
F001447 18:20:26.058 | raw: L(cx=147.8,a=15752,s=gue) R(cx=591.2,a=7941,s=gue) | prep: 2-line | bev: 2mask Lcx=33.1 Rcx=None center=320.0 swap=no | guide: midpoint sides=left,right err=-0.012m hdg=+0.0° | OUT steer=-3.5° v=14.3
F001448 18:20:26.169 | raw: L(cx=148.2,a=15647,s=gue) R(cx=587.0,a=8717,s=gue) | prep: 2-line | bev: 2mask Lcx=29.0 Rcx=None center=320.0 swap=no | guide: midpoint sides=left,right err=-0.015m hdg=+0.0° | OUT steer=-3.5° v=14.3
F001449 18:20:26.415 | raw: L(cx=148.2,a=15647,s=gue) R(cx=587.0,a=8717,s=gue) | prep: 2-line | bev: 2mask Lcx=29.0 Rcx=None center=320.0 swap=no | guide: midpoint sides=left,right err=-0.013m hdg=+0.0° | OUT steer=-3.5° v=14.3
F001450 18:20:26.528 | raw: L(cx=143.4,a=13911,s=gue) R(cx=582.5,a=9505,s=gue) | prep: 2-line | bev: 2mask Lcx=25.3 Rcx=None center=320.0 swap=no | guide: midpoint sides=left,right err=-0.016m hdg=+0.0° | OUT steer=-3.5° v=14.3
F001451 18:20:26.645 | raw: L(cx=143.4,a=13911,s=gue) R(cx=582.5,a=9505,s=gue) | prep: 2-line | bev: 2mask Lcx=25.3 Rcx=None center=320.0 swap=no | guide: midpoint sides=left,right err=-0.014m hdg=+0.0° | OUT steer=-3.5° v=14.3
F001452 18:20:26.837 | raw: L(cx=146.9,a=13776,s=gue) R(cx=579.2,a=10082,s=gue) | prep: 2-line | bev: 2mask Lcx=17.3 Rcx=None center=320.0 swap=no | guide: midpoint sides=left,right err=-0.015m hdg=+0.0° | OUT steer=-3.5° v=14.3
F001453 18:20:26.954 | raw: L(cx=150.4,a=13496,s=gue) R(cx=577.9,a=10255,s=gue) | prep: 2-line | bev: 2mask Lcx=7.6 Rcx=None center=320.0 swap=no | guide: midpoint sides=left,right err=-0.014m hdg=+0.0° | OUT steer=-3.5° v=14.3
F001454 18:20:27.073 | raw: L(cx=149.9,a=13113,s=gue) R(cx=576.3,a=10645,s=gue) | prep: 2-line | bev: 2mask Lcx=None Rcx=623.6 center=320.0 swap=no | guide: midpoint sides=left,right err=-0.014m hdg=+0.0° | OUT steer=-3.5° v=14.3
F001455 18:20:27.239 | raw: L(cx=148.2,a=12623,s=gue) R(cx=572.5,a=11167,s=gue) | prep: 2-line | bev: 2mask Lcx=None Rcx=621.4 center=320.0 swap=no | guide: midpoint sides=left,right err=-0.016m hdg=+0.0° | OUT steer=-3.5° v=14.3
F001456 18:20:27.369 | raw: L(cx=144.4,a=11941,s=gue) R(cx=570.2,a=11539,s=gue) | prep: 2-line | bev: 2mask Lcx=None Rcx=618.5 center=320.0 swap=no | guide: midpoint sides=left,right err=-0.014m hdg=+0.0° | OUT steer=-3.5° v=14.3
F001457 18:20:27.482 | raw: L(cx=147.4,a=11703,s=gue) R(cx=568.1,a=11987,s=gue) | prep: 2-line | bev: 2mask Lcx=None Rcx=616.9 center=320.0 swap=no | guide: midpoint sides=left,right err=-0.013m hdg=+0.0° | OUT steer=-3.5° v=14.3
F001458 18:20:27.663 | raw: L(cx=147.4,a=11089,s=gue) R(cx=566.3,a=12347,s=gue) | prep: 2-line | bev: 2mask Lcx=None Rcx=615.6 center=320.0 swap=no | guide: midpoint sides=left,right err=-0.013m hdg=+0.0° | OUT steer=-3.5° v=14.3
F001459 18:20:27.777 | raw: L(cx=148.1,a=10936,s=gue) R(cx=564.8,a=12573,s=gue) | prep: 2-line | bev: 2mask Lcx=None Rcx=614.5 center=320.0 swap=no | guide: midpoint sides=left,right err=-0.014m hdg=+0.0° | OUT steer=-3.5° v=14.3
F001460 18:20:27.891 | raw: L(cx=147.0,a=10700,s=gue) R(cx=562.8,a=12889,s=gue) | prep: 2-line | bev: 2mask Lcx=None Rcx=613.7 center=320.0 swap=no | guide: midpoint sides=left,right err=-0.015m hdg=+0.0° | OUT steer=-3.5° v=14.3
F001461 18:20:28.176 | raw: L(cx=141.6,a=10454,s=gue) R(cx=561.2,a=13064,s=gue) | prep: 2-line | bev: 2mask Lcx=None Rcx=614.1 center=320.0 swap=no | guide: midpoint sides=left,right err=-0.016m hdg=+0.0° | OUT steer=-3.5° v=10.0
F001462 18:20:28.307 | raw: L(cx=145.1,a=10615,s=gue) R(cx=556.8,a=13763,s=gue) | prep: 2-line | bev: 2mask Lcx=None Rcx=616.4 center=320.0 swap=no | guide: midpoint sides=left,right err=-0.018m hdg=+0.0° | OUT steer=-3.1° v=11.0
F001463 18:20:28.415 | raw: L(cx=143.2,a=9797,s=gue) R(cx=556.5,a=13966,s=gue) | prep: 2-line | bev: 2mask Lcx=None Rcx=614.9 center=320.0 swap=no | guide: midpoint sides=left,right err=-0.022m hdg=+0.0° | OUT steer=-2.8° v=12.0
F001464 18:20:28.685 | raw: L(cx=142.0,a=9921,s=gue) R(cx=557.6,a=14189,s=gue) | prep: 2-line | bev: 2mask Lcx=None Rcx=612.2 center=320.0 swap=no | guide: midpoint sides=left,right err=-0.023m hdg=+0.0° | OUT steer=-2.9° v=13.0
F001465 18:20:28.794 | raw: L(cx=144.9,a=10515,s=gue) R(cx=558.9,a=14575,s=gue) | prep: 2-line | bev: 2mask Lcx=None Rcx=608.7 center=320.0 swap=no | guide: midpoint sides=left,right err=-0.023m hdg=+0.0° | OUT steer=-3.1° v=14.0
F001466 18:20:28.896 | raw: L(cx=142.9,a=9968,s=gue) R(cx=559.5,a=14578,s=gue) | prep: 2-line | bev: 2mask Lcx=None Rcx=607.9 center=320.0 swap=no | guide: midpoint sides=left,right err=-0.025m hdg=+0.0° | OUT steer=-3.3° v=14.3
F001467 18:20:29.092 | raw: L(cx=143.1,a=9985,s=gue) R(cx=559.9,a=14713,s=gue) | prep: 2-line | bev: 2mask Lcx=None Rcx=606.7 center=320.0 swap=no | guide: midpoint sides=left,right err=-0.027m hdg=+0.0° | OUT steer=-3.4° v=14.3
F001468 18:20:29.225 | raw: L(cx=142.2,a=9996,s=gue) R(cx=560.8,a=14850,s=gue) | prep: 2-line | bev: 2mask Lcx=None Rcx=605.4 center=320.0 swap=no | guide: midpoint sides=left,right err=-0.026m hdg=+0.0° | OUT steer=-3.5° v=14.3
F001469 18:20:29.369 | raw: L(cx=144.8,a=10263,s=gue) R(cx=562.2,a=14932,s=gue) | prep: 2-line | bev: 2mask Lcx=None Rcx=603.9 center=320.0 swap=no | guide: midpoint sides=left,right err=-0.026m hdg=+0.0° | OUT steer=-3.5° v=14.3
F001470 18:20:29.495 | raw: L(cx=146.6,a=10285,s=gue) R(cx=563.1,a=15008,s=gue) | prep: 2-line | bev: 2mask Lcx=None Rcx=603.1 center=320.0 swap=no | guide: midpoint sides=left,right err=-0.025m hdg=+0.0° | OUT steer=-3.5° v=10.0
F001471 18:20:29.621 | raw: L(cx=141.3,a=10228,s=gue) R(cx=563.2,a=15024,s=gue) | prep: 2-line | bev: 2mask Lcx=None Rcx=602.1 center=320.0 swap=no | guide: midpoint sides=left,right err=-0.024m hdg=+0.0° | OUT steer=-3.1° v=10.0
F001472 18:20:29.749 | raw: L(cx=141.3,a=10228,s=gue) R(cx=563.2,a=15024,s=gue) | prep: 2-line | bev: 2mask Lcx=None Rcx=602.1 center=320.0 swap=no | guide: midpoint sides=left,right err=-0.023m hdg=+0.0° | OUT steer=-2.7° v=10.0
F001473 18:20:30.009 | raw: L(cx=142.9,a=10030,s=gue) R(cx=563.7,a=15252,s=gue) | prep: 2-line | bev: 2mask Lcx=None Rcx=600.9 center=320.0 swap=no | guide: midpoint sides=left,right err=-0.023m hdg=+0.0° | OUT steer=-2.6° v=10.0
F001474 18:20:30.122 | raw: L(cx=143.2,a=10214,s=gue) R(cx=564.0,a=15160,s=gue) | prep: 2-line | bev: 2mask Lcx=None Rcx=601.1 center=320.0 swap=no | guide: midpoint sides=left,right err=-0.024m hdg=+0.0° | OUT steer=-2.6° v=10.0
F001475 18:20:30.234 | raw: L(cx=146.7,a=10210,s=gue) R(cx=564.9,a=15189,s=gue) | prep: 2-line | bev: 2mask Lcx=None Rcx=600.6 center=320.0 swap=no | guide: midpoint sides=left,right err=-0.023m hdg=+0.0° | OUT steer=-2.6° v=10.0
F001476 18:20:30.455 | raw: L(cx=146.7,a=10210,s=gue) R(cx=564.9,a=15189,s=gue) | prep: 2-line | bev: 2mask Lcx=None Rcx=600.6 center=320.0 swap=no | guide: ? sides=? err=? hdg=-0.8° | OUT steer=-2.6° v=10.0
F001477 18:20:30.592 | raw: L(cx=143.9,a=10307,s=gue) R(cx=563.4,a=15506,s=gue) | prep: 2-line | bev: 2mask Lcx=None Rcx=599.6 center=320.0 swap=no | guide: midpoint sides=left,right err=-0.024m hdg=+0.0° | OUT steer=-2.6° v=10.0
F001478 18:20:30.730 | raw: L(cx=140.7,a=9995,s=gue) R(cx=558.9,a=15769,s=gue) | prep: 2-line | bev: 2mask Lcx=None Rcx=598.3 center=320.0 swap=no | guide: midpoint sides=left,right err=-0.026m hdg=+0.0° | OUT steer=-2.6° v=10.0
F001479 18:20:30.908 | raw: L(cx=139.4,a=9199,s=gue) R(cx=554.6,a=16173,s=gue) | prep: 2-line | bev: 2mask Lcx=None Rcx=596.9 center=320.0 swap=no | guide: midpoint sides=left,right err=-0.030m hdg=+0.0° | OUT steer=-2.6° v=10.0
F001480 18:20:31.032 | raw: L(cx=137.8,a=9098,s=gue) R(cx=552.8,a=16327,s=gue) | prep: 2-line | bev: 2mask Lcx=None Rcx=597.7 center=320.0 swap=no | guide: midpoint sides=left,right err=-0.031m hdg=+0.0° | OUT steer=-2.6° v=10.0
F001481 18:20:31.153 | raw: L(cx=138.1,a=9131,s=gue) R(cx=551.9,a=16339,s=gue) | prep: 2-line | bev: 2mask Lcx=None Rcx=598.2 center=320.0 swap=no | guide: midpoint sides=left,right err=-0.031m hdg=+0.0° | OUT steer=-2.6° v=10.0
F001482 18:20:31.389 | raw: L(cx=138.1,a=9131,s=gue) R(cx=551.9,a=16339,s=gue) | prep: 2-line | bev: 2mask Lcx=None Rcx=598.2 center=320.0 swap=no | guide: ? sides=? err=? hdg=-0.8° | OUT steer=-2.6° v=10.0
F001483 18:20:31.459 | raw: L(cx=138.1,a=9131,s=gue) R(cx=551.9,a=16339,s=gue) | prep: 2-line | bev: 2mask Lcx=None Rcx=598.2 center=320.0 swap=no | guide: ? sides=? err=? hdg=-0.8° | OUT steer=-2.6° v=10.0
F001484 18:20:31.581 | raw: L(cx=137.0,a=8986,s=gue) R(cx=550.4,a=16137,s=gue) | prep: 2-line | bev: 2mask Lcx=None Rcx=600.9 center=320.0 swap=no | guide: midpoint sides=left,right err=-0.031m hdg=+0.0° | OUT steer=-2.6° v=10.0
F001485 18:20:31.690 | raw: L(cx=137.0,a=8986,s=gue) R(cx=550.4,a=16137,s=gue) | prep: 2-line | bev: 2mask Lcx=None Rcx=600.9 center=320.0 swap=no | guide: ? sides=? err=? hdg=-0.8° | OUT steer=-2.6° v=10.0
F001486 18:20:31.800 | raw: L(cx=137.9,a=9180,s=gue) R(cx=550.1,a=15963,s=gue) | prep: 2-line | bev: 2mask Lcx=None Rcx=601.5 center=320.0 swap=no | guide: midpoint sides=left,right err=-0.030m hdg=+0.0° | OUT steer=-2.6° v=10.0
F001487 18:20:31.870 | raw: L(cx=137.9,a=9180,s=gue) R(cx=550.1,a=15963,s=gue) | prep: 2-line | bev: 2mask Lcx=None Rcx=601.5 center=320.0 swap=no | guide: ? sides=? err=? hdg=-0.8° | OUT steer=-2.6° v=1.0
F001488 18:20:32.146 | raw: L(cx=137.2,a=9254,s=gue) R(cx=550.4,a=15684,s=gue) | prep: 2-line | bev: 2mask Lcx=None Rcx=601.0 center=320.0 swap=no | guide: midpoint sides=left,right err=-0.028m hdg=+0.0° | OUT steer=-1.6° v=2.0
F001489 18:20:32.216 | raw: L(cx=137.2,a=9254,s=gue) R(cx=550.4,a=15684,s=gue) | prep: 2-line | bev: 2mask Lcx=None Rcx=601.0 center=320.0 swap=no | guide: ? sides=? err=? hdg=-0.8° | OUT steer=-1.4° v=3.0
F001490 18:20:32.283 | raw: L(cx=137.2,a=9254,s=gue) R(cx=550.4,a=15684,s=gue) | prep: 2-line | bev: 2mask Lcx=None Rcx=601.0 center=320.0 swap=no | guide: ? sides=? err=? hdg=-0.8° | OUT steer=-1.4° v=4.0
F001491 18:20:32.465 | raw: L(cx=136.7,a=9178,s=gue) R(cx=550.1,a=15867,s=gue) | prep: 2-line | bev: 2mask Lcx=None Rcx=600.0 center=320.0 swap=no | guide: midpoint sides=left,right err=-0.025m hdg=+0.0° | OUT steer=-0.9° v=5.0
F001492 18:20:32.577 | raw: L(cx=135.4,a=9176,s=gue) R(cx=549.8,a=15781,s=gue) | prep: 2-line | bev: 2mask Lcx=None Rcx=599.9 center=320.0 swap=no | guide: midpoint sides=left,right err=-0.023m hdg=+0.0° | OUT steer=-1.2° v=6.0
F001493 18:20:32.689 | raw: L(cx=134.5,a=9299,s=gue) R(cx=550.2,a=15854,s=gue) | prep: 2-line | bev: 2mask Lcx=None Rcx=599.0 center=320.0 swap=no | guide: midpoint sides=left,right err=-0.024m hdg=+0.0° | OUT steer=-1.5° v=7.0
F001494 18:20:32.910 | raw: L(cx=134.5,a=9299,s=gue) R(cx=550.2,a=15854,s=gue) | prep: 2-line | bev: 2mask Lcx=None Rcx=599.0 center=320.0 swap=no | guide: ? sides=? err=? hdg=-0.8° | OUT steer=-1.6° v=8.0
F001495 18:20:33.043 | raw: L(cx=132.1,a=9281,s=gue) R(cx=550.6,a=15826,s=gue) | prep: 2-line | bev: 2mask Lcx=None Rcx=598.9 center=320.0 swap=no | guide: midpoint sides=left,right err=-0.024m hdg=+0.0° | OUT steer=-1.9° v=9.0
F001496 18:20:33.161 | raw: L(cx=133.0,a=9350,s=gue) R(cx=550.5,a=15836,s=gue) | prep: 2-line | bev: 2mask Lcx=None Rcx=598.9 center=320.0 swap=no | guide: midpoint sides=left,right err=-0.026m hdg=+0.0° | OUT steer=-2.2° v=10.0
F001497 18:20:33.478 | raw: L(cx=134.1,a=9118,s=gue) R(cx=551.7,a=15825,s=gue) | prep: 2-line | bev: 2mask Lcx=None Rcx=599.6 center=320.0 swap=no | guide: midpoint sides=left,right err=-0.026m hdg=+0.0° | OUT steer=-2.5° v=10.0
F001498 18:20:33.597 | raw: L(cx=135.9,a=8972,s=gue) R(cx=552.5,a=15681,s=gue) | prep: 2-line | bev: 2mask Lcx=None Rcx=600.1 center=320.0 swap=no | guide: midpoint sides=left,right err=-0.026m hdg=+0.0° | OUT steer=-2.6° v=11.0
F001499 18:20:33.718 | raw: L(cx=137.9,a=9012,s=gue) R(cx=554.1,a=15290,s=gue) | prep: 2-line | bev: 2mask Lcx=None Rcx=601.8 center=320.0 swap=no | guide: midpoint sides=left,right err=-0.023m hdg=+0.0° | OUT steer=-2.7° v=12.0
F001500 18:20:34.004 | raw: L(cx=138.1,a=8981,s=gue) R(cx=554.1,a=15451,s=gue) | prep: 2-line | bev: 2mask Lcx=None Rcx=601.9 center=320.0 swap=no | guide: midpoint sides=left,right err=-0.020m hdg=+0.0° | OUT steer=-2.9° v=13.0
F001501 18:20:34.126 | raw: L(cx=138.3,a=9071,s=gue) R(cx=554.3,a=15445,s=gue) | prep: 2-line | bev: 2mask Lcx=None Rcx=602.4 center=320.0 swap=no | guide: midpoint sides=left,right err=-0.017m hdg=+0.0° | OUT steer=-3.1° v=14.0
F001502 18:20:34.237 | raw: L(cx=138.5,a=9093,s=gue) R(cx=554.3,a=15545,s=gue) | prep: 2-line | bev: 2mask Lcx=None Rcx=602.3 center=320.0 swap=no | guide: midpoint sides=left,right err=-0.010m hdg=+0.0° | OUT steer=-3.3° v=14.3
F001503 18:20:34.467 | raw: L(cx=138.1,a=9189,s=gue) R(cx=555.6,a=15469,s=gue) | prep: 2-line | bev: 2mask Lcx=None Rcx=601.9 center=320.0 swap=no | guide: midpoint sides=left,right err=-0.005m hdg=+0.0° | OUT steer=-3.4° v=14.3
F001504 18:20:34.592 | raw: L(cx=138.4,a=9189,s=gue) R(cx=555.8,a=15553,s=gue) | prep: 2-line | bev: 2mask Lcx=None Rcx=602.0 center=320.0 swap=no | guide: midpoint sides=left,right err=-0.003m hdg=+0.0° | OUT steer=-3.5° v=14.3
F001505 18:20:34.703 | raw: L(cx=137.8,a=9173,s=gue) R(cx=556.7,a=15874,s=gue) | prep: 2-line | bev: 2mask Lcx=None Rcx=600.8 center=320.0 swap=no | guide: midpoint sides=left,right err=-0.007m hdg=+0.0° | OUT steer=-3.5° v=14.3
F001506 18:20:35.014 | raw: L(cx=138.0,a=9193,s=gue) R(cx=557.0,a=15801,s=gue) | prep: 2-line | bev: 2mask Lcx=None Rcx=600.8 center=320.0 swap=no | guide: midpoint sides=left,right err=-0.010m hdg=+0.0° | OUT steer=-3.5° v=14.3
F001507 18:20:35.152 | raw: L(cx=138.7,a=9271,s=gue) R(cx=557.4,a=15786,s=gue) | prep: 2-line | bev: 2mask Lcx=None Rcx=601.0 center=320.0 swap=no | guide: midpoint sides=left,right err=-0.014m hdg=+0.0° | OUT steer=-3.5° v=14.3
F001508 18:20:35.285 | raw: L(cx=137.7,a=9220,s=gue) R(cx=557.9,a=15578,s=gue) | prep: 2-line | bev: 2mask Lcx=None Rcx=601.2 center=320.0 swap=no | guide: midpoint sides=left,right err=-0.018m hdg=+0.0° | OUT steer=-3.5° v=14.3
F001509 18:20:35.523 | raw: L(cx=137.5,a=9034,s=gue) R(cx=557.6,a=15794,s=gue) | prep: 2-line | bev: 2mask Lcx=None Rcx=602.4 center=320.0 swap=no | guide: midpoint sides=left,right err=-0.025m hdg=+0.0° | OUT steer=-3.5° v=10.0
F001510 18:20:35.647 | raw: L(cx=137.1,a=9034,s=gue) R(cx=557.8,a=15481,s=gue) | prep: 2-line | bev: 2mask Lcx=None Rcx=605.3 center=320.0 swap=no | guide: midpoint sides=left,right err=-0.028m hdg=+0.0° | OUT steer=-3.1° v=10.0
F001511 18:20:35.760 | raw: L(cx=137.3,a=8972,s=gue) R(cx=557.6,a=15435,s=gue) | prep: 2-line | bev: 2mask Lcx=None Rcx=607.6 center=320.0 swap=no | guide: midpoint sides=left,right err=-0.030m hdg=+0.0° | OUT steer=-2.7° v=11.0
F001512 18:20:35.997 | raw: L(cx=140.5,a=8808,s=gue) R(cx=557.1,a=15446,s=gue) | prep: 2-line | bev: 2mask Lcx=None Rcx=609.1 center=320.0 swap=no | guide: midpoint sides=left,right err=-0.036m hdg=+0.0° | OUT steer=-2.7° v=10.0
F001513 18:20:36.114 | raw: L(cx=140.5,a=8803,s=gue) R(cx=557.3,a=15432,s=gue) | prep: 2-line | bev: 2mask Lcx=None Rcx=608.8 center=320.0 swap=no | guide: midpoint sides=left,right err=-0.041m hdg=+0.0° | OUT steer=-2.7° v=10.0
F001514 18:20:36.225 | raw: L(cx=140.5,a=9129,s=gue) R(cx=557.4,a=15232,s=gue) | prep: 2-line | bev: 2mask Lcx=None Rcx=608.9 center=320.0 swap=no | guide: midpoint sides=left,right err=-0.041m hdg=+0.0° | OUT steer=-2.6° v=11.0
F001515 18:20:36.527 | raw: L(cx=138.7,a=9176,s=gue) R(cx=557.7,a=15121,s=gue) | prep: 2-line | bev: 2mask Lcx=None Rcx=607.9 center=320.0 swap=no | guide: midpoint sides=left,right err=-0.041m hdg=+0.0° | OUT steer=-2.7° v=10.0
F001516 18:20:36.642 | raw: L(cx=139.4,a=8962,s=gue) R(cx=559.7,a=15548,s=gue) | prep: 2-line | bev: 2mask Lcx=None Rcx=604.4 center=320.0 swap=no | guide: midpoint sides=left,right err=-0.036m hdg=+0.0° | OUT steer=-2.7° v=11.0
F001517 18:20:36.762 | raw: L(cx=139.4,a=8962,s=gue) R(cx=559.7,a=15548,s=gue) | prep: 2-line | bev: 2mask Lcx=None Rcx=604.4 center=320.0 swap=no | guide: midpoint sides=left,right err=-0.033m hdg=+0.0° | OUT steer=-2.7° v=10.0
F001518 18:20:37.050 | raw: L(cx=141.8,a=8834,s=gue) R(cx=560.9,a=15518,s=gue) | prep: 2-line | bev: 2mask Lcx=None Rcx=602.6 center=320.0 swap=no | guide: midpoint sides=left,right err=-0.034m hdg=+0.0° | OUT steer=-2.7° v=10.0
F001519 18:20:37.164 | raw: L(cx=140.8,a=9284,s=gue) R(cx=564.1,a=15994,s=gue) | prep: 2-line | bev: 2mask Lcx=None Rcx=597.4 center=320.0 swap=no | guide: midpoint sides=left,right err=-0.037m hdg=+0.0° | OUT steer=-2.6° v=11.0
F001520 18:20:37.291 | raw: L(cx=140.8,a=9284,s=gue) R(cx=564.1,a=15994,s=gue) | prep: 2-line | bev: 2mask Lcx=None Rcx=597.4 center=320.0 swap=no | guide: midpoint sides=left,right err=-0.041m hdg=+0.0° | OUT steer=-2.7° v=12.0
F001521 18:20:37.554 | raw: L(cx=141.6,a=9093,s=gue) R(cx=565.1,a=15835,s=gue) | prep: 2-line | bev: 2mask Lcx=None Rcx=595.9 center=320.0 swap=no | guide: midpoint sides=left,right err=-0.046m hdg=+0.0° | OUT steer=-2.9° v=10.0
F001522 18:20:37.676 | raw: L(cx=142.9,a=8967,s=gue) R(cx=566.6,a=15699,s=gue) | prep: 2-line | bev: 2mask Lcx=None Rcx=595.4 center=320.0 swap=no | guide: midpoint sides=left,right err=-0.048m hdg=+0.0° | OUT steer=-2.8° v=11.0
F001523 18:20:37.796 | raw: L(cx=144.1,a=9156,s=gue) R(cx=568.4,a=15617,s=gue) | prep: 2-line | bev: 2mask Lcx=None Rcx=595.1 center=320.0 swap=no | guide: midpoint sides=left,right err=-0.051m hdg=+0.0° | OUT steer=-2.7° v=12.0
F001524 18:20:37.939 | raw: L(cx=146.2,a=9160,s=gue) R(cx=569.8,a=15606,s=gue) | prep: 2-line | bev: 2mask Lcx=None Rcx=595.4 center=320.0 swap=no | guide: midpoint sides=left,right err=-0.054m hdg=+0.0° | OUT steer=-2.9° v=13.0
F001525 18:20:38.065 | raw: L(cx=145.8,a=9311,s=gue) R(cx=570.3,a=15433,s=gue) | prep: 2-line | bev: 2mask Lcx=None Rcx=595.8 center=320.0 swap=no | guide: midpoint sides=left,right err=-0.053m hdg=+0.0° | OUT steer=-3.1° v=14.0
F001526 18:20:38.191 | raw: L(cx=152.1,a=8588,s=gue) R(cx=571.4,a=15294,s=gue) | prep: 2-line | bev: 2mask Lcx=None Rcx=597.7 center=320.0 swap=no | guide: midpoint sides=left,right err=-0.050m hdg=+0.0° | OUT steer=-3.3° v=14.3
F001527 18:20:38.469 | raw: L(cx=153.3,a=8644,s=gue) R(cx=571.8,a=15009,s=gue) | prep: 2-line | bev: 2mask Lcx=None Rcx=599.7 center=320.0 swap=no | guide: midpoint sides=left,right err=-0.046m hdg=+0.0° | OUT steer=-3.4° v=14.3
F001528 18:20:38.594 | raw: L(cx=153.3,a=8644,s=gue) R(cx=571.8,a=15009,s=gue) | prep: 2-line | bev: 2mask Lcx=None Rcx=599.7 center=320.0 swap=no | guide: midpoint sides=left,right err=-0.044m hdg=+0.0° | OUT steer=-3.5° v=14.3
F001529 18:20:38.720 | raw: L(cx=153.3,a=9056,s=gue) R(cx=572.9,a=14746,s=gue) | prep: 2-line | bev: 2mask Lcx=None Rcx=601.0 center=320.0 swap=no | guide: midpoint sides=left,right err=-0.046m hdg=+0.0° | OUT steer=-3.5° v=14.3
F001530 18:20:38.962 | raw: L(cx=160.8,a=8513,s=gue) R(cx=575.1,a=14528,s=gue) | prep: 2-line | bev: 2mask Lcx=None Rcx=601.4 center=320.0 swap=no | guide: midpoint sides=left,right err=-0.029m hdg=+0.0° | OUT steer=-3.5° v=14.3
F001531 18:20:39.077 | raw: L(cx=160.8,a=8513,s=gue) R(cx=575.1,a=14528,s=gue) | prep: 2-line | bev: 2mask Lcx=None Rcx=601.4 center=320.0 swap=no | guide: midpoint sides=left,right err=-0.020m hdg=+0.0° | OUT steer=-3.5° v=14.3
F001532 18:20:39.198 | raw: L(cx=150.7,a=9684,s=gue) R(cx=578.5,a=14486,s=gue) | prep: 2-line | bev: 2mask Lcx=None Rcx=598.9 center=320.0 swap=no | guide: midpoint sides=left,right err=-0.028m hdg=+0.0° | OUT steer=-3.5° v=14.3
F001533 18:20:39.481 | raw: L(cx=150.1,a=10076,s=gue) R(cx=580.0,a=14213,s=gue) | prep: 2-line | bev: 2mask Lcx=None Rcx=597.3 center=320.0 swap=no | guide: midpoint sides=left,right err=-0.014m hdg=+0.0° | OUT steer=-3.5° v=14.3
F001534 18:20:39.603 | raw: L(cx=148.3,a=10289,s=gue) R(cx=581.1,a=13980,s=gue) | prep: 2-line | bev: 2mask Lcx=None Rcx=597.5 center=320.0 swap=no | guide: midpoint sides=left,right err=-0.026m hdg=+0.0° | OUT steer=-3.5° v=14.3
F001535 18:20:39.711 | raw: L(cx=142.3,a=10643,s=gue) R(cx=579.7,a=13853,s=gue) | prep: 2-line | bev: 2mask Lcx=None Rcx=598.5 center=320.0 swap=no | guide: midpoint sides=left,right err=-0.012m hdg=+0.0° | OUT steer=-3.5° v=14.3
F001536 18:20:39.961 | raw: L(cx=139.2,a=10503,s=gue) R(cx=578.5,a=13871,s=gue) | prep: 2-line | bev: 2mask Lcx=None Rcx=598.4 center=320.0 swap=no | guide: midpoint sides=left,right err=-0.006m hdg=+0.0° | OUT steer=-3.5° v=14.3
F001537 18:20:40.084 | raw: L(cx=136.5,a=10685,s=gue) R(cx=576.8,a=13968,s=gue) | prep: 2-line | bev: 2mask Lcx=None Rcx=598.0 center=320.0 swap=no | guide: midpoint sides=left,right err=-0.000m hdg=+0.0° | OUT steer=-3.5° v=14.3
F001538 18:20:40.193 | raw: L(cx=129.0,a=11065,s=gue) R(cx=574.3,a=14353,s=gue) | prep: 2-line | bev: 2mask Lcx=None Rcx=597.4 center=320.0 swap=no | guide: midpoint sides=left,right err=-0.020m hdg=+0.0° | OUT steer=-3.5° v=14.3
F001539 18:20:40.476 | raw: L(cx=127.0,a=11175,s=gue) R(cx=571.9,a=14399,s=gue) | prep: 2-line | bev: 2mask Lcx=None Rcx=597.5 center=320.0 swap=no | guide: midpoint sides=left,right err=-0.032m hdg=+0.0° | OUT steer=-3.5° v=14.3
F001540 18:20:40.595 | raw: L(cx=122.9,a=10985,s=gue) R(cx=570.8,a=14188,s=gue) | prep: 2-line | bev: 2mask Lcx=None Rcx=597.5 center=320.0 swap=no | guide: midpoint sides=left,right err=-0.036m hdg=+0.0° | OUT steer=-3.5° v=14.3
F001541 18:20:40.716 | raw: L(cx=122.3,a=11054,s=gue) R(cx=570.3,a=13948,s=gue) | prep: 2-line | bev: 2mask Lcx=None Rcx=598.1 center=320.0 swap=no | guide: midpoint sides=left,right err=-0.038m hdg=+0.0° | OUT steer=-3.5° v=14.3
F001542 18:20:40.871 | raw: L(cx=121.3,a=10967,s=gue) R(cx=568.7,a=13433,s=gue) | prep: 2-line | bev: 2mask Lcx=None Rcx=600.2 center=320.0 swap=no | guide: midpoint sides=left,right err=-0.039m hdg=+0.0° | OUT steer=-3.5° v=14.3
F001543 18:20:40.991 | raw: L(cx=121.3,a=10967,s=gue) R(cx=568.7,a=13433,s=gue) | prep: 2-line | bev: 2mask Lcx=None Rcx=600.2 center=320.0 swap=no | guide: midpoint sides=left,right err=-0.041m hdg=+0.0° | OUT steer=-3.5° v=14.3
F001544 18:20:41.102 | raw: L(cx=120.0,a=11121,s=gue) R(cx=567.9,a=13024,s=gue) | prep: 2-line | bev: 2mask Lcx=None Rcx=601.9 center=320.0 swap=no | guide: midpoint sides=left,right err=-0.041m hdg=+0.0° | OUT steer=-3.5° v=14.3
F001545 18:20:41.297 | raw: L(cx=117.8,a=11071,s=gue) R(cx=566.5,a=12935,s=gue) | prep: 2-line | bev: 2mask Lcx=None Rcx=604.5 center=320.0 swap=no | guide: midpoint sides=left,right err=-0.041m hdg=+0.0° | OUT steer=-3.5° v=14.3
F001546 18:20:41.435 | raw: L(cx=116.2,a=11067,s=gue) R(cx=564.6,a=13050,s=gue) | prep: 2-line | bev: 2mask Lcx=None Rcx=605.6 center=320.0 swap=no | guide: midpoint sides=left,right err=-0.040m hdg=+0.0° | OUT steer=-3.5° v=14.3
F001547 18:20:41.557 | raw: L(cx=110.6,a=11295,s=gue) R(cx=563.1,a=13257,s=gue) | prep: 2-line | bev: 2mask Lcx=None Rcx=606.1 center=320.0 swap=no | guide: midpoint sides=left,right err=-0.041m hdg=+0.0° | OUT steer=-3.5° v=14.3
F001548 18:20:41.810 | raw: L(cx=105.7,a=11487,s=gue) R(cx=561.2,a=13507,s=gue) | prep: 2-line | bev: 2mask Lcx=None Rcx=606.4 center=320.0 swap=no | guide: midpoint sides=left,right err=-0.039m hdg=+0.0° | OUT steer=-3.5° v=10.0
F001549 18:20:41.948 | raw: L(cx=97.4,a=11502,s=gue) R(cx=558.7,a=13823,s=gue) | prep: 2-line | bev: 2mask Lcx=None Rcx=605.9 center=320.0 swap=no | guide: midpoint sides=left,right err=-0.034m hdg=+0.0° | OUT steer=-3.1° v=10.0
F001550 18:20:42.083 | raw: L(cx=95.3,a=11273,s=gue) R(cx=556.5,a=14081,s=gue) | prep: 2-line | bev: 2mask Lcx=None Rcx=605.1 center=320.0 swap=no | guide: midpoint sides=left,right err=-0.029m hdg=+0.0° | OUT steer=-2.7° v=10.0
F001551 18:20:42.306 | raw: L(cx=87.8,a=10775,s=gue) R(cx=553.8,a=14570,s=gue) | prep: 2-line | bev: 2mask Lcx=None Rcx=603.1 center=320.0 swap=no | guide: midpoint sides=left,right err=-0.026m hdg=+0.0° | OUT steer=-2.6° v=10.0
F001552 18:20:42.430 | raw: L(cx=81.2,a=10216,s=gue) R(cx=551.2,a=14848,s=gue) | prep: 2-line | bev: 2mask Lcx=None Rcx=601.4 center=320.0 swap=no | guide: midpoint sides=left,right err=-0.023m hdg=+0.0° | OUT steer=-2.6° v=10.0
F001553 18:20:42.543 | raw: L(cx=82.9,a=9769,s=gue) R(cx=550.2,a=15066,s=gue) | prep: 2-line | bev: 2mask Lcx=None Rcx=601.3 center=320.0 swap=no | guide: midpoint sides=left,right err=-0.019m hdg=+0.0° | OUT steer=-2.6° v=10.0
F001554 18:20:42.739 | raw: L(cx=80.3,a=9591,s=gue) R(cx=549.7,a=14950,s=gue) | prep: 2-line | bev: 2mask Lcx=None Rcx=601.1 center=320.0 swap=no | guide: midpoint sides=left,right err=-0.015m hdg=+0.0° | OUT steer=-2.6° v=11.0
F001555 18:20:42.875 | raw: L(cx=79.2,a=9329,s=gue) R(cx=548.3,a=14831,s=gue) | prep: 2-line | bev: 2mask Lcx=None Rcx=601.6 center=320.0 swap=no | guide: midpoint sides=left,right err=-0.013m hdg=+0.0° | OUT steer=-2.7° v=12.0
F001556 18:20:42.992 | raw: L(cx=78.1,a=9212,s=gue) R(cx=548.0,a=14787,s=gue) | prep: 2-line | bev: 2mask Lcx=None Rcx=601.7 center=320.0 swap=no | guide: midpoint sides=left,right err=-0.011m hdg=+0.0° | OUT steer=-2.9° v=13.0
F001557 18:20:43.240 | raw: L(cx=77.2,a=8970,s=gue) R(cx=545.8,a=14895,s=gue) | prep: 2-line | bev: 2mask Lcx=None Rcx=602.1 center=320.0 swap=no | guide: midpoint sides=left,right err=-0.009m hdg=+0.0° | OUT steer=-3.1° v=14.0
F001558 18:20:43.359 | raw: L(cx=75.2,a=8811,s=gue) R(cx=545.9,a=14738,s=gue) | prep: 2-line | bev: 2mask Lcx=None Rcx=602.4 center=320.0 swap=no | guide: midpoint sides=left,right err=-0.008m hdg=+0.0° | OUT steer=-3.3° v=14.3
F001559 18:20:43.479 | raw: L(cx=73.7,a=8604,s=gue) R(cx=545.2,a=14495,s=gue) | prep: 2-line | bev: 2mask Lcx=None Rcx=602.9 center=320.0 swap=no | guide: midpoint sides=left,right err=-0.008m hdg=+0.0° | OUT steer=-3.4° v=14.3
F001560 18:20:43.747 | raw: L(cx=71.8,a=8528,s=gue) R(cx=545.1,a=14439,s=gue) | prep: 2-line | bev: 2mask Lcx=None Rcx=603.0 center=320.0 swap=no | guide: midpoint sides=left,right err=-0.007m hdg=+0.0° | OUT steer=-3.5° v=10.0
F001561 18:20:43.859 | raw: L(cx=69.1,a=8420,s=gue) R(cx=542.8,a=14091,s=gue) | prep: 2-line | bev: 2mask Lcx=None Rcx=605.0 center=320.0 swap=no | guide: midpoint sides=left,right err=-0.006m hdg=+0.0° | OUT steer=-3.1° v=11.0
F001562 18:20:43.970 | raw: L(cx=64.3,a=8246,s=gue) R(cx=541.1,a=13923,s=gue) | prep: 2-line | bev: 2mask Lcx=None Rcx=604.3 center=320.0 swap=no | guide: midpoint sides=left,right err=-0.002m hdg=+0.0° | OUT steer=-2.8° v=12.0
F001563 18:20:44.153 | raw: L(cx=62.4,a=8030,s=gue) R(cx=539.9,a=13724,s=gue) | prep: 2-line | bev: 2mask Lcx=None Rcx=603.8 center=320.0 swap=no | guide: midpoint sides=left,right err=0.003m hdg=+0.0° | OUT steer=-2.9° v=13.0
F001564 18:20:44.276 | raw: L(cx=59.8,a=7877,s=gue) R(cx=539.1,a=13624,s=gue) | prep: 2-line | bev: 2mask Lcx=None Rcx=603.6 center=320.0 swap=no | guide: midpoint sides=left,right err=0.007m hdg=+0.0° | OUT steer=-3.1° v=14.0
F001565 18:20:44.406 | raw: L(cx=58.2,a=7580,s=gue) R(cx=538.1,a=13471,s=gue) | prep: 2-line | bev: 2mask Lcx=None Rcx=604.0 center=320.0 swap=no | guide: midpoint sides=left,right err=0.011m hdg=+0.0° | OUT steer=-3.3° v=14.3
F001566 18:20:44.656 | raw: L(cx=54.7,a=7111,s=gue) R(cx=533.6,a=13098,s=gue) | prep: 2-line | bev: 2mask Lcx=None Rcx=606.5 center=320.0 swap=no | guide: midpoint sides=left,right err=0.014m hdg=+0.0° | OUT steer=-3.4° v=14.3
F001567 18:20:44.770 | raw: L(cx=53.0,a=6456,s=gue) R(cx=530.9,a=12817,s=gue) | prep: 2-line | bev: 2mask Lcx=None Rcx=608.6 center=320.0 swap=no | guide: midpoint sides=left,right err=0.018m hdg=+0.0° | OUT steer=-3.5° v=14.3
F001568 18:20:44.882 | raw: L(cx=52.8,a=6219,s=gue) R(cx=527.5,a=12806,s=gue) | prep: 2-line | bev: 2mask Lcx=None Rcx=608.8 center=320.0 swap=no | guide: midpoint sides=left,right err=0.023m hdg=+0.0° | OUT steer=-3.5° v=14.3
F001569 18:20:45.060 | raw: L(cx=48.9,a=5589,s=gue) R(cx=522.6,a=12657,s=gue) | prep: 2-line | bev: 2mask Lcx=None Rcx=612.8 center=320.0 swap=no | guide: midpoint sides=left,right err=0.021m hdg=+0.0° | OUT steer=-3.5° v=14.3
F001570 18:20:45.176 | raw: L(cx=48.9,a=5589,s=gue) R(cx=522.6,a=12657,s=gue) | prep: 2-line | bev: 2mask Lcx=None Rcx=612.8 center=320.0 swap=no | guide: midpoint sides=left,right err=0.022m hdg=+0.0° | OUT steer=-3.5° v=14.3
F001571 18:20:45.300 | raw: L(cx=46.0,a=5164,s=gue) R(cx=520.4,a=12690,s=gue) | prep: 2-line | bev: 2mask Lcx=None Rcx=614.0 center=320.0 swap=no | guide: midpoint sides=left,right err=0.016m hdg=+0.0° | OUT steer=-3.5° v=14.3
F001572 18:20:45.490 | raw: L(cx=44.9,a=4888,s=gue) R(cx=518.3,a=12693,s=gue) | prep: 2-line | bev: 2mask Lcx=None Rcx=615.4 center=320.0 swap=no | guide: midpoint sides=left,right err=0.012m hdg=+0.0° | OUT steer=-3.5° v=14.3
F001573 18:20:45.604 | raw: L(cx=40.5,a=4435,s=gue) R(cx=516.7,a=12936,s=gue) | prep: 2-line | bev: 2mask Lcx=None Rcx=616.5 center=320.0 swap=no | guide: midpoint sides=left,right err=0.008m hdg=+0.0° | OUT steer=-3.5° v=14.3
F001574 18:20:45.719 | raw: L(cx=38.5,a=4204,s=gue) R(cx=514.0,a=12780,s=gue) | prep: 2-line | bev: 2mask Lcx=None Rcx=618.2 center=320.0 swap=no | guide: midpoint sides=left,right err=0.006m hdg=+0.0° | OUT steer=-3.5° v=14.3
F001575 18:20:45.996 | raw: L(cx=37.0,a=3919,s=gue) R(cx=515.6,a=12868,s=gue) | prep: 2-line | bev: 2mask Lcx=None Rcx=616.9 center=320.0 swap=no | guide: midpoint sides=left,right err=0.004m hdg=+0.0° | OUT steer=-3.5° v=14.3
F001576 18:20:46.114 | raw: L(cx=36.4,a=3766,s=gue) R(cx=514.5,a=12626,s=gue) | prep: 2-line | bev: 2mask Lcx=None Rcx=618.3 center=320.0 swap=no | guide: midpoint sides=left,right err=0.004m hdg=+0.0° | OUT steer=-3.5° v=14.3
F001577 18:20:46.242 | raw: L(cx=36.4,a=3766,s=gue) R(cx=514.5,a=12626,s=gue) | prep: 2-line | bev: 2mask Lcx=None Rcx=618.3 center=320.0 swap=no | guide: midpoint sides=left,right err=0.005m hdg=+0.0° | OUT steer=-3.5° v=14.3
F001578 18:20:46.403 | raw: L(cx=32.7,a=3141,s=gue) R(cx=513.1,a=12985,s=gue) | prep: 2-line | bev: 2mask Lcx=None Rcx=615.8 center=320.0 swap=no | guide: midpoint sides=left,right err=-0.001m hdg=+0.0° | OUT steer=-3.5° v=14.3
F001579 18:20:46.538 | raw: L(cx=29.9,a=2696,s=gue) R(cx=510.9,a=13225,s=gue) | prep: 2-line | bev: 2mask Lcx=None Rcx=614.2 center=320.0 swap=no | guide: midpoint sides=left,right err=-0.005m hdg=+0.0° | OUT steer=-3.5° v=14.3
F001580 18:20:46.654 | raw: L(cx=26.2,a=2273,s=gue) R(cx=511.7,a=13845,s=gue) | prep: 2-line | bev: 2mask Lcx=None Rcx=610.6 center=320.0 swap=no | guide: midpoint sides=left,right err=-0.009m hdg=+0.0° | OUT steer=-3.5° v=14.3
F001581 18:20:46.809 | raw: L(cx=25.8,a=1995,s=gue) R(cx=511.4,a=14298,s=gue) | prep: 2-line | bev: 2mask Lcx=None Rcx=609.2 center=320.0 swap=no | guide: midpoint sides=left,right err=-0.087m hdg=+0.0° | OUT steer=-3.5° v=14.3
F001582 18:20:46.951 | raw: L(cx=24.6,a=1600,s=gue) R(cx=512.6,a=14428,s=gue) | prep: 2-line | bev: 2mask Lcx=None Rcx=608.1 center=320.0 swap=no | guide: midpoint sides=left,right err=-0.144m hdg=+0.0° | OUT steer=-3.5° v=14.3
F001583 18:20:47.053 | raw: L(cx=22.2,a=1097,s=gue) R(cx=511.1,a=14539,s=gue) | prep: 2-line | bev: 2mask Lcx=None Rcx=608.3 center=320.0 swap=no | guide: midpoint sides=left,right err=-0.184m hdg=+0.0° | OUT steer=-3.5° v=14.3
F001584 18:20:47.293 | raw: L(cx=22.2,a=1097,s=gue) R(cx=511.1,a=14539,s=gue) | prep: 2-line | bev: 2mask Lcx=None Rcx=608.3 center=320.0 swap=no | guide: midpoint sides=left,right err=-0.189m hdg=+0.0° | OUT steer=-3.5° v=14.3
F001585 18:20:47.418 | raw: L(cx=17.1,a=786,s=gue) R(cx=506.6,a=15130,s=gue) | prep: 2-line | bev: 2mask Lcx=None Rcx=606.3 center=320.0 swap=no | guide: midpoint sides=left,right err=-0.210m hdg=+0.0° | OUT steer=-3.5° v=14.3
F001586 18:20:47.519 | raw: L(cx=10.6,a=639,s=gue) R(cx=505.1,a=15172,s=gue) | prep: 2-line | bev: 2mask Lcx=None Rcx=605.7 center=320.0 swap=no | guide: midpoint sides=left,right err=-0.212m hdg=+0.0° | OUT steer=-3.5° v=14.3
F001587 18:20:47.818 | raw: L(cx=12.3,a=451,s=gue) R(cx=503.5,a=15165,s=gue) | prep: 2-line | bev: 2mask Lcx=None Rcx=605.0 center=320.0 swap=no | guide: midpoint sides=left,right err=-0.209m hdg=+0.0° | OUT steer=-3.5° v=14.3
F001588 18:20:47.956 | raw: L(cx=11.4,a=355,s=gue) R(cx=502.1,a=15235,s=gue) | prep: 2-line | bev: 2mask Lcx=None Rcx=603.5 center=320.0 swap=no | guide: midpoint sides=left,right err=-0.210m hdg=+0.0° | OUT steer=-3.5° v=14.3
F001589 18:20:48.065 | raw: L=none R(cx=503.8,a=15400,s=gue) | prep: det=right res=right via=mask | bev: 1mask present=right cx=603.3 center=320.0 correct=right swap=no | guide: single_line_physical sides=right err=-0.036m hdg=-6.5° | OUT steer=+6.5° v=12.0
F001590 18:20:48.298 | raw: L=none R(cx=502.4,a=15871,s=gue) | prep: det=right res=right via=mask | bev: 1mask present=right cx=602.4 center=320.0 correct=right swap=no | guide: single_line_physical sides=right err=-0.008m hdg=-5.0° | OUT steer=+6.5° v=12.0
F001591 18:20:48.396 | raw: L=none R(cx=502.1,a=15934,s=gue) | prep: det=right res=right via=mask | bev: 1mask present=right cx=603.6 center=320.0 correct=right swap=no | guide: single_line_physical sides=right err=-0.010m hdg=-5.0° | OUT steer=+6.5° v=12.0
F001592 18:20:48.489 | raw: L=none R(cx=502.8,a=15402,s=gue) | prep: det=right res=right via=mask | bev: 1mask present=right cx=602.6 center=320.0 correct=right swap=no | guide: single_line_physical sides=right err=-0.016m hdg=-6.7° | OUT steer=+6.5° v=12.0
F001593 18:20:48.683 | raw: L=none R(cx=498.7,a=16268,s=gue) | prep: det=right res=right via=mask | bev: 1mask present=right cx=590.9 center=320.0 correct=right swap=no | guide: single_line_physical sides=right err=-0.023m hdg=-7.9° | OUT steer=+7.9° v=12.0
F001594 18:20:48.772 | raw: L=none R(cx=496.5,a=16782,s=gue) | prep: det=right res=right via=mask | bev: 1mask present=right cx=585.4 center=320.0 correct=right swap=no | guide: single_line_physical sides=right err=-0.026m hdg=-8.2° | OUT steer=+8.2° v=12.0
F001595 18:20:48.864 | raw: L=none R(cx=496.5,a=16787,s=gue) | prep: det=right res=right via=mask | bev: 1mask present=right cx=582.0 center=320.0 correct=right swap=no | guide: single_line_physical sides=right err=-0.029m hdg=-8.3° | OUT steer=+8.3° v=12.0
F001596 18:20:49.081 | raw: L=none R(cx=497.1,a=16061,s=gue) | prep: det=right res=right via=mask | bev: 1mask present=right cx=581.8 center=320.0 correct=right swap=no | guide: single_line_physical sides=right err=-0.029m hdg=-6.6° | OUT steer=+6.6° v=12.0
F001597 18:20:49.170 | raw: L=none R(cx=497.9,a=16114,s=gue) | prep: det=right res=right via=mask | bev: 1mask present=right cx=579.3 center=320.0 correct=right swap=no | guide: single_line_physical sides=right err=-0.031m hdg=-6.8° | OUT steer=+6.8° v=12.0
F001598 18:20:49.249 | raw: L=none R(cx=498.9,a=17091,s=gue) | prep: det=right res=right via=mask | bev: 1mask present=right cx=577.2 center=320.0 correct=right swap=no | guide: single_line_physical sides=right err=-0.032m hdg=-8.5° | OUT steer=+8.5° v=12.0
F001599 18:20:49.489 | raw: L=none R(cx=499.8,a=16590,s=gue) | prep: det=right res=right via=mask | bev: 1mask present=right cx=570.8 center=320.0 correct=right swap=no | guide: single_line_physical sides=right err=-0.036m hdg=-7.8° | OUT steer=+7.8° v=12.0
F001600 18:20:49.586 | raw: L=none R(cx=498.4,a=16352,s=gue) | prep: det=right res=right via=mask | bev: 1mask present=right cx=567.5 center=320.0 correct=right swap=no | guide: single_line_physical sides=right err=-0.037m hdg=-8.1° | OUT steer=+8.1° v=12.0
F001601 18:20:49.678 | raw: L=none R(cx=497.2,a=15725,s=gue) | prep: det=right res=right via=mask | bev: 1mask present=right cx=560.1 center=320.0 correct=right swap=no | guide: single_line_physical sides=right err=-0.041m hdg=-8.5° | OUT steer=+8.5° v=12.0
F001602 18:20:49.874 | raw: L=none R=none | prep: 2-line | bev: bev=skipped swap=no | guide: legacy_line_fit sides=? err=? hdg=-0.8° | OUT steer=-3.0° v=13.0
F001603 18:20:49.943 | raw: L=none R=none | prep: 2-line | bev: bev=skipped swap=no | guide: legacy_line_fit sides=? err=? hdg=-0.8° | OUT steer=-3.2° v=14.0
F001604 18:20:50.011 | raw: L=none R=none | prep: 2-line | bev: bev=skipped swap=no | guide: legacy_line_fit sides=? err=? hdg=-0.8° | OUT steer=-3.4° v=14.3
F001605 18:20:50.084 | raw: L=none R=none | prep: 2-line | bev: bev=skipped swap=no | guide: legacy_line_fit sides=? err=? hdg=-0.8° | OUT steer=-3.5° v=14.3
F001606 18:20:50.201 | raw: L=none R(cx=419.8,a=6766,s=gue) | prep: det=right res=right via=mask | bev: 1mask present=right cx=529.8 center=320.0 correct=right swap=no | guide: single_line_physical sides=right err=-0.075m hdg=-6.1° | OUT steer=+6.1° v=12.0
F001607 18:20:50.290 | raw: L=none R(cx=419.8,a=6766,s=gue) | prep: det=right res=right via=mask | bev: 1mask present=right cx=529.8 center=320.0 correct=right swap=no | guide: single_line_physical sides=right err=-0.075m hdg=-4.3° | OUT steer=+4.3° v=12.0
F001608 18:20:50.361 | raw: L=none R=none | prep: 2-line | bev: bev=skipped swap=no | guide: legacy_line_fit sides=? err=? hdg=-0.8° | OUT steer=-3.0° v=13.0
F001609 18:20:50.523 | raw: L=none R(cx=465.9,a=10416,s=gue) | prep: det=right res=right via=mask | bev: 1mask present=right cx=530.3 center=320.0 correct=right swap=no | guide: single_line_physical sides=right err=-0.052m hdg=-7.6° | OUT steer=+7.6° v=12.0
F001610 18:20:50.612 | raw: L=none R(cx=456.7,a=9417,s=gue) | prep: det=right res=right via=mask | bev: 1mask present=right cx=531.9 center=320.0 correct=right swap=no | guide: single_line_physical sides=right err=-0.054m hdg=-7.6° | OUT steer=+7.6° v=12.0
F001611 18:20:50.700 | raw: L=none R(cx=456.7,a=9417,s=gue) | prep: det=right res=right via=mask | bev: 1mask present=right cx=531.9 center=320.0 correct=right swap=no | guide: single_line_physical sides=right err=-0.054m hdg=-6.0° | OUT steer=+6.0° v=12.0
F001612 18:20:50.918 | raw: L=none R(cx=467.1,a=9509,s=gue) | prep: det=right res=right via=mask | bev: 1mask present=right cx=534.4 center=320.0 correct=right swap=no | guide: single_line_physical sides=right err=-0.050m hdg=-5.5° | OUT steer=+5.5° v=12.0
F001613 18:20:51.005 | raw: L=none R(cx=474.0,a=10380,s=gue) | prep: det=right res=right via=mask | bev: 1mask present=right cx=530.9 center=320.0 correct=right swap=no | guide: single_line_physical sides=right err=-0.059m hdg=-6.0° | OUT steer=+6.0° v=12.0
F001614 18:20:51.096 | raw: L=none R(cx=476.4,a=10804,s=gue) | prep: det=right res=right via=mask | bev: 1mask present=right cx=529.3 center=320.0 correct=right swap=no | guide: single_line_physical sides=right err=-0.059m hdg=-6.6° | OUT steer=+6.6° v=12.0
F001615 18:20:51.248 | raw: L=none R(cx=480.1,a=10996,s=gue) | prep: det=right res=right via=mask | bev: 1mask present=right cx=527.1 center=320.0 correct=right swap=no | guide: single_line_physical sides=right err=-0.055m hdg=-6.2° | OUT steer=+6.2° v=12.0
F001616 18:20:51.339 | raw: L=none R(cx=474.6,a=10582,s=gue) | prep: det=right res=right via=mask | bev: 1mask present=right cx=524.6 center=320.0 correct=right swap=no | guide: single_line_physical sides=right err=-0.059m hdg=-5.5° | OUT steer=+5.5° v=12.0
F001617 18:20:51.431 | raw: L=none R(cx=477.5,a=10841,s=gue) | prep: det=right res=right via=mask | bev: 1mask present=right cx=522.7 center=320.0 correct=right swap=no | guide: single_line_physical sides=right err=-0.057m hdg=-5.8° | OUT steer=+5.8° v=12.0
F001618 18:20:51.640 | raw: L=none R(cx=462.0,a=9604,s=gue) | prep: det=right res=right via=mask | bev: 1mask present=right cx=520.4 center=320.0 correct=right swap=no | guide: single_line_physical sides=right err=-0.069m hdg=-1.9° | OUT steer=+2.6° v=12.0
F001619 18:20:51.739 | raw: L=none R(cx=453.5,a=9020,s=gue) | prep: det=right res=right via=mask | bev: 1mask present=right cx=519.3 center=320.0 correct=right swap=no | guide: single_line_physical sides=right err=-0.079m hdg=+0.5° | OUT steer=+2.0° v=12.0
F001620 18:20:51.823 | raw: L=none R(cx=457.7,a=9015,s=gue) | prep: det=right res=right via=mask | bev: 1mask present=right cx=521.3 center=320.0 correct=right swap=no | guide: single_line_physical sides=right err=-0.078m hdg=+0.6° | OUT steer=+2.0° v=12.0
F001621 18:20:52.045 | raw: L=none R(cx=464.2,a=9192,s=gue) | prep: det=right res=right via=mask | bev: 1mask present=right cx=531.6 center=320.0 correct=right swap=no | guide: single_line_physical sides=right err=-0.077m hdg=+2.0° | OUT steer=+2.0° v=12.0
F001622 18:20:52.130 | raw: L=none R(cx=474.2,a=9232,s=gue) | prep: det=right res=right via=mask | bev: 1mask present=right cx=545.0 center=320.0 correct=right swap=no | guide: single_line_physical sides=right err=-0.074m hdg=+1.5° | OUT steer=+2.0° v=12.0
F001623 18:20:52.214 | raw: L=none R(cx=474.2,a=9232,s=gue) | prep: det=right res=right via=mask | bev: 1mask present=right cx=545.0 center=320.0 correct=right swap=no | guide: single_line_physical sides=right err=-0.074m hdg=+3.5° | OUT steer=+3.5° v=12.0
F001624 18:20:52.437 | raw: L=none R(cx=482.5,a=8953,s=gue) | prep: det=right res=right via=mask | bev: 1mask present=right cx=550.7 center=320.0 correct=right swap=no | guide: single_line_physical sides=right err=-0.071m hdg=+5.7° | OUT steer=+5.7° v=12.0
F001625 18:20:52.537 | raw: L=none R(cx=481.3,a=8502,s=gue) | prep: det=right res=right via=mask | bev: 1mask present=right cx=554.3 center=320.0 correct=right swap=no | guide: single_line_physical sides=right err=-0.071m hdg=+6.5° | OUT steer=+6.5° v=12.0
F001626 18:20:52.622 | raw: L=none R(cx=481.3,a=8502,s=gue) | prep: det=right res=right via=mask | bev: 1mask present=right cx=554.3 center=320.0 correct=right swap=no | guide: single_line_physical sides=right err=-0.071m hdg=+8.9° | OUT steer=+8.9° v=12.0
F001627 18:20:52.850 | raw: L=none R(cx=489.9,a=8750,s=gue) | prep: det=right res=right via=mask | bev: 1mask present=right cx=560.0 center=320.0 correct=right swap=no | guide: single_line_physical sides=right err=-0.070m hdg=+10.8° | OUT steer=+10.8° v=12.0
F001628 18:20:52.938 | raw: L=none R(cx=493.5,a=8577,s=gue) | prep: det=right res=right via=mask | bev: 1mask present=right cx=561.0 center=320.0 correct=right swap=no | guide: single_line_physical sides=right err=-0.069m hdg=+11.4° | OUT steer=+11.4° v=12.0
F001629 18:20:53.018 | raw: L=none R(cx=492.5,a=6972,s=gue) | prep: det=right res=right via=mask | bev: 1mask present=right cx=569.6 center=320.0 correct=right swap=no | guide: single_line_physical sides=right err=-0.097m hdg=+17.5° | OUT steer=+17.5° v=11.5
F001630 18:20:53.264 | raw: L=none R(cx=500.1,a=8163,s=gue) | prep: det=right res=right via=mask | bev: 1mask present=right cx=565.0 center=320.0 correct=right swap=no | guide: single_line_physical sides=right err=-0.069m hdg=+18.4° | OUT steer=+18.4° v=10.0
F001631 18:20:53.361 | raw: L=none R(cx=504.7,a=8157,s=gue) | prep: det=right res=right via=mask | bev: 1mask present=right cx=565.8 center=320.0 correct=right swap=no | guide: single_line_physical sides=right err=-0.069m hdg=+18.8° | OUT steer=+18.8° v=10.0
F001632 18:20:53.470 | raw: L=none R(cx=511.6,a=7408,s=gue) | prep: det=right res=right via=mask | bev: 1mask present=right cx=570.8 center=320.0 correct=right swap=no | guide: single_line_physical sides=right err=-0.068m hdg=+19.0° | OUT steer=+19.0° v=11.0
F001633 18:20:53.666 | raw: L=none R(cx=527.4,a=7647,s=gue) | prep: det=right res=right via=mask | bev: 1mask present=right cx=571.5 center=320.0 correct=right swap=no | guide: single_line_physical sides=right err=-0.051m hdg=+19.5° | OUT steer=+19.5° v=11.1
F001634 18:20:53.753 | raw: L=none R(cx=532.6,a=7619,s=gue) | prep: det=right res=right via=mask | bev: 1mask present=right cx=572.8 center=320.0 correct=right swap=no | guide: single_line_physical sides=right err=-0.045m hdg=+20.1° | OUT steer=+20.1° v=11.0
F001635 18:20:53.842 | raw: L=none R(cx=538.7,a=7516,s=gue) | prep: det=right res=right via=mask | bev: 1mask present=right cx=575.4 center=320.0 correct=right swap=no | guide: single_line_physical sides=right err=-0.035m hdg=+20.1° | OUT steer=+20.1° v=11.0
F001636 18:20:54.080 | raw: L=none R(cx=544.1,a=7574,s=gue) | prep: det=right res=right via=mask | bev: 1mask present=right cx=577.0 center=320.0 correct=right swap=no | guide: single_line_physical sides=right err=-0.030m hdg=+24.5° | OUT steer=+24.5° v=10.0
F001637 18:20:54.170 | raw: L=none R(cx=557.7,a=7133,s=gue) | prep: det=right res=right via=mask | bev: 1mask present=right cx=581.5 center=320.0 correct=right swap=no | guide: single_line_physical sides=right err=-0.016m hdg=+16.5° | OUT steer=+16.5° v=11.0
F001638 18:20:54.262 | raw: L=none R(cx=557.7,a=7133,s=gue) | prep: det=right res=right via=mask | bev: 1mask present=right cx=581.5 center=320.0 correct=right swap=no | guide: single_line_physical sides=right err=-0.016m hdg=+18.6° | OUT steer=+18.6° v=11.3
F001639 18:20:54.475 | raw: L=none R(cx=561.8,a=7012,s=gue) | prep: det=right res=right via=mask | bev: 1mask present=right cx=582.0 center=320.0 correct=right swap=no | guide: single_line_physical sides=right err=-0.011m hdg=+18.3° | OUT steer=+18.3° v=11.3
F001640 18:20:54.568 | raw: L=none R(cx=561.8,a=7012,s=gue) | prep: det=right res=right via=mask | bev: 1mask present=right cx=582.0 center=320.0 correct=right swap=no | guide: single_line_physical sides=right err=-0.011m hdg=+20.4° | OUT steer=+20.4° v=10.9
F001641 18:20:54.662 | raw: L=none R(cx=568.1,a=7029,s=gue) | prep: det=right res=right via=mask | bev: 1mask present=right cx=585.0 center=320.0 correct=right swap=no | guide: single_line_physical sides=right err=-0.005m hdg=+18.0° | OUT steer=+18.0° v=11.4
F001642 18:20:54.886 | raw: L=none R(cx=569.4,a=6926,s=gue) | prep: det=right res=right via=mask | bev: 1mask present=right cx=587.2 center=320.0 correct=right swap=no | guide: single_line_physical sides=right err=-0.003m hdg=+21.1° | OUT steer=+21.1° v=10.8
F001643 18:20:54.978 | raw: L=none R(cx=573.1,a=6761,s=gue) | prep: det=right res=right via=mask | bev: 1mask present=right cx=585.6 center=320.0 correct=right swap=no | guide: single_line_physical sides=right err=0.000m hdg=+20.7° | OUT steer=+20.7° v=10.9
F001644 18:20:55.074 | raw: L=none R(cx=577.5,a=6671,s=gue) | prep: det=right res=right via=mask | bev: 1mask present=right cx=584.8 center=320.0 correct=right swap=no | guide: single_line_physical sides=right err=0.004m hdg=+20.4° | OUT steer=+20.4° v=10.9
F001645 18:20:55.196 | raw: L=none R(cx=577.5,a=6671,s=gue) | prep: det=right res=right via=mask | bev: 1mask present=right cx=584.8 center=320.0 correct=right swap=no | guide: single_line_physical sides=right err=0.004m hdg=+25.0° | OUT steer=+25.0° v=10.0
F001646 18:20:55.291 | raw: L=none R(cx=582.2,a=6510,s=gue) | prep: det=right res=right via=mask | bev: 1mask present=right cx=585.8 center=320.0 correct=right swap=no | guide: single_line_physical sides=right err=0.010m hdg=+20.7° | OUT steer=+20.7° v=10.9
F001647 18:20:55.387 | raw: L=none R(cx=584.4,a=6735,s=gue) | prep: det=right res=right via=mask | bev: 1mask present=right cx=587.4 center=320.0 correct=right swap=no | guide: single_line_physical sides=right err=0.012m hdg=+20.0° | OUT steer=+20.0° v=11.0
F001648 18:20:55.588 | raw: L=none R(cx=591.8,a=6370,s=gue) | prep: det=right res=right via=mask | bev: 1mask present=right cx=585.7 center=320.0 correct=right swap=no | guide: single_line_physical sides=right err=0.019m hdg=+20.5° | OUT steer=+20.5° v=10.9
F001649 18:20:55.685 | raw: L=none R(cx=593.9,a=6336,s=gue) | prep: det=right res=right via=mask | bev: 1mask present=right cx=590.2 center=320.0 correct=right swap=no | guide: single_line_physical sides=right err=0.022m hdg=+19.9° | OUT steer=+19.9° v=11.0
F001650 18:20:55.764 | raw: L=none R(cx=593.9,a=6336,s=gue) | prep: det=right res=right via=mask | bev: 1mask present=right cx=590.2 center=320.0 correct=right swap=no | guide: single_line_physical sides=right err=0.022m hdg=+22.2° | OUT steer=+22.2° v=10.6
F001651 18:20:55.996 | raw: L=none R(cx=603.7,a=5927,s=gue) | prep: det=right res=right via=mask | bev: 1mask present=right cx=589.9 center=320.0 correct=right swap=no | guide: single_line_physical sides=right err=0.031m hdg=+19.8° | OUT steer=+19.8° v=11.0
F001652 18:20:56.081 | raw: L=none R(cx=611.9,a=5508,s=gue) | prep: det=right res=right via=mask | bev: 1mask present=right cx=589.8 center=320.0 correct=right swap=no | guide: single_line_physical sides=right err=0.039m hdg=+17.3° | OUT steer=+17.3° v=11.5
F001653 18:20:56.170 | raw: L=none R(cx=618.1,a=5341,s=gue) | prep: det=right res=right via=mask | bev: 1mask present=right cx=593.2 center=320.0 correct=right swap=no | guide: single_line_physical sides=right err=0.044m hdg=+14.0° | OUT steer=+14.0° v=12.0
F001654 18:20:56.300 | raw: L=none R(cx=618.1,a=5341,s=gue) | prep: det=right res=right via=mask | bev: 1mask present=right cx=593.2 center=320.0 correct=right swap=no | guide: single_line_physical sides=right err=0.044m hdg=+17.1° | OUT steer=+17.1° v=11.6
F001655 18:20:56.397 | raw: L=none R(cx=622.1,a=4832,s=gue) | prep: det=right res=right via=mask | bev: 1mask present=right cx=595.7 center=320.0 correct=right swap=no | guide: single_line_physical sides=right err=0.048m hdg=+16.8° | OUT steer=+16.8° v=11.6
F001656 18:20:56.484 | raw: L=none R(cx=622.8,a=4684,s=gue) | prep: det=right res=right via=mask | bev: 1mask present=right cx=596.8 center=320.0 correct=right swap=no | guide: single_line_physical sides=right err=0.049m hdg=+17.1° | OUT steer=+17.1° v=11.6
F001657 18:20:56.619 | raw: L=none R(cx=622.8,a=4729,s=gue) | prep: det=right res=right via=mask | bev: 1mask present=right cx=596.5 center=320.0 correct=right swap=no | guide: single_line_physical sides=right err=0.049m hdg=+17.2° | OUT steer=+17.2° v=11.6
F001658 18:20:56.711 | raw: L=none R(cx=622.6,a=4654,s=gue) | prep: det=right res=right via=mask | bev: 1mask present=right cx=595.9 center=320.0 correct=right swap=no | guide: single_line_physical sides=right err=0.049m hdg=+14.7° | OUT steer=+14.7° v=12.0
F001659 18:20:56.798 | raw: L=none R(cx=622.4,a=4643,s=gue) | prep: det=right res=right via=mask | bev: 1mask present=right cx=595.4 center=320.0 correct=right swap=no | guide: single_line_physical sides=right err=0.049m hdg=+14.3° | OUT steer=+14.3° v=12.0
F001660 18:20:56.928 | raw: L=none R(cx=622.4,a=4643,s=gue) | prep: det=right res=right via=mask | bev: 1mask present=right cx=595.4 center=320.0 correct=right swap=no | guide: single_line_physical sides=right err=0.049m hdg=+17.3° | OUT steer=+17.3° v=11.5
F001661 18:20:57.015 | raw: L=none R(cx=622.0,a=4567,s=gue) | prep: det=right res=right via=mask | bev: 1mask present=right cx=595.3 center=320.0 correct=right swap=no | guide: single_line_physical sides=right err=0.049m hdg=+14.8° | OUT steer=+14.8° v=12.0
F001662 18:20:57.102 | raw: L=none R(cx=622.0,a=4567,s=gue) | prep: det=right res=right via=mask | bev: 1mask present=right cx=595.3 center=320.0 correct=right swap=no | guide: single_line_physical sides=right err=0.049m hdg=+16.9° | OUT steer=+16.9° v=11.6
F001663 18:20:57.322 | raw: L=none R(cx=619.3,a=5161,s=gue) | prep: det=right res=right via=mask | bev: 1mask present=right cx=593.9 center=320.0 correct=right swap=no | guide: single_line_physical sides=right err=0.049m hdg=+18.5° | OUT steer=+18.5° v=11.3
F001664 18:20:57.411 | raw: L=none R(cx=618.8,a=5124,s=gue) | prep: det=right res=right via=mask | bev: 1mask present=right cx=593.4 center=320.0 correct=right swap=no | guide: single_line_physical sides=right err=0.048m hdg=+18.1° | OUT steer=+18.1° v=11.4
F001665 18:20:57.503 | raw: L=none R(cx=618.8,a=5124,s=gue) | prep: det=right res=right via=mask | bev: 1mask present=right cx=593.4 center=320.0 correct=right swap=no | guide: single_line_physical sides=right err=0.048m hdg=+20.3° | OUT steer=+20.3° v=10.9
F001666 18:20:57.740 | raw: L=none R(cx=617.9,a=4935,s=gue) | prep: det=right res=right via=mask | bev: 1mask present=right cx=594.1 center=320.0 correct=right swap=no | guide: single_line_physical sides=right err=0.047m hdg=+20.6° | OUT steer=+20.6° v=10.9
F001667 18:20:57.844 | raw: L=none R(cx=617.5,a=4760,s=gue) | prep: det=right res=right via=mask | bev: 1mask present=right cx=593.7 center=320.0 correct=right swap=no | guide: single_line_physical sides=right err=0.047m hdg=+20.6° | OUT steer=+20.6° v=10.9
F001668 18:20:57.923 | raw: L=none R(cx=616.4,a=4644,s=gue) | prep: det=right res=right via=mask | bev: 1mask present=right cx=593.2 center=320.0 correct=right swap=no | guide: single_line_physical sides=right err=0.046m hdg=+18.0° | OUT steer=+18.0° v=11.4
F001669 18:20:58.134 | raw: L=none R(cx=616.1,a=4590,s=gue) | prep: det=right res=right via=mask | bev: 1mask present=right cx=593.3 center=320.0 correct=right swap=no | guide: single_line_physical sides=right err=0.045m hdg=+20.3° | OUT steer=+20.3° v=10.9
F001670 18:20:58.228 | raw: L=none R(cx=613.5,a=5175,s=gue) | prep: det=right res=right via=mask | bev: 1mask present=right cx=592.3 center=320.0 correct=right swap=no | guide: single_line_physical sides=right err=0.044m hdg=+21.1° | OUT steer=+21.1° v=10.8
F001671 18:20:58.324 | raw: L=none R(cx=613.5,a=5175,s=gue) | prep: det=right res=right via=mask | bev: 1mask present=right cx=592.3 center=320.0 correct=right swap=no | guide: single_line_physical sides=right err=0.044m hdg=+25.1° | OUT steer=+25.0° v=10.0
F001672 18:20:58.549 | raw: L=none R(cx=612.8,a=5030,s=gue) | prep: det=right res=right via=mask | bev: 1mask present=right cx=592.0 center=320.0 correct=right swap=no | guide: single_line_physical sides=right err=0.043m hdg=+25.9° | OUT steer=+25.0° v=10.0
F001673 18:20:58.634 | raw: L=none R(cx=612.6,a=5002,s=gue) | prep: det=right res=right via=mask | bev: 1mask present=right cx=592.0 center=320.0 correct=right swap=no | guide: single_line_physical sides=right err=0.043m hdg=+25.4° | OUT steer=+25.0° v=10.0
F001674 18:20:58.722 | raw: L=none R(cx=504.0,a=1468,s=gue) | prep: det=right res=right via=mask | bev: 1mask present=right cx=None center=320.0 correct=None swap=no | guide: midpoint sides=right err=-0.056m hdg=+4.2° | OUT steer=+25.0° v=10.0
F001675 18:20:58.955 | raw: L=none R(cx=609.8,a=5401,s=gue) | prep: det=right res=right via=mask | bev: 1mask present=right cx=590.8 center=320.0 correct=right swap=no | guide: single_line_physical sides=right err=0.043m hdg=+27.9° | OUT steer=+25.0° v=10.0
F001676 18:20:59.021 | raw: L=none R(cx=609.8,a=5401,s=gue) | prep: 2-line | bev: 1mask present=right cx=590.8 center=320.0 correct=right swap=no | guide: ? sides=? err=? hdg=-0.8° | OUT steer=+16.8° v=10.0
F001677 18:20:59.089 | raw: L=none R(cx=609.8,a=5401,s=gue) | prep: 2-line | bev: 1mask present=right cx=590.8 center=320.0 correct=right swap=no | guide: ? sides=? err=? hdg=-0.8° | OUT steer=+20.7° v=10.0
F001678 18:20:59.256 | raw: L=none R(cx=609.8,a=5401,s=gue) | prep: 2-line | bev: 1mask present=right cx=590.8 center=320.0 correct=right swap=no | guide: ? sides=? err=? hdg=-0.8° | OUT steer=+19.3° v=10.0
F001679 18:20:59.354 | raw: L=none R(cx=606.2,a=5135,s=gue) | prep: det=right res=right via=mask | bev: 1mask present=right cx=587.9 center=320.0 correct=right swap=no | guide: single_line_physical sides=right err=0.043m hdg=+29.4° | OUT steer=+25.0° v=10.0
F001680 18:20:59.439 | raw: L=none R(cx=605.4,a=5101,s=gue) | prep: det=right res=right via=mask | bev: 1mask present=right cx=587.1 center=320.0 correct=right swap=no | guide: single_line_physical sides=right err=0.042m hdg=+29.2° | OUT steer=+25.0° v=10.0
F001681 18:20:59.666 | raw: L=none R(cx=604.8,a=4961,s=gue) | prep: det=right res=right via=mask | bev: 1mask present=right cx=587.7 center=320.0 correct=right swap=no | guide: single_line_physical sides=right err=0.042m hdg=+30.2° | OUT steer=+25.0° v=10.0
F001682 18:20:59.757 | raw: L=none R(cx=604.5,a=4895,s=gue) | prep: det=right res=right via=mask | bev: 1mask present=right cx=587.8 center=320.0 correct=right swap=no | guide: single_line_physical sides=right err=0.042m hdg=+29.9° | OUT steer=+25.0° v=10.0
F001683 18:20:59.848 | raw: L=none R(cx=425.3,a=1237,s=gue) | prep: det=right res=right via=mask | bev: 1mask present=right cx=None center=320.0 correct=None swap=no | guide: midpoint sides=right err=-0.160m hdg=+6.2° | OUT steer=+25.0° v=10.0
F001684 18:21:00.086 | raw: L=none R(cx=424.2,a=1063,s=gue) | prep: det=right res=right via=mask | bev: 1mask present=right cx=None center=320.0 correct=None swap=no | guide: midpoint sides=right err=-0.150m hdg=+4.1° | OUT steer=+25.0° v=10.0
F001685 18:21:00.154 | raw: L=none R(cx=424.2,a=1063,s=gue) | prep: 2-line | bev: 1mask present=right cx=None center=320.0 correct=None swap=no | guide: ? sides=? err=? hdg=-0.8° | OUT steer=+16.1° v=10.0
F001686 18:21:00.237 | raw: L=none R(cx=415.8,a=1114,s=gue) | prep: det=right res=right via=mask | bev: 1mask present=right cx=None center=320.0 correct=None swap=no | guide: midpoint sides=right err=-0.162m hdg=+2.6° | OUT steer=+25.0° v=10.0
F001687 18:21:00.467 | raw: L=none R(cx=415.8,a=1114,s=gue) | prep: 2-line | bev: 1mask present=right cx=None center=320.0 correct=None swap=no | guide: ? sides=? err=? hdg=-0.8° | OUT steer=+18.0° v=10.0
F001688 18:21:00.540 | raw: L=none R(cx=415.8,a=1114,s=gue) | prep: 2-line | bev: 1mask present=right cx=None center=320.0 correct=None swap=no | guide: ? sides=? err=? hdg=-0.8° | OUT steer=+15.3° v=10.0
F001689 18:21:00.648 | raw: L=none R(cx=608.0,a=4917,s=gue) | prep: det=right res=right via=mask | bev: 1mask present=right cx=587.4 center=320.0 correct=right swap=no | guide: single_line_physical sides=right err=0.049m hdg=+31.6° | OUT steer=+25.0° v=10.0
F001690 18:21:00.740 | raw: L=none R(cx=611.8,a=4860,s=gue) | prep: det=right res=right via=mask | bev: 1mask present=right cx=590.8 center=320.0 correct=right swap=no | guide: single_line_physical sides=right err=0.050m hdg=+30.6° | OUT steer=+25.0° v=10.0
F001691 18:21:00.897 | raw: L=none R(cx=619.2,a=4335,s=gue) | prep: det=right res=right via=mask | bev: 1mask present=right cx=594.1 center=320.0 correct=right swap=no | guide: single_line_physical sides=right err=0.053m hdg=+27.9° | OUT steer=+25.0° v=10.0
F001692 18:21:00.963 | raw: L=none R(cx=619.2,a=4335,s=gue) | prep: 2-line | bev: 1mask present=right cx=594.1 center=320.0 correct=right swap=no | guide: ? sides=? err=? hdg=-0.8° | OUT steer=+16.8° v=10.0
F001693 18:21:01.068 | raw: L=none R(cx=623.7,a=3706,s=gue) | prep: det=right res=right via=mask | bev: 1mask present=right cx=596.6 center=320.0 correct=right swap=no | guide: single_line_physical sides=right err=0.053m hdg=+25.8° | OUT steer=+25.0° v=10.0
F001694 18:21:01.295 | raw: L=none R(cx=623.7,a=3706,s=gue) | prep: 2-line | bev: 1mask present=right cx=596.6 center=320.0 correct=right swap=no | guide: ? sides=? err=? hdg=-0.8° | OUT steer=+17.2° v=10.0
F001695 18:21:01.360 | raw: L=none R(cx=623.7,a=3706,s=gue) | prep: 2-line | bev: 1mask present=right cx=596.6 center=320.0 correct=right swap=no | guide: ? sides=? err=? hdg=-0.8° | OUT steer=+16.6° v=10.0
F001696 18:21:01.437 | raw: L=none R(cx=623.7,a=3706,s=gue) | prep: 2-line | bev: 1mask present=right cx=596.6 center=320.0 correct=right swap=no | guide: ? sides=? err=? hdg=-0.8° | OUT steer=+20.6° v=10.0
F001697 18:21:01.527 | raw: L=none R(cx=629.2,a=1748,s=gue) | prep: det=right res=right via=mask | bev: 1mask present=right cx=597.9 center=320.0 correct=right swap=no | guide: single_line_physical sides=right err=0.057m hdg=+26.5° | OUT steer=+25.0° v=10.0
F001698 18:21:01.802 | raw: L=none R(cx=632.0,a=1143,s=gue) | prep: det=right res=right via=mask | bev: 1mask present=right cx=599.1 center=320.0 correct=right swap=no | guide: single_line_physical sides=right err=0.057m hdg=+24.8° | OUT steer=+24.8° v=10.0
F001699 18:21:01.862 | raw: L=none R(cx=632.0,a=1143,s=gue) | prep: 2-line | bev: 1mask present=right cx=599.1 center=320.0 correct=right swap=no | guide: ? sides=? err=? hdg=-0.8° | OUT steer=+15.7° v=10.0
F001700 18:21:01.946 | raw: L=none R(cx=629.6,a=1426,s=gue) | prep: det=right res=right via=mask | bev: 1mask present=right cx=594.5 center=320.0 correct=right swap=no | guide: single_line_physical sides=right err=0.058m hdg=+27.8° | OUT steer=+25.0° v=10.0
F001701 18:21:02.037 | raw: L=none R(cx=629.8,a=1343,s=gue) | prep: det=right res=right via=mask | bev: 1mask present=right cx=593.0 center=320.0 correct=right swap=no | guide: single_line_physical sides=right err=0.059m hdg=+27.2° | OUT steer=+25.0° v=10.0
F001702 18:21:02.227 | raw: L=none R(cx=632.3,a=960,s=gue) | prep: det=right res=right via=mask | bev: 1mask present=right cx=598.7 center=320.0 correct=right swap=no | guide: single_line_physical sides=right err=0.058m hdg=+20.7° | OUT steer=+20.7° v=10.9
F001703 18:21:02.307 | raw: L=none R(cx=632.5,a=849,s=gue) | prep: det=right res=right via=mask | bev: 1mask present=right cx=595.0 center=320.0 correct=right swap=no | guide: single_line_physical sides=right err=0.059m hdg=+18.7° | OUT steer=+18.7° v=11.3
F001704 18:21:02.400 | raw: L=none R(cx=632.5,a=849,s=gue) | prep: det=right res=right via=mask | bev: 1mask present=right cx=595.0 center=320.0 correct=right swap=no | guide: single_line_physical sides=right err=0.059m hdg=+20.5° | OUT steer=+20.5° v=10.9
F001705 18:21:02.613 | raw: L=none R(cx=632.6,a=783,s=gue) | prep: det=right res=right via=mask | bev: 1mask present=right cx=593.7 center=320.0 correct=right swap=no | guide: single_line_physical sides=right err=0.059m hdg=+24.9° | OUT steer=+24.9° v=10.0
F001706 18:21:02.682 | raw: L=none R=none | prep: 2-line | bev: bev=skipped swap=no | guide: legacy_line_fit sides=? err=? hdg=-0.8° | OUT steer=-2.6° v=11.0
F001707 18:21:02.749 | raw: L=none R=none | prep: 2-line | bev: bev=skipped swap=no | guide: legacy_line_fit sides=? err=? hdg=-0.8° | OUT steer=-2.8° v=12.0
F001708 18:21:02.906 | raw: L=none R=none | prep: 2-line | bev: bev=skipped swap=no | guide: legacy_line_fit sides=? err=? hdg=-0.8° | OUT steer=-3.0° v=13.0
F001709 18:21:02.981 | raw: L=none R=none | prep: 2-line | bev: bev=skipped swap=no | guide: legacy_line_fit sides=? err=? hdg=-0.8° | OUT steer=-3.2° v=14.0
F001710 18:21:03.052 | raw: L=none R=none | prep: 2-line | bev: bev=skipped swap=no | guide: legacy_line_fit sides=? err=? hdg=-0.8° | OUT steer=-3.4° v=14.3
F001711 18:21:03.115 | raw: L=none R=none | prep: 2-line | bev: bev=skipped swap=no | guide: legacy_line_fit sides=? err=? hdg=-0.8° | OUT steer=-3.5° v=14.3
F001712 18:21:03.210 | raw: L=none R=none | prep: 2-line | bev: bev=skipped swap=no | guide: legacy_line_fit sides=? err=? hdg=-0.8° | OUT steer=-3.5° v=14.3
F001713 18:21:03.279 | raw: L=none R=none | prep: 2-line | bev: bev=skipped swap=no | guide: legacy_line_fit sides=? err=? hdg=-0.8° | OUT steer=-3.5° v=14.3
F001714 18:21:03.363 | raw: L=none R=none | prep: 2-line | bev: bev=skipped swap=no | guide: legacy_line_fit sides=? err=? hdg=-0.8° | OUT steer=-3.5° v=14.3
F001715 18:21:03.434 | raw: L=none R=none | prep: 2-line | bev: bev=skipped swap=no | guide: legacy_line_fit sides=? err=? hdg=-0.8° | OUT steer=-3.5° v=14.3
F001716 18:21:03.617 | raw: L=none R=none | prep: 2-line | bev: bev=skipped swap=no | guide: legacy_line_fit sides=? err=? hdg=-0.8° | OUT steer=-3.5° v=14.3
F001717 18:21:03.691 | raw: L=none R=none | prep: 2-line | bev: bev=skipped swap=no | guide: legacy_line_fit sides=? err=? hdg=-0.8° | OUT steer=-3.5° v=14.3
F001718 18:21:03.769 | raw: L=none R=none | prep: 2-line | bev: bev=skipped swap=no | guide: legacy_line_fit sides=? err=? hdg=-0.8° | OUT steer=-3.5° v=14.3
F001719 18:21:03.937 | raw: L=none R(cx=396.3,a=4136,s=gue) | prep: det=right res=right via=mask | bev: 1mask present=right cx=None center=320.0 correct=None swap=no | guide: midpoint sides=right err=0.030m hdg=+2.5° | OUT steer=+11.2° v=12.0
F001720 18:21:04.027 | raw: L=none R(cx=380.4,a=4207,s=gue) | prep: det=right res=right via=mask | bev: 1mask present=right cx=None center=320.0 correct=None swap=no | guide: single_line_physical sides=right err=-0.193m hdg=+13.7° | OUT steer=+11.2° v=12.0
F001721 18:21:04.114 | raw: L=none R(cx=379.0,a=4627,s=gue) | prep: det=right res=right via=mask | bev: 1mask present=right cx=None center=320.0 correct=None swap=no | guide: single_line_physical sides=right err=-0.193m hdg=+31.1° | OUT steer=+11.2° v=12.0
F001722 18:21:04.356 | raw: L=none R(cx=379.5,a=4951,s=gue) | prep: det=right res=right via=mask | bev: 1mask present=right cx=None center=320.0 correct=None swap=no | guide: single_line_physical sides=right err=-0.193m hdg=+33.5° | OUT steer=+11.2° v=12.0
F001723 18:21:04.423 | raw: L=none R=none | prep: 2-line | bev: bev=skipped swap=no | guide: legacy_line_fit sides=? err=? hdg=-0.8° | OUT steer=-3.0° v=13.0
F001724 18:21:04.491 | raw: L=none R=none | prep: 2-line | bev: bev=skipped swap=no | guide: legacy_line_fit sides=? err=? hdg=-0.8° | OUT steer=-3.2° v=14.0
F001725 18:21:04.672 | raw: L=none R(cx=379.7,a=5483,s=gue) | prep: det=right res=right via=mask | bev: 1mask present=right cx=None center=320.0 correct=None swap=no | guide: single_line_physical sides=right err=-0.193m hdg=+32.1° | OUT steer=+25.0° v=10.0
F001726 18:21:04.763 | raw: L=none R(cx=379.7,a=5483,s=gue) | prep: det=right res=right via=mask | bev: 1mask present=right cx=None center=320.0 correct=None swap=no | guide: single_line_physical sides=right err=-0.193m hdg=+33.8° | OUT steer=+25.0° v=10.0
F001727 18:21:04.853 | raw: L=none R(cx=370.6,a=5281,s=gue) | prep: det=right res=right via=mask | bev: 1mask present=right cx=None center=320.0 correct=None swap=no | guide: single_line_physical sides=right err=-0.193m hdg=+17.2° | OUT steer=+25.0° v=10.0
F001728 18:21:04.990 | raw: L=none R(cx=376.3,a=5095,s=gue) | prep: det=right res=right via=mask | bev: 1mask present=right cx=None center=320.0 correct=None swap=no | guide: single_line_physical sides=right err=-0.193m hdg=+12.5° | OUT steer=+25.0° v=10.0
F001729 18:21:05.083 | raw: L=none R(cx=369.5,a=5164,s=gue) | prep: det=right res=right via=mask | bev: 1mask present=right cx=None center=320.0 correct=None swap=no | guide: single_line_physical sides=right err=-0.193m hdg=+10.8° | OUT steer=+11.2° v=11.0
F001730 18:21:05.185 | raw: L=none R(cx=362.3,a=5781,s=gue) | prep: det=right res=right via=mask | bev: 1mask present=right cx=None center=320.0 correct=None swap=no | guide: single_line_physical sides=right err=-0.193m hdg=+25.6° | OUT steer=+25.0° v=10.0
F001731 18:21:05.474 | raw: L=none R(cx=361.6,a=5795,s=gue) | prep: det=right res=right via=mask | bev: 1mask present=right cx=None center=320.0 correct=None swap=no | guide: single_line_physical sides=right err=-0.193m hdg=+34.9° | OUT steer=+25.0° v=10.0
F001732 18:21:05.561 | raw: L=none R(cx=345.9,a=6243,s=gue) | prep: det=right res=right via=mask | bev: 1mask present=right cx=None center=320.0 correct=None swap=no | guide: single_line_physical sides=right err=-0.193m hdg=+31.0° | OUT steer=+25.0° v=10.0
F001733 18:21:05.644 | raw: L=none R(cx=345.9,a=6243,s=gue) | prep: det=right res=right via=mask | bev: 1mask present=right cx=None center=320.0 correct=None swap=no | guide: single_line_physical sides=right err=-0.193m hdg=+33.1° | OUT steer=+25.0° v=10.0
F001734 18:21:05.770 | raw: L=none R(cx=335.8,a=6552,s=gue) | prep: det=right res=right via=mask | bev: 1mask present=right cx=None center=320.0 correct=None swap=no | guide: single_line_physical sides=right err=-0.193m hdg=+26.4° | OUT steer=+25.0° v=10.0
F001735 18:21:05.854 | raw: L=none R(cx=335.8,a=6552,s=gue) | prep: det=right res=right via=mask | bev: 1mask present=right cx=None center=320.0 correct=None swap=no | guide: single_line_physical sides=right err=-0.193m hdg=+28.3° | OUT steer=+25.0° v=10.0
F001736 18:21:05.934 | raw: L=none R(cx=326.3,a=7174,s=gue) | prep: det=right res=right via=mask | bev: 1mask present=right cx=None center=320.0 correct=None swap=no | guide: single_line_physical sides=right err=-0.193m hdg=+28.4° | OUT steer=+25.0° v=10.0
F001737 18:21:06.175 | raw: L=none R(cx=317.9,a=7227,s=gue) | prep: det=right res=right via=mask | bev: 1mask present=right cx=None center=320.0 correct=None swap=no | guide: single_line_physical sides=right err=-0.193m hdg=+33.0° | OUT steer=+25.0° v=10.0
F001738 18:21:06.273 | raw: L=none R(cx=328.9,a=6680,s=gue) | prep: det=right res=right via=mask | bev: 1mask present=right cx=None center=320.0 correct=None swap=no | guide: single_line_physical sides=right err=-0.193m hdg=+33.6° | OUT steer=+25.0° v=10.0
F001739 18:21:06.364 | raw: L=none R(cx=323.9,a=6988,s=gue) | prep: det=right res=right via=mask | bev: 1mask present=right cx=None center=320.0 correct=None swap=no | guide: single_line_physical sides=right err=-0.193m hdg=+32.4° | OUT steer=+25.0° v=10.0
F001740 18:21:06.588 | raw: L=none R(cx=333.7,a=6462,s=gue) | prep: det=right res=right via=mask | bev: 1mask present=right cx=None center=320.0 correct=None swap=no | guide: single_line_physical sides=right err=-0.193m hdg=+31.5° | OUT steer=+25.0° v=10.0
F001741 18:21:06.684 | raw: L=none R(cx=369.2,a=5535,s=gue) | prep: det=right res=right via=mask | bev: 1mask present=right cx=None center=320.0 correct=None swap=no | guide: midpoint sides=right err=-0.144m hdg=+6.8° | OUT steer=+11.2° v=11.0
F001742 18:21:06.777 | raw: L=none R(cx=369.2,a=5535,s=gue) | prep: det=right res=right via=mask | bev: 1mask present=right cx=None center=320.0 correct=None swap=no | guide: midpoint sides=right err=-0.138m hdg=+4.4° | OUT steer=+5.1° v=10.0
F001743 18:21:06.990 | raw: L=none R(cx=376.1,a=4749,s=gue) | prep: det=right res=right via=mask | bev: 1mask present=right cx=None center=320.0 correct=None swap=no | guide: midpoint sides=right err=-0.178m hdg=+2.9° | OUT steer=+2.9° v=10.0
F001744 18:21:07.088 | raw: L=none R(cx=379.3,a=4677,s=gue) | prep: det=right res=right via=mask | bev: 1mask present=right cx=None center=320.0 correct=None swap=no | guide: midpoint sides=right err=-0.195m hdg=+1.9° | OUT steer=+2.0° v=11.0
F001745 18:21:07.188 | raw: L(cx=112.6,a=5519,s=gue) R(cx=363.0,a=4688,s=gue) | prep: det=None res=left via=mask dup=history | bev: 2mask Lcx=None Rcx=None center=320.0 swap=no | guide: single_line_physical sides=left err=-0.060m hdg=-13.0° | OUT steer=-3.0° v=12.0
F001746 18:21:07.425 | raw: L(cx=104.6,a=5449,s=gue) R(cx=364.9,a=5372,s=gue) | prep: det=None res=left via=mask dup=history | bev: 2mask Lcx=None Rcx=None center=320.0 swap=no | guide: single_line_physical sides=left err=-0.060m hdg=-12.6° | OUT steer=-3.0° v=12.0
F001747 18:21:07.542 | raw: L(cx=91.4,a=5811,s=gue) R(cx=327.9,a=5857,s=gue) | prep: det=None res=left via=mask dup=history | bev: 2mask Lcx=None Rcx=None center=320.0 swap=no | guide: single_line_physical sides=left err=-0.053m hdg=-12.2° | OUT steer=-3.0° v=12.0
F001748 18:21:07.643 | raw: L(cx=256.2,a=8738,s=gue) R=none | prep: det=left res=right via=mask | bev: 1mask present=right cx=None center=320.0 correct=None swap=no | guide: single_line_physical sides=right err=-0.193m hdg=+26.5° | OUT steer=+25.0° v=10.0
F001749 18:21:07.905 | raw: L(cx=248.3,a=9061,s=gue) R=none | prep: det=left res=right via=mask | bev: 1mask present=right cx=None center=320.0 correct=None swap=no | guide: single_line_physical sides=right err=-0.193m hdg=+24.8° | OUT steer=+24.8° v=10.0
F001750 18:21:07.990 | raw: L(cx=249.5,a=7868,s=gue) R=none | prep: det=left res=right via=mask | bev: 1mask present=right cx=None center=320.0 correct=None swap=no | guide: single_line_physical sides=right err=-0.158m hdg=+18.2° | OUT steer=+18.2° v=10.0
F001751 18:21:08.078 | raw: L(cx=212.5,a=9309,s=gue) R=none | prep: det=left res=right via=mask | bev: 1mask present=right cx=None center=320.0 correct=None swap=no | guide: single_line_physical sides=right err=-0.193m hdg=+21.3° | OUT steer=+21.3° v=10.0
F001752 18:21:08.304 | raw: L(cx=222.0,a=8964,s=gue) R=none | prep: det=left res=right via=mask | bev: 1mask present=right cx=None center=320.0 correct=None swap=no | guide: midpoint sides=right err=-0.197m hdg=+2.0° | OUT steer=+9.6° v=11.0
F001753 18:21:08.391 | raw: L(cx=222.9,a=9400,s=gue) R=none | prep: det=left res=right via=mask | bev: 1mask present=right cx=None center=320.0 correct=None swap=no | guide: midpoint sides=right err=-0.196m hdg=+1.3° | OUT steer=+4.3° v=12.0
F001754 18:21:08.470 | raw: L(cx=198.1,a=10554,s=gue) R=none | prep: det=left res=right via=mask | bev: 1mask present=right cx=None center=320.0 correct=None swap=no | guide: midpoint sides=right err=-0.195m hdg=+0.8° | OUT steer=+2.0° v=12.0
F001755 18:21:08.706 | raw: L(cx=197.7,a=10241,s=gue) R=none | prep: det=left res=right via=mask | bev: 1mask present=right cx=None center=320.0 correct=None swap=no | guide: midpoint sides=right err=-0.194m hdg=+0.5° | OUT steer=+2.0° v=12.0
F001756 18:21:08.794 | raw: L(cx=237.0,a=8535,s=gue) R=none | prep: det=left res=right via=mask | bev: 1mask present=right cx=None center=320.0 correct=None swap=no | guide: midpoint sides=right err=-0.193m hdg=+0.4° | OUT steer=+2.0° v=12.0
F001757 18:21:08.887 | raw: L(cx=209.3,a=10103,s=gue) R=none | prep: det=left res=right via=mask | bev: 1mask present=right cx=None center=320.0 correct=None swap=no | guide: midpoint sides=right err=-0.193m hdg=+0.2° | OUT steer=+2.0° v=12.0
F001758 18:21:09.014 | raw: L(cx=208.6,a=9459,s=gue) R=none | prep: det=left res=right via=mask | bev: 1mask present=right cx=None center=320.0 correct=None swap=no | guide: midpoint sides=right err=-0.193m hdg=+0.2° | OUT steer=+2.0° v=12.0
F001759 18:21:09.104 | raw: L(cx=204.9,a=9420,s=gue) R=none | prep: det=left res=right via=mask | bev: 1mask present=right cx=None center=320.0 correct=None swap=no | guide: single_line_physical sides=right err=-0.193m hdg=+16.5° | OUT steer=+16.5° v=11.7
F001760 18:21:09.183 | raw: L(cx=211.8,a=9715,s=gue) R=none | prep: det=left res=right via=mask | bev: 1mask present=right cx=None center=320.0 correct=None swap=no | guide: midpoint sides=right err=-0.193m hdg=+0.1° | OUT steer=+7.4° v=12.0
F001761 18:21:09.424 | raw: L(cx=226.1,a=10020,s=gue) R=none | prep: det=left res=right via=mask | bev: 1mask present=right cx=None center=320.0 correct=None swap=no | guide: midpoint sides=right err=-0.193m hdg=+0.0° | OUT steer=+3.3° v=12.0
F001762 18:21:09.512 | raw: L(cx=212.6,a=9911,s=gue) R=none | prep: det=left res=right via=mask | bev: 1mask present=right cx=None center=320.0 correct=None swap=no | guide: single_line_physical sides=right err=-0.193m hdg=+17.6° | OUT steer=+17.6° v=11.5
F001763 18:21:09.604 | raw: L(cx=212.6,a=9911,s=gue) R=none | prep: det=left res=right via=mask | bev: 1mask present=right cx=None center=320.0 correct=None swap=no | guide: single_line_physical sides=right err=-0.193m hdg=+17.2° | OUT steer=+17.2° v=11.6
F001764 18:21:09.821 | raw: L(cx=228.3,a=10050,s=gue) R=none | prep: det=left res=right via=mask | bev: 1mask present=right cx=None center=320.0 correct=None swap=no | guide: single_line_physical sides=right err=-0.193m hdg=+17.5° | OUT steer=+17.5° v=11.5
F001765 18:21:09.902 | raw: L(cx=229.7,a=10154,s=gue) R=none | prep: det=left res=right via=mask | bev: 1mask present=right cx=None center=320.0 correct=None swap=no | guide: single_line_physical sides=right err=-0.193m hdg=+17.8° | OUT steer=+17.8° v=11.4
F001766 18:21:09.990 | raw: L(cx=229.7,a=10154,s=gue) R=none | prep: det=left res=right via=mask | bev: 1mask present=right cx=None center=320.0 correct=None swap=no | guide: single_line_physical sides=right err=-0.193m hdg=+17.5° | OUT steer=+17.5° v=11.5
F001767 18:21:10.222 | raw: L(cx=229.3,a=10096,s=gue) R=none | prep: det=left res=right via=mask | bev: 1mask present=right cx=None center=320.0 correct=None swap=no | guide: single_line_physical sides=right err=-0.193m hdg=+18.0° | OUT steer=+18.0° v=11.4
F001768 18:21:10.320 | raw: L(cx=238.5,a=10498,s=gue) R=none | prep: det=left res=right via=mask | bev: 1mask present=right cx=None center=320.0 correct=None swap=no | guide: single_line_physical sides=right err=-0.193m hdg=+18.0° | OUT steer=+18.0° v=11.4
F001769 18:21:10.410 | raw: L(cx=237.3,a=9887,s=gue) R=none | prep: det=left res=right via=mask | bev: 1mask present=right cx=None center=320.0 correct=None swap=no | guide: single_line_physical sides=right err=-0.193m hdg=+17.7° | OUT steer=+17.7° v=11.5
F001770 18:21:10.635 | raw: L(cx=237.3,a=9887,s=gue) R=none | prep: det=left res=right via=mask | bev: 1mask present=right cx=None center=320.0 correct=None swap=no | guide: single_line_physical sides=right err=-0.193m hdg=+16.7° | OUT steer=+16.7° v=11.7
F001771 18:21:10.725 | raw: L(cx=241.7,a=10131,s=gue) R=none | prep: det=left res=right via=mask | bev: 1mask present=right cx=None center=320.0 correct=None swap=no | guide: single_line_physical sides=right err=-0.193m hdg=+18.1° | OUT steer=+18.1° v=11.4
F001772 18:21:10.809 | raw: L(cx=237.6,a=10189,s=gue) R=none | prep: det=left res=right via=mask | bev: 1mask present=right cx=None center=320.0 correct=None swap=no | guide: single_line_physical sides=right err=-0.193m hdg=+18.9° | OUT steer=+18.9° v=11.2
F001773 18:21:11.053 | raw: L(cx=239.1,a=9902,s=gue) R=none | prep: det=left res=right via=mask | bev: 1mask present=right cx=None center=320.0 correct=None swap=no | guide: single_line_physical sides=right err=-0.193m hdg=+17.8° | OUT steer=+17.8° v=11.4
F001774 18:21:11.146 | raw: L(cx=238.6,a=9935,s=gue) R=none | prep: det=left res=right via=mask | bev: 1mask present=right cx=None center=320.0 correct=None swap=no | guide: single_line_physical sides=right err=-0.193m hdg=+18.1° | OUT steer=+18.1° v=11.4
F001775 18:21:11.238 | raw: L(cx=240.3,a=10044,s=gue) R=none | prep: det=left res=right via=mask | bev: 1mask present=right cx=None center=320.0 correct=None swap=no | guide: single_line_physical sides=right err=-0.193m hdg=+18.2° | OUT steer=+18.2° v=11.4
F001776 18:21:11.453 | raw: L(cx=238.6,a=9984,s=gue) R=none | prep: det=left res=right via=mask | bev: 1mask present=right cx=None center=320.0 correct=None swap=no | guide: single_line_physical sides=right err=-0.193m hdg=+18.0° | OUT steer=+18.0° v=11.4
F001777 18:21:11.538 | raw: L(cx=234.9,a=9900,s=gue) R=none | prep: det=left res=right via=mask | bev: 1mask present=right cx=None center=320.0 correct=None swap=no | guide: single_line_physical sides=right err=-0.193m hdg=+18.2° | OUT steer=+18.2° v=11.4
F001778 18:21:11.628 | raw: L(cx=235.2,a=9661,s=gue) R=none | prep: det=left res=right via=mask | bev: 1mask present=right cx=None center=320.0 correct=None swap=no | guide: single_line_physical sides=right err=-0.193m hdg=+18.5° | OUT steer=+18.5° v=11.3
F001779 18:21:11.762 | raw: L(cx=233.6,a=9644,s=gue) R=none | prep: det=left res=right via=mask | bev: 1mask present=right cx=None center=320.0 correct=None swap=no | guide: single_line_physical sides=right err=-0.193m hdg=+18.4° | OUT steer=+18.4° v=11.3
F001780 18:21:11.860 | raw: L(cx=238.5,a=9711,s=gue) R=none | prep: det=left res=right via=mask | bev: 1mask present=right cx=None center=320.0 correct=None swap=no | guide: single_line_physical sides=right err=-0.193m hdg=+18.1° | OUT steer=+18.1° v=11.4
F001781 18:21:11.951 | raw: L(cx=239.2,a=9649,s=gue) R=none | prep: det=left res=right via=mask | bev: 1mask present=right cx=None center=320.0 correct=None swap=no | guide: single_line_physical sides=right err=-0.193m hdg=+18.8° | OUT steer=+18.8° v=11.2
F001782 18:21:12.174 | raw: L(cx=242.9,a=9821,s=gue) R=none | prep: det=left res=right via=mask | bev: 1mask present=right cx=None center=320.0 correct=None swap=no | guide: single_line_physical sides=right err=-0.193m hdg=+18.0° | OUT steer=+18.0° v=11.4
F001783 18:21:12.269 | raw: L(cx=241.1,a=9792,s=gue) R=none | prep: det=left res=right via=mask | bev: 1mask present=right cx=None center=320.0 correct=None swap=no | guide: single_line_physical sides=right err=-0.193m hdg=+18.5° | OUT steer=+18.5° v=11.3
F001784 18:21:12.359 | raw: L(cx=241.1,a=9792,s=gue) R=none | prep: det=left res=right via=mask | bev: 1mask present=right cx=None center=320.0 correct=None swap=no | guide: single_line_physical sides=right err=-0.193m hdg=+18.1° | OUT steer=+18.1° v=11.4
F001785 18:21:12.493 | raw: L(cx=251.5,a=9579,s=gue) R=none | prep: det=left res=right via=mask | bev: 1mask present=right cx=None center=320.0 correct=None swap=no | guide: midpoint sides=right err=-0.193m hdg=+0.0° | OUT steer=+8.1° v=12.0
F001786 18:21:12.576 | raw: L(cx=252.0,a=9496,s=gue) R=none | prep: det=left res=right via=mask | bev: 1mask present=right cx=None center=320.0 correct=None swap=no | guide: midpoint sides=right err=-0.193m hdg=+0.0° | OUT steer=+3.7° v=12.0
F001787 18:21:12.684 | raw: L(cx=256.5,a=9373,s=gue) R=none | prep: det=left res=right via=mask | bev: 1mask present=right cx=None center=320.0 correct=None swap=no | guide: midpoint sides=right err=-0.193m hdg=+0.0° | OUT steer=+2.0° v=12.0
F001788 18:21:12.886 | raw: L(cx=257.9,a=9318,s=gue) R=none | prep: det=left res=right via=mask | bev: 1mask present=right cx=None center=320.0 correct=None swap=no | guide: midpoint sides=right err=-0.193m hdg=+0.0° | OUT steer=+2.0° v=12.0
F001789 18:21:12.971 | raw: L(cx=260.0,a=9350,s=gue) R=none | prep: det=left res=right via=mask | bev: 1mask present=right cx=None center=320.0 correct=None swap=no | guide: midpoint sides=right err=-0.193m hdg=+0.0° | OUT steer=+2.0° v=12.0
F001790 18:21:13.060 | raw: L(cx=261.3,a=9586,s=gue) R=none | prep: det=left res=right via=mask | bev: 1mask present=right cx=None center=320.0 correct=None swap=no | guide: midpoint sides=right err=-0.193m hdg=+0.0° | OUT steer=+2.0° v=12.0
F001791 18:21:13.299 | raw: L(cx=255.1,a=9928,s=gue) R=none | prep: det=left res=right via=mask | bev: 1mask present=right cx=None center=320.0 correct=None swap=no | guide: midpoint sides=right err=-0.193m hdg=+0.0° | OUT steer=+2.0° v=12.0
F001792 18:21:13.390 | raw: L(cx=251.2,a=9945,s=gue) R=none | prep: det=left res=right via=mask | bev: 1mask present=right cx=None center=320.0 correct=None swap=no | guide: midpoint sides=right err=-0.193m hdg=+0.0° | OUT steer=+2.0° v=12.0
F001793 18:21:13.479 | raw: L(cx=236.6,a=9777,s=gue) R=none | prep: det=left res=right via=mask | bev: 1mask present=right cx=None center=320.0 correct=None swap=no | guide: midpoint sides=right err=-0.193m hdg=+0.0° | OUT steer=+2.0° v=12.0
F001794 18:21:13.704 | raw: L(cx=229.9,a=9866,s=gue) R=none | prep: det=left res=right via=mask | bev: 1mask present=right cx=None center=320.0 correct=None swap=no | guide: single_line_physical sides=right err=-0.193m hdg=+16.9° | OUT steer=+16.9° v=11.6
F001795 18:21:13.808 | raw: L(cx=249.8,a=10395,s=gue) R=none | prep: det=left res=left via=mask | bev: 1mask present=right cx=2.0 center=320.0 correct=left swap=YES ←! | guide: single_line_physical sides=left err=0.022m hdg=+16.7° | OUT steer=-16.7° v=11.7
F001796 18:21:13.905 | raw: L(cx=245.3,a=10111,s=gue) R=none | prep: det=left res=left via=mask | bev: 1mask present=left cx=4.6 center=320.0 correct=left swap=no | guide: single_line_physical sides=left err=-0.060m hdg=+16.6° | OUT steer=-16.6° v=11.7
F001797 18:21:14.108 | raw: L(cx=239.8,a=10033,s=gue) R=none | prep: det=left res=left via=mask | bev: 1mask present=left cx=5.9 center=320.0 correct=left swap=no | guide: single_line_physical sides=left err=-0.060m hdg=+16.7° | OUT steer=-16.7° v=11.7
F001798 18:21:14.196 | raw: L(cx=241.6,a=10495,s=gue) R=none | prep: det=left res=left via=mask | bev: 1mask present=left cx=6.0 center=320.0 correct=left swap=no | guide: single_line_physical sides=left err=-0.060m hdg=+17.3° | OUT steer=-17.3° v=11.5
F001799 18:21:14.292 | raw: L(cx=246.8,a=10563,s=gue) R=none | prep: det=left res=left via=mask | bev: 1mask present=left cx=6.2 center=320.0 correct=left swap=no | guide: single_line_physical sides=left err=-0.060m hdg=+17.4° | OUT steer=-17.4° v=11.5
F001800 18:21:14.509 | raw: L(cx=246.6,a=10714,s=gue) R=none | prep: det=left res=left via=mask | bev: 1mask present=left cx=5.6 center=320.0 correct=left swap=no | guide: single_line_physical sides=left err=-0.060m hdg=+16.7° | OUT steer=-16.7° v=11.7
F001801 18:21:14.602 | raw: L(cx=251.9,a=10603,s=gue) R=none | prep: det=left res=left via=mask | bev: 1mask present=left cx=None center=320.0 correct=None swap=no | guide: single_line_physical sides=left err=-0.060m hdg=+17.2° | OUT steer=-17.2° v=11.6
F001802 18:21:14.688 | raw: L(cx=248.5,a=10376,s=gue) R=none | prep: det=left res=left via=mask | bev: 1mask present=left cx=4.2 center=320.0 correct=left swap=no | guide: single_line_physical sides=left err=-0.060m hdg=+17.1° | OUT steer=-17.1° v=11.6
F001803 18:21:14.821 | raw: L(cx=244.3,a=10260,s=gue) R=none | prep: det=left res=left via=mask | bev: 1mask present=left cx=4.4 center=320.0 correct=left swap=no | guide: single_line_physical sides=left err=-0.060m hdg=+17.0° | OUT steer=-17.0° v=11.6
F001804 18:21:14.904 | raw: L(cx=244.0,a=10292,s=gue) R=none | prep: det=left res=left via=mask | bev: 1mask present=left cx=4.5 center=320.0 correct=left swap=no | guide: single_line_physical sides=left err=-0.060m hdg=+17.0° | OUT steer=-17.0° v=11.6
F001805 18:21:14.987 | raw: L(cx=242.2,a=10170,s=gue) R=none | prep: det=left res=left via=mask | bev: 1mask present=left cx=4.7 center=320.0 correct=left swap=no | guide: single_line_physical sides=left err=-0.060m hdg=+17.1° | OUT steer=-17.1° v=11.6
F001806 18:21:15.214 | raw: L(cx=242.6,a=10200,s=gue) R=none | prep: det=left res=left via=mask | bev: 1mask present=left cx=4.8 center=320.0 correct=left swap=no | guide: single_line_physical sides=left err=-0.060m hdg=+16.6° | OUT steer=-16.6° v=11.7
F001807 18:21:15.307 | raw: L(cx=241.5,a=10196,s=gue) R=none | prep: det=left res=left via=mask | bev: 1mask present=left cx=4.5 center=320.0 correct=left swap=no | guide: single_line_physical sides=left err=-0.060m hdg=+16.6° | OUT steer=-16.6° v=11.7
F001808 18:21:15.395 | raw: L(cx=241.5,a=10196,s=gue) R=none | prep: det=left res=left via=mask | bev: 1mask present=left cx=4.5 center=320.0 correct=left swap=no | guide: single_line_physical sides=left err=-0.060m hdg=+16.2° | OUT steer=-16.2° v=11.8
F001809 18:21:15.621 | raw: L(cx=241.7,a=10224,s=gue) R=none | prep: det=left res=left via=mask | bev: 1mask present=left cx=4.6 center=320.0 correct=left swap=no | guide: single_line_physical sides=left err=-0.060m hdg=+16.1° | OUT steer=-16.1° v=11.8
F001810 18:21:15.716 | raw: L(cx=241.2,a=10161,s=gue) R=none | prep: det=left res=left via=mask | bev: 1mask present=left cx=4.4 center=320.0 correct=left swap=no | guide: single_line_physical sides=left err=-0.060m hdg=+16.6° | OUT steer=-16.6° v=11.7
F001811 18:21:15.807 | raw: L(cx=243.0,a=10262,s=gue) R=none | prep: det=left res=left via=mask | bev: 1mask present=left cx=4.4 center=320.0 correct=left swap=no | guide: single_line_physical sides=left err=-0.060m hdg=+17.1° | OUT steer=-17.1° v=11.6
F001812 18:21:15.932 | raw: L(cx=241.8,a=10237,s=gue) R=none | prep: det=left res=left via=mask | bev: 1mask present=left cx=5.0 center=320.0 correct=left swap=no | guide: single_line_physical sides=left err=-0.060m hdg=+17.0° | OUT steer=-17.0° v=11.6
F001813 18:21:16.032 | raw: L(cx=241.2,a=10180,s=gue) R=none | prep: det=left res=left via=mask | bev: 1mask present=left cx=4.6 center=320.0 correct=left swap=no | guide: single_line_physical sides=left err=-0.060m hdg=+17.1° | OUT steer=-17.1° v=11.6
F001814 18:21:16.122 | raw: L(cx=241.6,a=10189,s=gue) R=none | prep: det=left res=left via=mask | bev: 1mask present=left cx=4.6 center=320.0 correct=left swap=no | guide: single_line_physical sides=left err=-0.060m hdg=+17.1° | OUT steer=-17.1° v=11.6
F001815 18:21:16.333 | raw: L(cx=241.0,a=10163,s=gue) R=none | prep: det=left res=left via=mask | bev: 1mask present=left cx=4.7 center=320.0 correct=left swap=no | guide: single_line_physical sides=left err=-0.060m hdg=+16.6° | OUT steer=-16.6° v=11.7
F001816 18:21:16.427 | raw: L(cx=242.1,a=10260,s=gue) R=none | prep: det=left res=left via=mask | bev: 1mask present=left cx=4.5 center=320.0 correct=left swap=no | guide: single_line_physical sides=left err=-0.060m hdg=+16.6° | OUT steer=-16.6° v=11.7
F001817 18:21:16.517 | raw: L(cx=242.1,a=10260,s=gue) R=none | prep: det=left res=left via=mask | bev: 1mask present=left cx=4.5 center=320.0 correct=left swap=no | guide: single_line_physical sides=left err=-0.060m hdg=+16.2° | OUT steer=-16.2° v=11.8
F001818 18:21:16.758 | raw: L(cx=241.3,a=10194,s=gue) R=none | prep: det=left res=left via=mask | bev: 1mask present=left cx=4.5 center=320.0 correct=left swap=no | guide: single_line_physical sides=left err=-0.060m hdg=+16.2° | OUT steer=-16.2° v=11.8
F001819 18:21:16.852 | raw: L(cx=241.5,a=10189,s=gue) R=none | prep: det=left res=left via=mask | bev: 1mask present=left cx=4.9 center=320.0 correct=left swap=no | guide: single_line_physical sides=left err=-0.060m hdg=+16.1° | OUT steer=-16.1° v=11.8
F001820 18:21:16.930 | raw: L(cx=241.7,a=10204,s=gue) R=none | prep: det=left res=left via=mask | bev: 1mask present=left cx=4.4 center=320.0 correct=left swap=no | guide: single_line_physical sides=left err=-0.060m hdg=+16.7° | OUT steer=-16.7° v=11.7
F001821 18:21:17.148 | raw: L(cx=242.3,a=10233,s=gue) R=none | prep: det=left res=left via=mask | bev: 1mask present=left cx=4.5 center=320.0 correct=left swap=no | guide: single_line_physical sides=left err=-0.060m hdg=+16.2° | OUT steer=-16.2° v=11.8
F001822 18:21:17.236 | raw: L(cx=240.7,a=10170,s=gue) R=none | prep: det=left res=left via=mask | bev: 1mask present=left cx=4.5 center=320.0 correct=left swap=no | guide: single_line_physical sides=left err=-0.060m hdg=+16.6° | OUT steer=-16.6° v=11.7
F001823 18:21:17.323 | raw: L(cx=240.7,a=10170,s=gue) R=none | prep: det=left res=left via=mask | bev: 1mask present=left cx=4.5 center=320.0 correct=left swap=no | guide: single_line_physical sides=left err=-0.060m hdg=+16.2° | OUT steer=-16.2° v=11.8
F001824 18:21:17.466 | raw: L(cx=242.7,a=10257,s=gue) R=none | prep: det=left res=left via=mask | bev: 1mask present=left cx=4.5 center=320.0 correct=left swap=no | guide: single_line_physical sides=left err=-0.060m hdg=+17.0° | OUT steer=-17.0° v=11.6
F001825 18:21:17.583 | raw: L(cx=241.2,a=10220,s=gue) R=none | prep: det=left res=left via=mask | bev: 1mask present=left cx=4.5 center=320.0 correct=left swap=no | guide: single_line_physical sides=left err=-0.060m hdg=+17.1° | OUT steer=-17.1° v=11.6
F001826 18:21:17.660 | raw: L(cx=241.5,a=10180,s=gue) R=none | prep: det=left res=left via=mask | bev: 1mask present=left cx=4.7 center=320.0 correct=left swap=no | guide: single_line_physical sides=left err=-0.060m hdg=+17.1° | OUT steer=-17.1° v=11.6
F001827 18:21:17.855 | raw: L(cx=241.7,a=10253,s=gue) R=none | prep: det=left res=left via=mask | bev: 1mask present=left cx=4.4 center=320.0 correct=left swap=no | guide: single_line_physical sides=left err=-0.060m hdg=+17.0° | OUT steer=-17.0° v=11.6
F001828 18:21:17.963 | raw: L(cx=241.7,a=10253,s=gue) R=none | prep: det=left res=left via=mask | bev: 1mask present=left cx=4.4 center=320.0 correct=left swap=no | guide: single_line_physical sides=left err=-0.060m hdg=+16.6° | OUT steer=-16.6° v=11.7
F001829 18:21:18.047 | raw: L(cx=241.5,a=10200,s=gue) R=none | prep: det=left res=left via=mask | bev: 1mask present=left cx=4.5 center=320.0 correct=left swap=no | guide: single_line_physical sides=left err=-0.060m hdg=+17.2° | OUT steer=-17.2° v=11.6
F001830 18:21:18.271 | raw: L(cx=241.6,a=10251,s=gue) R=none | prep: det=left res=left via=mask | bev: 1mask present=left cx=4.2 center=320.0 correct=left swap=no | guide: single_line_physical sides=left err=-0.060m hdg=+17.0° | OUT steer=-17.0° v=11.6
F001831 18:21:18.362 | raw: L(cx=241.6,a=10251,s=gue) R=none | prep: det=left res=left via=mask | bev: 1mask present=left cx=4.2 center=320.0 correct=left swap=no | guide: single_line_physical sides=left err=-0.060m hdg=+16.5° | OUT steer=-16.5° v=11.7
F001832 18:21:18.467 | raw: L(cx=241.8,a=10226,s=gue) R=none | prep: det=left res=left via=mask | bev: 1mask present=left cx=4.4 center=320.0 correct=left swap=no | guide: single_line_physical sides=left err=-0.060m hdg=+17.1° | OUT steer=-17.1° v=11.6
F001833 18:21:18.661 | raw: L(cx=241.6,a=10204,s=gue) R=none | prep: det=left res=left via=mask | bev: 1mask present=left cx=4.3 center=320.0 correct=left swap=no | guide: single_line_physical sides=left err=-0.060m hdg=+16.7° | OUT steer=-16.7° v=11.7
F001834 18:21:18.756 | raw: L(cx=241.8,a=10181,s=gue) R=none | prep: det=left res=left via=mask | bev: 1mask present=left cx=4.6 center=320.0 correct=left swap=no | guide: single_line_physical sides=left err=-0.060m hdg=+17.0° | OUT steer=-17.0° v=11.6
F001835 18:21:18.852 | raw: L(cx=241.5,a=10157,s=gue) R=none | prep: det=left res=left via=mask | bev: 1mask present=left cx=4.8 center=320.0 correct=left swap=no | guide: single_line_physical sides=left err=-0.060m hdg=+17.2° | OUT steer=-17.2° v=11.6
F001836 18:21:18.971 | raw: L(cx=241.4,a=10211,s=gue) R=none | prep: det=left res=left via=mask | bev: 1mask present=left cx=4.5 center=320.0 correct=left swap=no | guide: single_line_physical sides=left err=-0.060m hdg=+17.1° | OUT steer=-17.1° v=11.6
F001837 18:21:19.051 | raw: L(cx=241.4,a=10211,s=gue) R=none | prep: det=left res=left via=mask | bev: 1mask present=left cx=4.5 center=320.0 correct=left swap=no | guide: single_line_physical sides=left err=-0.060m hdg=+16.7° | OUT steer=-16.7° v=11.7
F001838 18:21:19.146 | raw: L(cx=241.4,a=10211,s=gue) R=none | prep: det=left res=left via=mask | bev: 1mask present=left cx=4.5 center=320.0 correct=left swap=no | guide: single_line_physical sides=left err=-0.060m hdg=+16.3° | OUT steer=-16.3° v=11.7
F001839 18:21:19.374 | raw: L(cx=240.8,a=10172,s=gue) R=none | prep: det=left res=left via=mask | bev: 1mask present=left cx=4.5 center=320.0 correct=left swap=no | guide: single_line_physical sides=left err=-0.060m hdg=+16.6° | OUT steer=-16.6° v=11.7
F001840 18:21:19.472 | raw: L(cx=241.3,a=10182,s=gue) R=none | prep: det=left res=left via=mask | bev: 1mask present=left cx=4.5 center=320.0 correct=left swap=no | guide: single_line_physical sides=left err=-0.060m hdg=+16.6° | OUT steer=-16.6° v=11.7
F001841 18:21:19.563 | raw: L(cx=240.9,a=10188,s=gue) R=none | prep: det=left res=left via=mask | bev: 1mask present=left cx=4.5 center=320.0 correct=left swap=no | guide: single_line_physical sides=left err=-0.060m hdg=+17.2° | OUT steer=-17.2° v=11.6
F001842 18:21:19.779 | raw: L(cx=242.0,a=10217,s=gue) R=none | prep: det=left res=left via=mask | bev: 1mask present=left cx=4.4 center=320.0 correct=left swap=no | guide: single_line_physical sides=left err=-0.060m hdg=+16.6° | OUT steer=-16.6° v=11.7
F001843 18:21:19.864 | raw: L(cx=241.6,a=10258,s=gue) R=none | prep: det=left res=left via=mask | bev: 1mask present=left cx=4.4 center=320.0 correct=left swap=no | guide: single_line_physical sides=left err=-0.060m hdg=+17.1° | OUT steer=-17.1° v=11.6
F001844 18:21:19.954 | raw: L(cx=241.6,a=10258,s=gue) R=none | prep: det=left res=left via=mask | bev: 1mask present=left cx=4.4 center=320.0 correct=left swap=no | guide: single_line_physical sides=left err=-0.060m hdg=+16.7° | OUT steer=-16.7° v=11.7
F001845 18:21:20.184 | raw: L(cx=241.2,a=10200,s=gue) R=none | prep: det=left res=left via=mask | bev: 1mask present=left cx=4.4 center=320.0 correct=left swap=no | guide: single_line_physical sides=left err=-0.060m hdg=+17.0° | OUT steer=-17.0° v=11.6
F001846 18:21:20.285 | raw: L(cx=240.9,a=10188,s=gue) R=none | prep: det=left res=left via=mask | bev: 1mask present=left cx=5.1 center=320.0 correct=left swap=no | guide: single_line_physical sides=left err=-0.060m hdg=+17.2° | OUT steer=-17.2° v=11.6
F001847 18:21:20.368 | raw: L(cx=242.4,a=10213,s=gue) R=none | prep: det=left res=left via=mask | bev: 1mask present=left cx=4.6 center=320.0 correct=left swap=no | guide: single_line_physical sides=left err=-0.060m hdg=+17.2° | OUT steer=-17.2° v=11.6
F001848 18:21:20.495 | raw: L(cx=241.4,a=10196,s=gue) R=none | prep: det=left res=left via=mask | bev: 1mask present=left cx=4.5 center=320.0 correct=left swap=no | guide: single_line_physical sides=left err=-0.060m hdg=+17.0° | OUT steer=-17.0° v=11.6
F001849 18:21:20.580 | raw: L(cx=241.5,a=10231,s=gue) R=none | prep: det=left res=left via=mask | bev: 1mask present=left cx=4.4 center=320.0 correct=left swap=no | guide: single_line_physical sides=left err=-0.060m hdg=+17.2° | OUT steer=-17.2° v=11.6
F001850 18:21:20.667 | raw: L(cx=241.5,a=10231,s=gue) R=none | prep: det=left res=left via=mask | bev: 1mask present=left cx=4.4 center=320.0 correct=left swap=no | guide: single_line_physical sides=left err=-0.060m hdg=+16.8° | OUT steer=-16.8° v=11.6
F001851 18:21:20.908 | raw: L(cx=242.8,a=10205,s=gue) R=none | prep: det=left res=left via=mask | bev: 1mask present=left cx=4.4 center=320.0 correct=left swap=no | guide: single_line_physical sides=left err=-0.060m hdg=+16.1° | OUT steer=-16.1° v=11.8
F001852 18:21:20.994 | raw: L(cx=241.2,a=10202,s=gue) R=none | prep: det=left res=left via=mask | bev: 1mask present=left cx=4.5 center=320.0 correct=left swap=no | guide: single_line_physical sides=left err=-0.060m hdg=+16.6° | OUT steer=-16.6° v=11.7
F001853 18:21:21.073 | raw: L(cx=241.2,a=10202,s=gue) R=none | prep: det=left res=left via=mask | bev: 1mask present=left cx=4.5 center=320.0 correct=left swap=no | guide: single_line_physical sides=left err=-0.060m hdg=+16.3° | OUT steer=-16.3° v=11.7
F001854 18:21:21.310 | raw: L(cx=242.4,a=10221,s=gue) R=none | prep: det=left res=left via=mask | bev: 1mask present=left cx=4.9 center=320.0 correct=left swap=no | guide: single_line_physical sides=left err=-0.060m hdg=+16.1° | OUT steer=-16.1° v=11.8
F001855 18:21:21.402 | raw: L(cx=241.2,a=10195,s=gue) R=none | prep: det=left res=left via=mask | bev: 1mask present=left cx=4.4 center=320.0 correct=left swap=no | guide: single_line_physical sides=left err=-0.060m hdg=+16.2° | OUT steer=-16.2° v=11.8
F001856 18:21:21.486 | raw: L(cx=241.6,a=10258,s=gue) R=none | prep: det=left res=left via=mask | bev: 1mask present=left cx=4.5 center=320.0 correct=left swap=no | guide: single_line_physical sides=left err=-0.060m hdg=+16.2° | OUT steer=-16.2° v=11.8
F001857 18:21:21.623 | raw: L(cx=241.5,a=10212,s=gue) R=none | prep: det=left res=left via=mask | bev: 1mask present=left cx=4.3 center=320.0 correct=left swap=no | guide: single_line_physical sides=left err=-0.060m hdg=+16.6° | OUT steer=-16.6° v=11.7
F001858 18:21:21.716 | raw: L(cx=241.7,a=10215,s=gue) R=none | prep: det=left res=left via=mask | bev: 1mask present=left cx=4.4 center=320.0 correct=left swap=no | guide: single_line_physical sides=left err=-0.060m hdg=+16.6° | OUT steer=-16.6° v=11.7
F001859 18:21:21.791 | raw: L(cx=241.5,a=10216,s=gue) R=none | prep: det=left res=left via=mask | bev: 1mask present=left cx=4.4 center=320.0 correct=left swap=no | guide: single_line_physical sides=left err=-0.060m hdg=+17.1° | OUT steer=-17.1° v=11.6
F001860 18:21:22.019 | raw: L(cx=241.9,a=10241,s=gue) R=none | prep: det=left res=left via=mask | bev: 1mask present=left cx=4.6 center=320.0 correct=left swap=no | guide: single_line_physical sides=left err=-0.060m hdg=+17.0° | OUT steer=-17.0° v=11.6
F001861 18:21:22.105 | raw: L(cx=240.7,a=10214,s=gue) R=none | prep: det=left res=left via=mask | bev: 1mask present=left cx=4.6 center=320.0 correct=left swap=no | guide: single_line_physical sides=left err=-0.060m hdg=+17.1° | OUT steer=-17.1° v=11.6
F001862 18:21:22.192 | raw: L(cx=241.8,a=10224,s=gue) R=none | prep: det=left res=left via=mask | bev: 1mask present=left cx=4.8 center=320.0 correct=left swap=no | guide: single_line_physical sides=left err=-0.060m hdg=+17.2° | OUT steer=-17.2° v=11.6
F001863 18:21:22.336 | raw: L(cx=241.4,a=10211,s=gue) R=none | prep: det=left res=left via=mask | bev: 1mask present=left cx=4.9 center=320.0 correct=left swap=no | guide: single_line_physical sides=left err=-0.060m hdg=+17.0° | OUT steer=-17.0° v=11.6
F001864 18:21:22.420 | raw: L(cx=241.3,a=10229,s=gue) R=none | prep: det=left res=left via=mask | bev: 1mask present=left cx=4.5 center=320.0 correct=left swap=no | guide: single_line_physical sides=left err=-0.060m hdg=+17.0° | OUT steer=-17.0° v=11.6
F001865 18:21:22.506 | raw: L(cx=241.3,a=10171,s=gue) R=none | prep: det=left res=left via=mask | bev: 1mask present=left cx=4.7 center=320.0 correct=left swap=no | guide: single_line_physical sides=left err=-0.060m hdg=+17.2° | OUT steer=-17.2° v=11.6
F001866 18:21:22.749 | raw: L(cx=242.7,a=10227,s=gue) R=none | prep: det=left res=left via=mask | bev: 1mask present=left cx=5.0 center=320.0 correct=left swap=no | guide: single_line_physical sides=left err=-0.060m hdg=+16.5° | OUT steer=-16.5° v=11.7
F001867 18:21:22.842 | raw: L(cx=241.1,a=10197,s=gue) R=none | prep: det=left res=left via=mask | bev: 1mask present=left cx=4.5 center=320.0 correct=left swap=no | guide: single_line_physical sides=left err=-0.060m hdg=+16.5° | OUT steer=-16.5° v=11.7
F001868 18:21:22.934 | raw: L(cx=241.0,a=10158,s=gue) R=none | prep: det=left res=left via=mask | bev: 1mask present=left cx=4.7 center=320.0 correct=left swap=no | guide: single_line_physical sides=left err=-0.060m hdg=+16.7° | OUT steer=-16.7° v=11.7
F001869 18:21:23.088 | raw: L(cx=241.6,a=10211,s=gue) R=none | prep: det=left res=left via=mask | bev: 1mask present=left cx=4.5 center=320.0 correct=left swap=no | guide: single_line_physical sides=left err=-0.060m hdg=+17.1° | OUT steer=-17.1° v=11.6
F001870 18:21:23.207 | raw: L(cx=242.2,a=10236,s=gue) R=none | prep: det=left res=left via=mask | bev: 1mask present=left cx=4.6 center=320.0 correct=left swap=no | guide: single_line_physical sides=left err=-0.060m hdg=+17.1° | OUT steer=-17.1° v=11.6
F001871 18:21:23.284 | raw: L(cx=242.2,a=10236,s=gue) R=none | prep: det=left res=left via=mask | bev: 1mask present=left cx=4.6 center=320.0 correct=left swap=no | guide: single_line_physical sides=left err=-0.060m hdg=+16.6° | OUT steer=-16.6° v=11.7
F001872 18:21:23.460 | raw: L(cx=241.5,a=10288,s=gue) R=none | prep: det=left res=left via=mask | bev: 1mask present=left cx=4.4 center=320.0 correct=left swap=no | guide: single_line_physical sides=left err=-0.060m hdg=+17.0° | OUT steer=-17.0° v=11.6
F001873 18:21:23.551 | raw: L(cx=241.2,a=10254,s=gue) R=none | prep: det=left res=left via=mask | bev: 1mask present=left cx=4.6 center=320.0 correct=left swap=no | guide: single_line_physical sides=left err=-0.060m hdg=+17.1° | OUT steer=-17.1° v=11.6
F001874 18:21:23.673 | raw: L(cx=241.0,a=10174,s=gue) R=none | prep: det=left res=left via=mask | bev: 1mask present=left cx=4.7 center=320.0 correct=left swap=no | guide: single_line_physical sides=left err=-0.060m hdg=+17.1° | OUT steer=-17.1° v=11.6
