<?xml version="1.0" encoding="UTF-8"?>
<osm generator="VMB">
  <MetaInfo format_version="1" map_version="2" validation_version="1"/>
  <node id="1" lat="" lon="">
    <tag k="local_x" v="-6.1636"/>
    <tag k="local_y" v="0.1615"/>
    <tag k="ele" v="0"/>
  </node>
  <node id="2" lat="" lon="">
    <tag k="local_x" v="-6.9291"/>
    <tag k="local_y" v="0.167"/>
    <tag k="ele" v="0"/>
  </node>
  <node id="4" lat="" lon="">
    <tag k="local_x" v="-6.1335"/>
    <tag k="local_y" v="-0.203"/>
    <tag k="ele" v="0"/>
  </node>
  <node id="5" lat="" lon="">
    <tag k="local_x" v="-6.4132"/>
    <tag k="local_y" v="-0.203"/>
    <tag k="ele" v="0"/>
  </node>
  <node id="7" lat="" lon="">
    <tag k="local_x" v="-6.668"/>
    <tag k="local_y" v="-0.1968"/>
    <tag k="ele" v="0"/>
  </node>
  <node id="8" lat="" lon="">
    <tag k="local_x" v="-6.9414"/>
    <tag k="local_y" v="-0.1968"/>
    <tag k="ele" v="0"/>
  </node>
  <node id="10" lat="" lon="">
    <tag k="local_x" v="-6.9257"/>
    <tag k="local_y" v="0.1683"/>
    <tag k="ele" v="0"/>
  </node>
  <node id="11" lat="" lon="">
    <tag k="local_x" v="-7.2967"/>
    <tag k="local_y" v="0.1689"/>
    <tag k="ele" v="0"/>
  </node>
  <node id="13" lat="" lon="">
    <tag k="local_x" v="-7.63"/>
    <tag k="local_y" v="0.1685"/>
    <tag k="ele" v="0"/>
  </node>
  <node id="14" lat="" lon="">
    <tag k="local_x" v="-8.0285"/>
    <tag k="local_y" v="0.1654"/>
    <tag k="ele" v="0"/>
  </node>
  <node id="15" lat="" lon="">
    <tag k="local_x" v="-8.3441"/>
    <tag k="local_y" v="0.1654"/>
    <tag k="ele" v="0"/>
  </node>
  <node id="16" lat="" lon="">
    <tag k="local_x" v="-6.9497"/>
    <tag k="local_y" v="-0.1962"/>
    <tag k="ele" v="0"/>
  </node>
  <node id="17" lat="" lon="">
    <tag k="local_x" v="-7.3113"/>
    <tag k="local_y" v="-0.1993"/>
    <tag k="ele" v="0"/>
  </node>
  <node id="19" lat="" lon="">
    <tag k="local_x" v="-7.7373"/>
    <tag k="local_y" v="-0.1993"/>
    <tag k="ele" v="0"/>
  </node>
  <node id="20" lat="" lon="">
    <tag k="local_x" v="-8.0928"/>
    <tag k="local_y" v="-0.2024"/>
    <tag k="ele" v="0"/>
  </node>
  <node id="21" lat="" lon="">
    <tag k="local_x" v="-8.3503"/>
    <tag k="local_y" v="-0.2116"/>
    <tag k="ele" v="0"/>
  </node>
  <node id="23" lat="" lon="">
    <tag k="local_x" v="-8.35"/>
    <tag k="local_y" v="0.1766"/>
    <tag k="ele" v="0"/>
  </node>
  <node id="24" lat="" lon="">
    <tag k="local_x" v="-8.632"/>
    <tag k="local_y" v="0.1791"/>
    <tag k="ele" v="0"/>
  </node>
  <node id="26" lat="" lon="">
    <tag k="local_x" v="-8.9079"/>
    <tag k="local_y" v="0.1723"/>
    <tag k="ele" v="0"/>
  </node>
  <node id="27" lat="" lon="">
    <tag k="local_x" v="-9.0917"/>
    <tag k="local_y" v="0.177"/>
    <tag k="ele" v="0"/>
  </node>
  <node id="28" lat="" lon="">
    <tag k="local_x" v="-8.3411"/>
    <tag k="local_y" v="-0.2065"/>
    <tag k="ele" v="0"/>
  </node>
  <node id="29" lat="" lon="">
    <tag k="local_x" v="-8.6047"/>
    <tag k="local_y" v="-0.2042"/>
    <tag k="ele" v="0"/>
  </node>
  <node id="31" lat="" lon="">
    <tag k="local_x" v="-8.8713"/>
    <tag k="local_y" v="-0.205"/>
    <tag k="ele" v="0"/>
  </node>
  <node id="32" lat="" lon="">
    <tag k="local_x" v="-9.0981"/>
    <tag k="local_y" v="-0.206"/>
    <tag k="ele" v="0"/>
  </node>
  <node id="34" lat="" lon="">
    <tag k="local_x" v="-6.11"/>
    <tag k="local_y" v="-0.5694"/>
    <tag k="ele" v="0"/>
  </node>
  <node id="35" lat="" lon="">
    <tag k="local_x" v="-6.4043"/>
    <tag k="local_y" v="-0.5729"/>
    <tag k="ele" v="0"/>
  </node>
  <node id="37" lat="" lon="">
    <tag k="local_x" v="-6.6801"/>
    <tag k="local_y" v="-0.5705"/>
    <tag k="ele" v="0"/>
  </node>
  <node id="38" lat="" lon="">
    <tag k="local_x" v="-6.9223"/>
    <tag k="local_y" v="-0.5837"/>
    <tag k="ele" v="0"/>
  </node>
  <node id="40" lat="" lon="">
    <tag k="local_x" v="-6.9253"/>
    <tag k="local_y" v="-0.5776"/>
    <tag k="ele" v="0"/>
  </node>
  <node id="41" lat="" lon="">
    <tag k="local_x" v="-7.3054"/>
    <tag k="local_y" v="-0.5834"/>
    <tag k="ele" v="0"/>
  </node>
  <node id="43" lat="" lon="">
    <tag k="local_x" v="-7.6579"/>
    <tag k="local_y" v="-0.5865"/>
    <tag k="ele" v="0"/>
  </node>
  <node id="44" lat="" lon="">
    <tag k="local_x" v="-8.0319"/>
    <tag k="local_y" v="-0.5893"/>
    <tag k="ele" v="0"/>
  </node>
  <node id="45" lat="" lon="">
    <tag k="local_x" v="-8.3445"/>
    <tag k="local_y" v="-0.5866"/>
    <tag k="ele" v="0"/>
  </node>
  <node id="47" lat="" lon="">
    <tag k="local_x" v="-8.3414"/>
    <tag k="local_y" v="-0.5866"/>
    <tag k="ele" v="0"/>
  </node>
  <node id="48" lat="" lon="">
    <tag k="local_x" v="-8.6141"/>
    <tag k="local_y" v="-0.5781"/>
    <tag k="ele" v="0"/>
  </node>
  <node id="50" lat="" lon="">
    <tag k="local_x" v="-8.9053"/>
    <tag k="local_y" v="-0.5786"/>
    <tag k="ele" v="0"/>
  </node>
  <node id="51" lat="" lon="">
    <tag k="local_x" v="-9.1413"/>
    <tag k="local_y" v="-0.5826"/>
    <tag k="ele" v="0"/>
  </node>
  <node id="53" lat="" lon="">
    <tag k="local_x" v="-8.3413"/>
    <tag k="local_y" v="-0.5774"/>
    <tag k="ele" v="0"/>
  </node>
  <node id="54" lat="" lon="">
    <tag k="local_x" v="-8.1738"/>
    <tag k="local_y" v="-0.6923"/>
    <tag k="ele" v="0"/>
  </node>
  <node id="56" lat="" lon="">
    <tag k="local_x" v="-8.0736"/>
    <tag k="local_y" v="-0.8035"/>
    <tag k="ele" v="0"/>
  </node>
  <node id="57" lat="" lon="">
    <tag k="local_x" v="-8.0044"/>
    <tag k="local_y" v="-0.9481"/>
    <tag k="ele" v="0"/>
  </node>
  <node id="58" lat="" lon="">
    <tag k="local_x" v="-7.624"/>
    <tag k="local_y" v="-0.9116"/>
    <tag k="ele" v="0"/>
  </node>
  <node id="59" lat="" lon="">
    <tag k="local_x" v="-7.6228"/>
    <tag k="local_y" v="-0.7799"/>
    <tag k="ele" v="0"/>
  </node>
  <node id="61" lat="" lon="">
    <tag k="local_x" v="-7.6306"/>
    <tag k="local_y" v="-0.6143"/>
    <tag k="ele" v="0"/>
  </node>
  <node id="62" lat="" lon="">
    <tag k="local_x" v="-7.7182"/>
    <tag k="local_y" v="-0.4725"/>
    <tag k="ele" v="0"/>
  </node>
  <node id="63" lat="" lon="">
    <tag k="local_x" v="-7.8705"/>
    <tag k="local_y" v="-0.3609"/>
    <tag k="ele" v="0"/>
  </node>
  <node id="64" lat="" lon="">
    <tag k="local_x" v="-7.9952"/>
    <tag k="local_y" v="-0.2556"/>
    <tag k="ele" v="0"/>
  </node>
  <node id="65" lat="" lon="">
    <tag k="local_x" v="-8.0837"/>
    <tag k="local_y" v="-0.2149"/>
    <tag k="ele" v="0"/>
  </node>
  <node id="66" lat="" lon="">
    <tag k="local_x" v="-8.2491"/>
    <tag k="local_y" v="-0.1982"/>
    <tag k="ele" v="0"/>
  </node>
  <node id="67" lat="" lon="">
    <tag k="local_x" v="-8.3656"/>
    <tag k="local_y" v="-0.2033"/>
    <tag k="ele" v="0"/>
  </node>
  <node id="69" lat="" lon="">
    <tag k="local_x" v="-7.2592"/>
    <tag k="local_y" v="-0.9056"/>
    <tag k="ele" v="0"/>
  </node>
  <node id="70" lat="" lon="">
    <tag k="local_x" v="-7.1967"/>
    <tag k="local_y" v="-0.7652"/>
    <tag k="ele" v="0"/>
  </node>
  <node id="72" lat="" lon="">
    <tag k="local_x" v="-7.0947"/>
    <tag k="local_y" v="-0.6711"/>
    <tag k="ele" v="0"/>
  </node>
  <node id="73" lat="" lon="">
    <tag k="local_x" v="-6.9254"/>
    <tag k="local_y" v="-0.5898"/>
    <tag k="ele" v="0"/>
  </node>
  <node id="74" lat="" lon="">
    <tag k="local_x" v="-7.6244"/>
    <tag k="local_y" v="-0.9171"/>
    <tag k="ele" v="0"/>
  </node>
  <node id="75" lat="" lon="">
    <tag k="local_x" v="-7.627"/>
    <tag k="local_y" v="-0.77"/>
    <tag k="ele" v="0"/>
  </node>
  <node id="77" lat="" lon="">
    <tag k="local_x" v="-7.6145"/>
    <tag k="local_y" v="-0.6135"/>
    <tag k="ele" v="0"/>
  </node>
  <node id="78" lat="" lon="">
    <tag k="local_x" v="-7.5251"/>
    <tag k="local_y" v="-0.4648"/>
    <tag k="ele" v="0"/>
  </node>
  <node id="79" lat="" lon="">
    <tag k="local_x" v="-7.3861"/>
    <tag k="local_y" v="-0.352"/>
    <tag k="ele" v="0"/>
  </node>
  <node id="80" lat="" lon="">
    <tag k="local_x" v="-7.2625"/>
    <tag k="local_y" v="-0.2333"/>
    <tag k="ele" v="0"/>
  </node>
  <node id="81" lat="" lon="">
    <tag k="local_x" v="-7.1099"/>
    <tag k="local_y" v="-0.1969"/>
    <tag k="ele" v="0"/>
  </node>
  <node id="82" lat="" lon="">
    <tag k="local_x" v="-6.9506"/>
    <tag k="local_y" v="-0.1911"/>
    <tag k="ele" v="0"/>
  </node>
  <node id="85" lat="" lon="">
    <tag k="local_x" v="-6.9258"/>
    <tag k="local_y" v="0.1626"/>
    <tag k="ele" v="0"/>
  </node>
  <node id="86" lat="" lon="">
    <tag k="local_x" v="-7.2048"/>
    <tag k="local_y" v="0.1693"/>
    <tag k="ele" v="0"/>
  </node>
  <node id="88" lat="" lon="">
    <tag k="local_x" v="-7.4561"/>
    <tag k="local_y" v="0.1702"/>
    <tag k="ele" v="0"/>
  </node>
  <node id="89" lat="" lon="">
    <tag k="local_x" v="-7.7034"/>
    <tag k="local_y" v="0.0577"/>
    <tag k="ele" v="0"/>
  </node>
  <node id="90" lat="" lon="">
    <tag k="local_x" v="-7.8768"/>
    <tag k="local_y" v="-0.0879"/>
    <tag k="ele" v="0"/>
  </node>
  <node id="91" lat="" lon="">
    <tag k="local_x" v="-7.9945"/>
    <tag k="local_y" v="-0.2943"/>
    <tag k="ele" v="0"/>
  </node>
  <node id="92" lat="" lon="">
    <tag k="local_x" v="-8.0177"/>
    <tag k="local_y" v="-0.4477"/>
    <tag k="ele" v="0"/>
  </node>
  <node id="93" lat="" lon="">
    <tag k="local_x" v="-8.0252"/>
    <tag k="local_y" v="-0.6378"/>
    <tag k="ele" v="0"/>
  </node>
  <node id="94" lat="" lon="">
    <tag k="local_x" v="-8.0271"/>
    <tag k="local_y" v="-0.7727"/>
    <tag k="ele" v="0"/>
  </node>
  <node id="95" lat="" lon="">
    <tag k="local_x" v="-8.0164"/>
    <tag k="local_y" v="-0.9412"/>
    <tag k="ele" v="0"/>
  </node>
  <node id="97" lat="" lon="">
    <tag k="local_x" v="-9.0991"/>
    <tag k="local_y" v="-0.2094"/>
    <tag k="ele" v="0"/>
  </node>
  <node id="136" lat="" lon="">
    <tag k="local_x" v="-9.297"/>
    <tag k="local_y" v="-0.2105"/>
    <tag k="ele" v="0"/>
  </node>
  <node id="138" lat="" lon="">
    <tag k="local_x" v="-9.4713"/>
    <tag k="local_y" v="-0.209"/>
    <tag k="ele" v="0"/>
  </node>
  <node id="139" lat="" lon="">
    <tag k="local_x" v="-9.6284"/>
    <tag k="local_y" v="-0.1096"/>
    <tag k="ele" v="0"/>
  </node>
  <node id="140" lat="" lon="">
    <tag k="local_x" v="-9.7362"/>
    <tag k="local_y" v="0.0276"/>
    <tag k="ele" v="0"/>
  </node>
  <node id="141" lat="" lon="">
    <tag k="local_x" v="-9.7943"/>
    <tag k="local_y" v="0.2351"/>
    <tag k="ele" v="0"/>
  </node>
  <node id="142" lat="" lon="">
    <tag k="local_x" v="-9.8001"/>
    <tag k="local_y" v="0.5076"/>
    <tag k="ele" v="0"/>
  </node>
  <node id="143" lat="" lon="">
    <tag k="local_x" v="-9.092"/>
    <tag k="local_y" v="0.1772"/>
    <tag k="ele" v="0"/>
  </node>
  <node id="144" lat="" lon="">
    <tag k="local_x" v="-9.2114"/>
    <tag k="local_y" v="0.2219"/>
    <tag k="ele" v="0"/>
  </node>
  <node id="146" lat="" lon="">
    <tag k="local_x" v="-9.3005"/>
    <tag k="local_y" v="0.3207"/>
    <tag k="ele" v="0"/>
  </node>
  <node id="147" lat="" lon="">
    <tag k="local_x" v="-9.3759"/>
    <tag k="local_y" v="0.4222"/>
    <tag k="ele" v="0"/>
  </node>
  <node id="148" lat="" lon="">
    <tag k="local_x" v="-9.424"/>
    <tag k="local_y" v="0.5234"/>
    <tag k="ele" v="0"/>
  </node>
  <node id="150" lat="" lon="">
    <tag k="local_x" v="-10.176"/>
    <tag k="local_y" v="0.5109"/>
    <tag k="ele" v="0"/>
  </node>
  <node id="151" lat="" lon="">
    <tag k="local_x" v="-10.1791"/>
    <tag k="local_y" v="0.1595"/>
    <tag k="ele" v="0"/>
  </node>
  <node id="153" lat="" lon="">
    <tag k="local_x" v="-10.1705"/>
    <tag k="local_y" v="-0.1075"/>
    <tag k="ele" v="0"/>
  </node>
  <node id="154" lat="" lon="">
    <tag k="local_x" v="-10.1744"/>
    <tag k="local_y" v="-0.5488"/>
    <tag k="ele" v="0"/>
  </node>
  <node id="155" lat="" lon="">
    <tag k="local_x" v="-10.1741"/>
    <tag k="local_y" v="-0.824"/>
    <tag k="ele" v="0"/>
  </node>
  <node id="156" lat="" lon="">
    <tag k="local_x" v="-10.175"/>
    <tag k="local_y" v="-0.922"/>
    <tag k="ele" v="0"/>
  </node>
  <node id="157" lat="" lon="">
    <tag k="local_x" v="-9.8082"/>
    <tag k="local_y" v="0.5131"/>
    <tag k="ele" v="0"/>
  </node>
  <node id="158" lat="" lon="">
    <tag k="local_x" v="-9.8088"/>
    <tag k="local_y" v="0.1318"/>
    <tag k="ele" v="0"/>
  </node>
  <node id="160" lat="" lon="">
    <tag k="local_x" v="-9.803"/>
    <tag k="local_y" v="-0.1353"/>
    <tag k="ele" v="0"/>
  </node>
  <node id="161" lat="" lon="">
    <tag k="local_x" v="-9.789"/>
    <tag k="local_y" v="-0.4051"/>
    <tag k="ele" v="0"/>
  </node>
  <node id="162" lat="" lon="">
    <tag k="local_x" v="-9.8015"/>
    <tag k="local_y" v="-0.5902"/>
    <tag k="ele" v="0"/>
  </node>
  <node id="163" lat="" lon="">
    <tag k="local_x" v="-9.7923"/>
    <tag k="local_y" v="-0.7783"/>
    <tag k="ele" v="0"/>
  </node>
  <node id="164" lat="" lon="">
    <tag k="local_x" v="-9.7935"/>
    <tag k="local_y" v="-0.9172"/>
    <tag k="ele" v="0"/>
  </node>
  <node id="167" lat="" lon="">
    <tag k="local_x" v="-9.7679"/>
    <tag k="local_y" v="0.4792"/>
    <tag k="ele" v="0"/>
  </node>
  <node id="168" lat="" lon="">
    <tag k="local_x" v="-9.7959"/>
    <tag k="local_y" v="0.6985"/>
    <tag k="ele" v="0"/>
  </node>
  <node id="170" lat="" lon="">
    <tag k="local_x" v="-9.7893"/>
    <tag k="local_y" v="0.8777"/>
    <tag k="ele" v="0"/>
  </node>
  <node id="171" lat="" lon="">
    <tag k="local_x" v="-9.7924"/>
    <tag k="local_y" v="1.0869"/>
    <tag k="ele" v="0"/>
  </node>
  <node id="172" lat="" lon="">
    <tag k="local_x" v="-9.8004"/>
    <tag k="local_y" v="1.316"/>
    <tag k="ele" v="0"/>
  </node>
  <node id="173" lat="" lon="">
    <tag k="local_x" v="-9.813"/>
    <tag k="local_y" v="1.58"/>
    <tag k="ele" v="0"/>
  </node>
  <node id="174" lat="" lon="">
    <tag k="local_x" v="-9.8055"/>
    <tag k="local_y" v="1.8737"/>
    <tag k="ele" v="0"/>
  </node>
  <node id="175" lat="" lon="">
    <tag k="local_x" v="-9.8131"/>
    <tag k="local_y" v="2.1326"/>
    <tag k="ele" v="0"/>
  </node>
  <node id="176" lat="" lon="">
    <tag k="local_x" v="-9.8025"/>
    <tag k="local_y" v="2.2072"/>
    <tag k="ele" v="0"/>
  </node>
  <node id="177" lat="" lon="">
    <tag k="local_x" v="-9.4139"/>
    <tag k="local_y" v="0.5359"/>
    <tag k="ele" v="0"/>
  </node>
  <node id="178" lat="" lon="">
    <tag k="local_x" v="-9.4269"/>
    <tag k="local_y" v="0.7551"/>
    <tag k="ele" v="0"/>
  </node>
  <node id="180" lat="" lon="">
    <tag k="local_x" v="-9.4243"/>
    <tag k="local_y" v="1.0488"/>
    <tag k="ele" v="0"/>
  </node>
  <node id="181" lat="" lon="">
    <tag k="local_x" v="-9.422"/>
    <tag k="local_y" v="1.3176"/>
    <tag k="ele" v="0"/>
  </node>
  <node id="182" lat="" lon="">
    <tag k="local_x" v="-9.4196"/>
    <tag k="local_y" v="1.5865"/>
    <tag k="ele" v="0"/>
  </node>
  <node id="183" lat="" lon="">
    <tag k="local_x" v="-9.4274"/>
    <tag k="local_y" v="1.8355"/>
    <tag k="ele" v="0"/>
  </node>
  <node id="184" lat="" lon="">
    <tag k="local_x" v="-9.4253"/>
    <tag k="local_y" v="2.0695"/>
    <tag k="ele" v="0"/>
  </node>
  <node id="185" lat="" lon="">
    <tag k="local_x" v="-9.4193"/>
    <tag k="local_y" v="2.1939"/>
    <tag k="ele" v="0"/>
  </node>
  <node id="188" lat="" lon="">
    <tag k="local_x" v="-9.454"/>
    <tag k="local_y" v="2.2091"/>
    <tag k="ele" v="0"/>
  </node>
  <node id="189" lat="" lon="">
    <tag k="local_x" v="-9.4458"/>
    <tag k="local_y" v="2.5775"/>
    <tag k="ele" v="0"/>
  </node>
  <node id="191" lat="" lon="">
    <tag k="local_x" v="-9.4421"/>
    <tag k="local_y" v="2.9907"/>
    <tag k="ele" v="0"/>
  </node>
  <node id="192" lat="" lon="">
    <tag k="local_x" v="-9.4295"/>
    <tag k="local_y" v="3.2943"/>
    <tag k="ele" v="0"/>
  </node>
  <node id="193" lat="" lon="">
    <tag k="local_x" v="-9.4425"/>
    <tag k="local_y" v="3.5235"/>
    <tag k="ele" v="0"/>
  </node>
  <node id="194" lat="" lon="">
    <tag k="local_x" v="-9.4316"/>
    <tag k="local_y" v="3.623"/>
    <tag k="ele" v="0"/>
  </node>
  <node id="195" lat="" lon="">
    <tag k="local_x" v="-9.8023"/>
    <tag k="local_y" v="2.2275"/>
    <tag k="ele" v="0"/>
  </node>
  <node id="196" lat="" lon="">
    <tag k="local_x" v="-9.8003"/>
    <tag k="local_y" v="2.4515"/>
    <tag k="ele" v="0"/>
  </node>
  <node id="198" lat="" lon="">
    <tag k="local_x" v="-9.8075"/>
    <tag k="local_y" v="2.7653"/>
    <tag k="ele" v="0"/>
  </node>
  <node id="199" lat="" lon="">
    <tag k="local_x" v="-9.8055"/>
    <tag k="local_y" v="3.0042"/>
    <tag k="ele" v="0"/>
  </node>
  <node id="200" lat="" lon="">
    <tag k="local_x" v="-9.7936"/>
    <tag k="local_y" v="3.2232"/>
    <tag k="ele" v="0"/>
  </node>
  <node id="201" lat="" lon="">
    <tag k="local_x" v="-9.7968"/>
    <tag k="local_y" v="3.4274"/>
    <tag k="ele" v="0"/>
  </node>
  <node id="202" lat="" lon="">
    <tag k="local_x" v="-9.7903"/>
    <tag k="local_y" v="3.6016"/>
    <tag k="ele" v="0"/>
  </node>
  <node id="204" lat="" lon="">
    <tag k="local_x" v="-9.8052"/>
    <tag k="local_y" v="3.6067"/>
    <tag k="ele" v="0"/>
  </node>
  <node id="205" lat="" lon="">
    <tag k="local_x" v="-9.7988"/>
    <tag k="local_y" v="3.771"/>
    <tag k="ele" v="0"/>
  </node>
  <node id="207" lat="" lon="">
    <tag k="local_x" v="-9.7971"/>
    <tag k="local_y" v="3.9502"/>
    <tag k="ele" v="0"/>
  </node>
  <node id="208" lat="" lon="">
    <tag k="local_x" v="-9.7904"/>
    <tag k="local_y" v="4.1542"/>
    <tag k="ele" v="0"/>
  </node>
  <node id="209" lat="" lon="">
    <tag k="local_x" v="-9.7938"/>
    <tag k="local_y" v="4.3285"/>
    <tag k="ele" v="0"/>
  </node>
  <node id="210" lat="" lon="">
    <tag k="local_x" v="-9.4254"/>
    <tag k="local_y" v="3.6283"/>
    <tag k="ele" v="0"/>
  </node>
  <node id="211" lat="" lon="">
    <tag k="local_x" v="-9.4205"/>
    <tag k="local_y" v="3.7676"/>
    <tag k="ele" v="0"/>
  </node>
  <node id="213" lat="" lon="">
    <tag k="local_x" v="-9.4193"/>
    <tag k="local_y" v="3.9419"/>
    <tag k="ele" v="0"/>
  </node>
  <node id="214" lat="" lon="">
    <tag k="local_x" v="-9.423"/>
    <tag k="local_y" v="4.1214"/>
    <tag k="ele" v="0"/>
  </node>
  <node id="215" lat="" lon="">
    <tag k="local_x" v="-9.4279"/>
    <tag k="local_y" v="4.2661"/>
    <tag k="ele" v="0"/>
  </node>
  <node id="216" lat="" lon="">
    <tag k="local_x" v="-9.4249"/>
    <tag k="local_y" v="4.3506"/>
    <tag k="ele" v="0"/>
  </node>
  <node id="218" lat="" lon="">
    <tag k="local_x" v="-9.7359"/>
    <tag k="local_y" v="4.5333"/>
    <tag k="ele" v="0"/>
  </node>
  <node id="220" lat="" lon="">
    <tag k="local_x" v="-9.6366"/>
    <tag k="local_y" v="4.7003"/>
    <tag k="ele" v="0"/>
  </node>
  <node id="221" lat="" lon="">
    <tag k="local_x" v="-9.517"/>
    <tag k="local_y" v="4.8361"/>
    <tag k="ele" v="0"/>
  </node>
  <node id="222" lat="" lon="">
    <tag k="local_x" v="-9.346"/>
    <tag k="local_y" v="4.9532"/>
    <tag k="ele" v="0"/>
  </node>
  <node id="223" lat="" lon="">
    <tag k="local_x" v="-9.194"/>
    <tag k="local_y" v="5.0385"/>
    <tag k="ele" v="0"/>
  </node>
  <node id="224" lat="" lon="">
    <tag k="local_x" v="-9.0686"/>
    <tag k="local_y" v="5.0643"/>
    <tag k="ele" v="0"/>
  </node>
  <node id="225" lat="" lon="">
    <tag k="local_x" v="-9.3729"/>
    <tag k="local_y" v="4.4689"/>
    <tag k="ele" v="0"/>
  </node>
  <node id="227" lat="" lon="">
    <tag k="local_x" v="-9.2723"/>
    <tag k="local_y" v="4.569"/>
    <tag k="ele" v="0"/>
  </node>
  <node id="228" lat="" lon="">
    <tag k="local_x" v="-9.1986"/>
    <tag k="local_y" v="4.6253"/>
    <tag k="ele" v="0"/>
  </node>
  <node id="229" lat="" lon="">
    <tag k="local_x" v="-9.0538"/>
    <tag k="local_y" v="4.6712"/>
    <tag k="ele" v="0"/>
  </node>
  <node id="230" lat="" lon="">
    <tag k="local_x" v="-8.9478"/>
    <tag k="local_y" v="4.6848"/>
    <tag k="ele" v="0"/>
  </node>
  <node id="232" lat="" lon="">
    <tag k="local_x" v="-8.5624"/>
    <tag k="local_y" v="5.0614"/>
    <tag k="ele" v="0"/>
  </node>
  <node id="234" lat="" lon="">
    <tag k="local_x" v="-8.0312"/>
    <tag k="local_y" v="5.0597"/>
    <tag k="ele" v="0"/>
  </node>
  <node id="235" lat="" lon="">
    <tag k="local_x" v="-7.4567"/>
    <tag k="local_y" v="5.0591"/>
    <tag k="ele" v="0"/>
  </node>
  <node id="236" lat="" lon="">
    <tag k="local_x" v="-6.7803"/>
    <tag k="local_y" v="5.0729"/>
    <tag k="ele" v="0"/>
  </node>
  <node id="237" lat="" lon="">
    <tag k="local_x" v="-6.2409"/>
    <tag k="local_y" v="5.0635"/>
    <tag k="ele" v="0"/>
  </node>
  <node id="238" lat="" lon="">
    <tag k="local_x" v="-5.6585"/>
    <tag k="local_y" v="5.0592"/>
    <tag k="ele" v="0"/>
  </node>
  <node id="239" lat="" lon="">
    <tag k="local_x" v="-5.3353"/>
    <tag k="local_y" v="5.0402"/>
    <tag k="ele" v="0"/>
  </node>
  <node id="240" lat="" lon="">
    <tag k="local_x" v="-4.8361"/>
    <tag k="local_y" v="5.0572"/>
    <tag k="ele" v="0"/>
  </node>
  <node id="241" lat="" lon="">
    <tag k="local_x" v="-4.5133"/>
    <tag k="local_y" v="5.0539"/>
    <tag k="ele" v="0"/>
  </node>
  <node id="242" lat="" lon="">
    <tag k="local_x" v="-4.2299"/>
    <tag k="local_y" v="5.0496"/>
    <tag k="ele" v="0"/>
  </node>
  <node id="243" lat="" lon="">
    <tag k="local_x" v="-3.9075"/>
    <tag k="local_y" v="5.0579"/>
    <tag k="ele" v="0"/>
  </node>
  <node id="244" lat="" lon="">
    <tag k="local_x" v="-8.604"/>
    <tag k="local_y" v="4.6919"/>
    <tag k="ele" v="0"/>
  </node>
  <node id="246" lat="" lon="">
    <tag k="local_x" v="-8.0217"/>
    <tag k="local_y" v="4.6812"/>
    <tag k="ele" v="0"/>
  </node>
  <node id="247" lat="" lon="">
    <tag k="local_x" v="-7.3805"/>
    <tag k="local_y" v="4.679"/>
    <tag k="ele" v="0"/>
  </node>
  <node id="248" lat="" lon="">
    <tag k="local_x" v="-6.716"/>
    <tag k="local_y" v="4.7006"/>
    <tag k="ele" v="0"/>
  </node>
  <node id="249" lat="" lon="">
    <tag k="local_x" v="-6.1141"/>
    <tag k="local_y" v="4.694"/>
    <tag k="ele" v="0"/>
  </node>
  <node id="250" lat="" lon="">
    <tag k="local_x" v="-5.8663"/>
    <tag k="local_y" v="4.7002"/>
    <tag k="ele" v="0"/>
  </node>
  <node id="251" lat="" lon="">
    <tag k="local_x" v="-4.9536"/>
    <tag k="local_y" v="4.6846"/>
    <tag k="ele" v="0"/>
  </node>
  <node id="252" lat="" lon="">
    <tag k="local_x" v="-4.5565"/>
    <tag k="local_y" v="4.7038"/>
    <tag k="ele" v="0"/>
  </node>
  <node id="253" lat="" lon="">
    <tag k="local_x" v="-4.0173"/>
    <tag k="local_y" v="4.677"/>
    <tag k="ele" v="0"/>
  </node>
  <node id="254" lat="" lon="">
    <tag k="local_x" v="-3.8836"/>
    <tag k="local_y" v="4.6782"/>
    <tag k="ele" v="0"/>
  </node>
  <node id="267" lat="" lon="">
    <tag k="local_x" v="-3.5158"/>
    <tag k="local_y" v="5.0635"/>
    <tag k="ele" v="0"/>
  </node>
  <node id="269" lat="" lon="">
    <tag k="local_x" v="-3.0633"/>
    <tag k="local_y" v="5.0716"/>
    <tag k="ele" v="0"/>
  </node>
  <node id="270" lat="" lon="">
    <tag k="local_x" v="-2.6734"/>
    <tag k="local_y" v="5.0725"/>
    <tag k="ele" v="0"/>
  </node>
  <node id="271" lat="" lon="">
    <tag k="local_x" v="-2.4063"/>
    <tag k="local_y" v="5.0865"/>
    <tag k="ele" v="0"/>
  </node>
  <node id="272" lat="" lon="">
    <tag k="local_x" v="-2.1338"/>
    <tag k="local_y" v="5.0733"/>
    <tag k="ele" v="0"/>
  </node>
  <node id="273" lat="" lon="">
    <tag k="local_x" v="-3.5625"/>
    <tag k="local_y" v="4.6761"/>
    <tag k="ele" v="0"/>
  </node>
  <node id="275" lat="" lon="">
    <tag k="local_x" v="-3.2195"/>
    <tag k="local_y" v="4.6736"/>
    <tag k="ele" v="0"/>
  </node>
  <node id="276" lat="" lon="">
    <tag k="local_x" v="-2.888"/>
    <tag k="local_y" v="4.6664"/>
    <tag k="ele" v="0"/>
  </node>
  <node id="277" lat="" lon="">
    <tag k="local_x" v="-2.5222"/>
    <tag k="local_y" v="4.6771"/>
    <tag k="ele" v="0"/>
  </node>
  <node id="278" lat="" lon="">
    <tag k="local_x" v="-2.2383"/>
    <tag k="local_y" v="4.6748"/>
    <tag k="ele" v="0"/>
  </node>
  <node id="279" lat="" lon="">
    <tag k="local_x" v="-2.1318"/>
    <tag k="local_y" v="4.6735"/>
    <tag k="ele" v="0"/>
  </node>
  <node id="281" lat="" lon="">
    <tag k="local_x" v="-1.7946"/>
    <tag k="local_y" v="5.059"/>
    <tag k="ele" v="0"/>
  </node>
  <node id="283" lat="" lon="">
    <tag k="local_x" v="-1.4442"/>
    <tag k="local_y" v="5.0116"/>
    <tag k="ele" v="0"/>
  </node>
  <node id="284" lat="" lon="">
    <tag k="local_x" v="-1.1013"/>
    <tag k="local_y" v="4.8941"/>
    <tag k="ele" v="0"/>
  </node>
  <node id="285" lat="" lon="">
    <tag k="local_x" v="-0.7224"/>
    <tag k="local_y" v="4.743"/>
    <tag k="ele" v="0"/>
  </node>
  <node id="286" lat="" lon="">
    <tag k="local_x" v="-0.4321"/>
    <tag k="local_y" v="4.5639"/>
    <tag k="ele" v="0"/>
  </node>
  <node id="287" lat="" lon="">
    <tag k="local_x" v="0.0045"/>
    <tag k="local_y" v="4.3301"/>
    <tag k="ele" v="0"/>
  </node>
  <node id="288" lat="" lon="">
    <tag k="local_x" v="0.3054"/>
    <tag k="local_y" v="4.1314"/>
    <tag k="ele" v="0"/>
  </node>
  <node id="289" lat="" lon="">
    <tag k="local_x" v="0.654"/>
    <tag k="local_y" v="3.9942"/>
    <tag k="ele" v="0"/>
  </node>
  <node id="290" lat="" lon="">
    <tag k="local_x" v="1.0136"/>
    <tag k="local_y" v="3.8275"/>
    <tag k="ele" v="0"/>
  </node>
  <node id="291" lat="" lon="">
    <tag k="local_x" v="1.5515"/>
    <tag k="local_y" v="3.687"/>
    <tag k="ele" v="0"/>
  </node>
  <node id="292" lat="" lon="">
    <tag k="local_x" v="2.0612"/>
    <tag k="local_y" v="3.6451"/>
    <tag k="ele" v="0"/>
  </node>
  <node id="293" lat="" lon="">
    <tag k="local_x" v="2.7186"/>
    <tag k="local_y" v="3.6482"/>
    <tag k="ele" v="0"/>
  </node>
  <node id="294" lat="" lon="">
    <tag k="local_x" v="3.1663"/>
    <tag k="local_y" v="3.6689"/>
    <tag k="ele" v="0"/>
  </node>
  <node id="295" lat="" lon="">
    <tag k="local_x" v="3.6349"/>
    <tag k="local_y" v="3.6605"/>
    <tag k="ele" v="0"/>
  </node>
  <node id="296" lat="" lon="">
    <tag k="local_x" v="3.9681"/>
    <tag k="local_y" v="3.6772"/>
    <tag k="ele" v="0"/>
  </node>
  <node id="297" lat="" lon="">
    <tag k="local_x" v="-1.8551"/>
    <tag k="local_y" v="4.6534"/>
    <tag k="ele" v="0"/>
  </node>
  <node id="299" lat="" lon="">
    <tag k="local_x" v="-1.6444"/>
    <tag k="local_y" v="4.611"/>
    <tag k="ele" v="0"/>
  </node>
  <node id="300" lat="" lon="">
    <tag k="local_x" v="-1.3938"/>
    <tag k="local_y" v="4.5699"/>
    <tag k="ele" v="0"/>
  </node>
  <node id="301" lat="" lon="">
    <tag k="local_x" v="-1.1051"/>
    <tag k="local_y" v="4.4356"/>
    <tag k="ele" v="0"/>
  </node>
  <node id="302" lat="" lon="">
    <tag k="local_x" v="-0.8774"/>
    <tag k="local_y" v="4.334"/>
    <tag k="ele" v="0"/>
  </node>
  <node id="303" lat="" lon="">
    <tag k="local_x" v="-0.4725"/>
    <tag k="local_y" v="4.1539"/>
    <tag k="ele" v="0"/>
  </node>
  <node id="304" lat="" lon="">
    <tag k="local_x" v="-0.1721"/>
    <tag k="local_y" v="3.9702"/>
    <tag k="ele" v="0"/>
  </node>
  <node id="305" lat="" lon="">
    <tag k="local_x" v="0.1327"/>
    <tag k="local_y" v="3.8015"/>
    <tag k="ele" v="0"/>
  </node>
  <node id="306" lat="" lon="">
    <tag k="local_x" v="0.442"/>
    <tag k="local_y" v="3.648"/>
    <tag k="ele" v="0"/>
  </node>
  <node id="307" lat="" lon="">
    <tag k="local_x" v="0.7967"/>
    <tag k="local_y" v="3.4761"/>
    <tag k="ele" v="0"/>
  </node>
  <node id="308" lat="" lon="">
    <tag k="local_x" v="1.3109"/>
    <tag k="local_y" v="3.3049"/>
    <tag k="ele" v="0"/>
  </node>
  <node id="309" lat="" lon="">
    <tag k="local_x" v="1.8054"/>
    <tag k="local_y" v="3.2674"/>
    <tag k="ele" v="0"/>
  </node>
  <node id="310" lat="" lon="">
    <tag k="local_x" v="2.2543"/>
    <tag k="local_y" v="3.2533"/>
    <tag k="ele" v="0"/>
  </node>
  <node id="311" lat="" lon="">
    <tag k="local_x" v="2.6336"/>
    <tag k="local_y" v="3.2318"/>
    <tag k="ele" v="0"/>
  </node>
  <node id="312" lat="" lon="">
    <tag k="local_x" v="3.0072"/>
    <tag k="local_y" v="3.2349"/>
    <tag k="ele" v="0"/>
  </node>
  <node id="313" lat="" lon="">
    <tag k="local_x" v="3.3009"/>
    <tag k="local_y" v="3.2403"/>
    <tag k="ele" v="0"/>
  </node>
  <node id="314" lat="" lon="">
    <tag k="local_x" v="3.6097"/>
    <tag k="local_y" v="3.2411"/>
    <tag k="ele" v="0"/>
  </node>
  <node id="315" lat="" lon="">
    <tag k="local_x" v="3.8427"/>
    <tag k="local_y" v="3.2742"/>
    <tag k="ele" v="0"/>
  </node>
  <node id="316" lat="" lon="">
    <tag k="local_x" v="3.9966"/>
    <tag k="local_y" v="3.2894"/>
    <tag k="ele" v="0"/>
  </node>
  <node id="318" lat="" lon="">
    <tag k="local_x" v="4.2348"/>
    <tag k="local_y" v="3.6761"/>
    <tag k="ele" v="0"/>
  </node>
  <node id="320" lat="" lon="">
    <tag k="local_x" v="4.4645"/>
    <tag k="local_y" v="3.6663"/>
    <tag k="ele" v="0"/>
  </node>
  <node id="321" lat="" lon="">
    <tag k="local_x" v="4.6775"/>
    <tag k="local_y" v="3.6705"/>
    <tag k="ele" v="0"/>
  </node>
  <node id="322" lat="" lon="">
    <tag k="local_x" v="4.1983"/>
    <tag k="local_y" v="3.2846"/>
    <tag k="ele" v="0"/>
  </node>
  <node id="324" lat="" lon="">
    <tag k="local_x" v="4.3877"/>
    <tag k="local_y" v="3.2849"/>
    <tag k="ele" v="0"/>
  </node>
  <node id="325" lat="" lon="">
    <tag k="local_x" v="4.6769"/>
    <tag k="local_y" v="3.2851"/>
    <tag k="ele" v="0"/>
  </node>
  <node id="327" lat="" lon="">
    <tag k="local_x" v="4.913"/>
    <tag k="local_y" v="3.2628"/>
    <tag k="ele" v="0"/>
  </node>
  <node id="329" lat="" lon="">
    <tag k="local_x" v="5.0637"/>
    <tag k="local_y" v="3.1683"/>
    <tag k="ele" v="0"/>
  </node>
  <node id="330" lat="" lon="">
    <tag k="local_x" v="5.1883"/>
    <tag k="local_y" v="3.0449"/>
    <tag k="ele" v="0"/>
  </node>
  <node id="331" lat="" lon="">
    <tag k="local_x" v="5.3025"/>
    <tag k="local_y" v="2.8973"/>
    <tag k="ele" v="0"/>
  </node>
  <node id="332" lat="" lon="">
    <tag k="local_x" v="5.3323"/>
    <tag k="local_y" v="2.7807"/>
    <tag k="ele" v="0"/>
  </node>
  <node id="333" lat="" lon="">
    <tag k="local_x" v="4.9307"/>
    <tag k="local_y" v="3.6734"/>
    <tag k="ele" v="0"/>
  </node>
  <node id="335" lat="" lon="">
    <tag k="local_x" v="5.1436"/>
    <tag k="local_y" v="3.6688"/>
    <tag k="ele" v="0"/>
  </node>
  <node id="336" lat="" lon="">
    <tag k="local_x" v="5.2749"/>
    <tag k="local_y" v="3.5694"/>
    <tag k="ele" v="0"/>
  </node>
  <node id="337" lat="" lon="">
    <tag k="local_x" v="5.3465"/>
    <tag k="local_y" v="3.4077"/>
    <tag k="ele" v="0"/>
  </node>
  <node id="338" lat="" lon="">
    <tag k="local_x" v="5.4755"/>
    <tag k="local_y" v="3.2767"/>
    <tag k="ele" v="0"/>
  </node>
  <node id="339" lat="" lon="">
    <tag k="local_x" v="5.5836"/>
    <tag k="local_y" v="3.1682"/>
    <tag k="ele" v="0"/>
  </node>
  <node id="340" lat="" lon="">
    <tag k="local_x" v="5.6541"/>
    <tag k="local_y" v="3.0261"/>
    <tag k="ele" v="0"/>
  </node>
  <node id="341" lat="" lon="">
    <tag k="local_x" v="5.7081"/>
    <tag k="local_y" v="2.8242"/>
    <tag k="ele" v="0"/>
  </node>
  <node id="342" lat="" lon="">
    <tag k="local_x" v="5.7153"/>
    <tag k="local_y" v="2.6707"/>
    <tag k="ele" v="0"/>
  </node>
  <node id="344" lat="" lon="">
    <tag k="local_x" v="5.3349"/>
    <tag k="local_y" v="2.3102"/>
    <tag k="ele" v="0"/>
  </node>
  <node id="346" lat="" lon="">
    <tag k="local_x" v="5.3305"/>
    <tag k="local_y" v="1.9429"/>
    <tag k="ele" v="0"/>
  </node>
  <node id="347" lat="" lon="">
    <tag k="local_x" v="5.3394"/>
    <tag k="local_y" v="1.6641"/>
    <tag k="ele" v="0"/>
  </node>
  <node id="348" lat="" lon="">
    <tag k="local_x" v="5.3394"/>
    <tag k="local_y" v="1.3455"/>
    <tag k="ele" v="0"/>
  </node>
  <node id="349" lat="" lon="">
    <tag k="local_x" v="5.3305"/>
    <tag k="local_y" v="1.1817"/>
    <tag k="ele" v="0"/>
  </node>
  <node id="350" lat="" lon="">
    <tag k="local_x" v="5.3394"/>
    <tag k="local_y" v="1.0091"/>
    <tag k="ele" v="0"/>
  </node>
  <node id="351" lat="" lon="">
    <tag k="local_x" v="5.2095"/>
    <tag k="local_y" v="0.7723"/>
    <tag k="ele" v="0"/>
  </node>
  <node id="352" lat="" lon="">
    <tag k="local_x" v="5.0978"/>
    <tag k="local_y" v="0.5729"/>
    <tag k="ele" v="0"/>
  </node>
  <node id="353" lat="" lon="">
    <tag k="local_x" v="4.9782"/>
    <tag k="local_y" v="0.3575"/>
    <tag k="ele" v="0"/>
  </node>
  <node id="354" lat="" lon="">
    <tag k="local_x" v="4.8505"/>
    <tag k="local_y" v="0.1581"/>
    <tag k="ele" v="0"/>
  </node>
  <node id="355" lat="" lon="">
    <tag k="local_x" v="4.7708"/>
    <tag k="local_y" v="-0.0892"/>
    <tag k="ele" v="0"/>
  </node>
  <node id="356" lat="" lon="">
    <tag k="local_x" v="4.7708"/>
    <tag k="local_y" v="-0.2806"/>
    <tag k="ele" v="0"/>
  </node>
  <node id="357" lat="" lon="">
    <tag k="local_x" v="4.7628"/>
    <tag k="local_y" v="-0.5199"/>
    <tag k="ele" v="0"/>
  </node>
  <node id="358" lat="" lon="">
    <tag k="local_x" v="4.7548"/>
    <tag k="local_y" v="-0.7513"/>
    <tag k="ele" v="0"/>
  </node>
  <node id="359" lat="" lon="">
    <tag k="local_x" v="4.7628"/>
    <tag k="local_y" v="-0.9906"/>
    <tag k="ele" v="0"/>
  </node>
  <node id="360" lat="" lon="">
    <tag k="local_x" v="4.7548"/>
    <tag k="local_y" v="-1.2937"/>
    <tag k="ele" v="0"/>
  </node>
  <node id="361" lat="" lon="">
    <tag k="local_x" v="4.7628"/>
    <tag k="local_y" v="-1.5888"/>
    <tag k="ele" v="0"/>
  </node>
  <node id="362" lat="" lon="">
    <tag k="local_x" v="4.7548"/>
    <tag k="local_y" v="-1.8441"/>
    <tag k="ele" v="0"/>
  </node>
  <node id="363" lat="" lon="">
    <tag k="local_x" v="4.7628"/>
    <tag k="local_y" v="-2.1791"/>
    <tag k="ele" v="0"/>
  </node>
  <node id="364" lat="" lon="">
    <tag k="local_x" v="4.7628"/>
    <tag k="local_y" v="-2.3147"/>
    <tag k="ele" v="0"/>
  </node>
  <node id="365" lat="" lon="">
    <tag k="local_x" v="5.72"/>
    <tag k="local_y" v="2.3436"/>
    <tag k="ele" v="0"/>
  </node>
  <node id="367" lat="" lon="">
    <tag k="local_x" v="5.712"/>
    <tag k="local_y" v="2.1203"/>
    <tag k="ele" v="0"/>
  </node>
  <node id="368" lat="" lon="">
    <tag k="local_x" v="5.712"/>
    <tag k="local_y" v="1.7534"/>
    <tag k="ele" v="0"/>
  </node>
  <node id="369" lat="" lon="">
    <tag k="local_x" v="5.704"/>
    <tag k="local_y" v="1.3306"/>
    <tag k="ele" v="0"/>
  </node>
  <node id="370" lat="" lon="">
    <tag k="local_x" v="5.6961"/>
    <tag k="local_y" v="1.0355"/>
    <tag k="ele" v="0"/>
  </node>
  <node id="371" lat="" lon="">
    <tag k="local_x" v="5.6801"/>
    <tag k="local_y" v="0.8122"/>
    <tag k="ele" v="0"/>
  </node>
  <node id="372" lat="" lon="">
    <tag k="local_x" v="5.5764"/>
    <tag k="local_y" v="0.6287"/>
    <tag k="ele" v="0"/>
  </node>
  <node id="373" lat="" lon="">
    <tag k="local_x" v="5.4248"/>
    <tag k="local_y" v="0.4452"/>
    <tag k="ele" v="0"/>
  </node>
  <node id="374" lat="" lon="">
    <tag k="local_x" v="5.3451"/>
    <tag k="local_y" v="0.2937"/>
    <tag k="ele" v="0"/>
  </node>
  <node id="375" lat="" lon="">
    <tag k="local_x" v="5.2414"/>
    <tag k="local_y" v="0.1102"/>
    <tag k="ele" v="0"/>
  </node>
  <node id="376" lat="" lon="">
    <tag k="local_x" v="5.1855"/>
    <tag k="local_y" v="-0.0334"/>
    <tag k="ele" v="0"/>
  </node>
  <node id="377" lat="" lon="">
    <tag k="local_x" v="5.1855"/>
    <tag k="local_y" v="-0.3126"/>
    <tag k="ele" v="0"/>
  </node>
  <node id="378" lat="" lon="">
    <tag k="local_x" v="5.1776"/>
    <tag k="local_y" v="-0.5439"/>
    <tag k="ele" v="0"/>
  </node>
  <node id="379" lat="" lon="">
    <tag k="local_x" v="5.1855"/>
    <tag k="local_y" v="-0.9028"/>
    <tag k="ele" v="0"/>
  </node>
  <node id="380" lat="" lon="">
    <tag k="local_x" v="5.1616"/>
    <tag k="local_y" v="-1.2139"/>
    <tag k="ele" v="0"/>
  </node>
  <node id="381" lat="" lon="">
    <tag k="local_x" v="5.1616"/>
    <tag k="local_y" v="-1.5489"/>
    <tag k="ele" v="0"/>
  </node>
  <node id="382" lat="" lon="">
    <tag k="local_x" v="5.1377"/>
    <tag k="local_y" v="-1.7723"/>
    <tag k="ele" v="0"/>
  </node>
  <node id="383" lat="" lon="">
    <tag k="local_x" v="5.1536"/>
    <tag k="local_y" v="-1.9797"/>
    <tag k="ele" v="0"/>
  </node>
  <node id="384" lat="" lon="">
    <tag k="local_x" v="5.1217"/>
    <tag k="local_y" v="-2.219"/>
    <tag k="ele" v="0"/>
  </node>
  <node id="385" lat="" lon="">
    <tag k="local_x" v="5.1297"/>
    <tag k="local_y" v="-2.404"/>
    <tag k="ele" v="0"/>
  </node>
  <node id="387" lat="" lon="">
    <tag k="local_x" v="4.7475"/>
    <tag k="local_y" v="-2.4363"/>
    <tag k="ele" v="0"/>
  </node>
  <node id="389" lat="" lon="">
    <tag k="local_x" v="4.6924"/>
    <tag k="local_y" v="-2.5277"/>
    <tag k="ele" v="0"/>
  </node>
  <node id="390" lat="" lon="">
    <tag k="local_x" v="4.595"/>
    <tag k="local_y" v="-2.5915"/>
    <tag k="ele" v="0"/>
  </node>
  <node id="391" lat="" lon="">
    <tag k="local_x" v="4.5047"/>
    <tag k="local_y" v="-2.6622"/>
    <tag k="ele" v="0"/>
  </node>
  <node id="392" lat="" lon="">
    <tag k="local_x" v="4.3583"/>
    <tag k="local_y" v="-2.7055"/>
    <tag k="ele" v="0"/>
  </node>
  <node id="393" lat="" lon="">
    <tag k="local_x" v="4.2325"/>
    <tag k="local_y" v="-2.7136"/>
    <tag k="ele" v="0"/>
  </node>
  <node id="394" lat="" lon="">
    <tag k="local_x" v="5.1225"/>
    <tag k="local_y" v="-2.5554"/>
    <tag k="ele" v="0"/>
  </node>
  <node id="396" lat="" lon="">
    <tag k="local_x" v="5.1024"/>
    <tag k="local_y" v="-2.6395"/>
    <tag k="ele" v="0"/>
  </node>
  <node id="397" lat="" lon="">
    <tag k="local_x" v="5.0472"/>
    <tag k="local_y" v="-2.7274"/>
    <tag k="ele" v="0"/>
  </node>
  <node id="398" lat="" lon="">
    <tag k="local_x" v="5.0163"/>
    <tag k="local_y" v="-2.7871"/>
    <tag k="ele" v="0"/>
  </node>
  <node id="399" lat="" lon="">
    <tag k="local_x" v="4.9336"/>
    <tag k="local_y" v="-2.9207"/>
    <tag k="ele" v="0"/>
  </node>
  <node id="400" lat="" lon="">
    <tag k="local_x" v="4.8503"/>
    <tag k="local_y" v="-2.9983"/>
    <tag k="ele" v="0"/>
  </node>
  <node id="401" lat="" lon="">
    <tag k="local_x" v="4.7773"/>
    <tag k="local_y" v="-3.0479"/>
    <tag k="ele" v="0"/>
  </node>
  <node id="402" lat="" lon="">
    <tag k="local_x" v="4.6937"/>
    <tag k="local_y" v="-3.0766"/>
    <tag k="ele" v="0"/>
  </node>
  <node id="403" lat="" lon="">
    <tag k="local_x" v="4.4701"/>
    <tag k="local_y" v="-3.0996"/>
    <tag k="ele" v="0"/>
  </node>
  <node id="404" lat="" lon="">
    <tag k="local_x" v="4.3267"/>
    <tag k="local_y" v="-3.0903"/>
    <tag k="ele" v="0"/>
  </node>
  <node id="406" lat="" lon="">
    <tag k="local_x" v="3.9662"/>
    <tag k="local_y" v="-2.7102"/>
    <tag k="ele" v="0"/>
  </node>
  <node id="408" lat="" lon="">
    <tag k="local_x" v="3.5188"/>
    <tag k="local_y" v="-2.7204"/>
    <tag k="ele" v="0"/>
  </node>
  <node id="409" lat="" lon="">
    <tag k="local_x" v="3.2794"/>
    <tag k="local_y" v="-2.7225"/>
    <tag k="ele" v="0"/>
  </node>
  <node id="410" lat="" lon="">
    <tag k="local_x" v="2.6807"/>
    <tag k="local_y" v="-2.7278"/>
    <tag k="ele" v="0"/>
  </node>
  <node id="411" lat="" lon="">
    <tag k="local_x" v="2.3719"/>
    <tag k="local_y" v="-2.7242"/>
    <tag k="ele" v="0"/>
  </node>
  <node id="412" lat="" lon="">
    <tag k="local_x" v="1.8237"/>
    <tag k="local_y" v="-2.7353"/>
    <tag k="ele" v="0"/>
  </node>
  <node id="413" lat="" lon="">
    <tag k="local_x" v="1.4392"/>
    <tag k="local_y" v="-2.726"/>
    <tag k="ele" v="0"/>
  </node>
  <node id="414" lat="" lon="">
    <tag k="local_x" v="0.935"/>
    <tag k="local_y" v="-2.7305"/>
    <tag k="ele" v="0"/>
  </node>
  <node id="415" lat="" lon="">
    <tag k="local_x" v="0.557"/>
    <tag k="local_y" v="-2.7338"/>
    <tag k="ele" v="0"/>
  </node>
  <node id="416" lat="" lon="">
    <tag k="local_x" v="0.0528"/>
    <tag k="local_y" v="-2.7382"/>
    <tag k="ele" v="0"/>
  </node>
  <node id="417" lat="" lon="">
    <tag k="local_x" v="-0.3695"/>
    <tag k="local_y" v="-2.7293"/>
    <tag k="ele" v="0"/>
  </node>
  <node id="418" lat="" lon="">
    <tag k="local_x" v="-0.6657"/>
    <tag k="local_y" v="-2.7256"/>
    <tag k="ele" v="0"/>
  </node>
  <node id="419" lat="" lon="">
    <tag k="local_x" v="-0.8926"/>
    <tag k="local_y" v="-2.7276"/>
    <tag k="ele" v="0"/>
  </node>
  <node id="420" lat="" lon="">
    <tag k="local_x" v="-1.1258"/>
    <tag k="local_y" v="-2.7296"/>
    <tag k="ele" v="0"/>
  </node>
  <node id="421" lat="" lon="">
    <tag k="local_x" v="-1.6298"/>
    <tag k="local_y" v="-2.7467"/>
    <tag k="ele" v="0"/>
  </node>
  <node id="422" lat="" lon="">
    <tag k="local_x" v="-2.0585"/>
    <tag k="local_y" v="-2.7252"/>
    <tag k="ele" v="0"/>
  </node>
  <node id="423" lat="" lon="">
    <tag k="local_x" v="-2.4618"/>
    <tag k="local_y" v="-2.7351"/>
    <tag k="ele" v="0"/>
  </node>
  <node id="424" lat="" lon="">
    <tag k="local_x" v="-2.8275"/>
    <tag k="local_y" v="-2.7131"/>
    <tag k="ele" v="0"/>
  </node>
  <node id="425" lat="" lon="">
    <tag k="local_x" v="4.0386"/>
    <tag k="local_y" v="-3.0801"/>
    <tag k="ele" v="0"/>
  </node>
  <node id="427" lat="" lon="">
    <tag k="local_x" v="3.5975"/>
    <tag k="local_y" v="-3.099"/>
    <tag k="ele" v="0"/>
  </node>
  <node id="428" lat="" lon="">
    <tag k="local_x" v="3.0933"/>
    <tag k="local_y" v="-3.0927"/>
    <tag k="ele" v="0"/>
  </node>
  <node id="429" lat="" lon="">
    <tag k="local_x" v="2.419"/>
    <tag k="local_y" v="-3.0801"/>
    <tag k="ele" v="0"/>
  </node>
  <node id="430" lat="" lon="">
    <tag k="local_x" v="1.9968"/>
    <tag k="local_y" v="-3.0738"/>
    <tag k="ele" v="0"/>
  </node>
  <node id="431" lat="" lon="">
    <tag k="local_x" v="1.3414"/>
    <tag k="local_y" v="-3.0927"/>
    <tag k="ele" v="0"/>
  </node>
  <node id="432" lat="" lon="">
    <tag k="local_x" v="0.894"/>
    <tag k="local_y" v="-3.099"/>
    <tag k="ele" v="0"/>
  </node>
  <node id="433" lat="" lon="">
    <tag k="local_x" v="0.5032"/>
    <tag k="local_y" v="-3.0675"/>
    <tag k="ele" v="0"/>
  </node>
  <node id="434" lat="" lon="">
    <tag k="local_x" v="-0.1206"/>
    <tag k="local_y" v="-3.0738"/>
    <tag k="ele" v="0"/>
  </node>
  <node id="435" lat="" lon="">
    <tag k="local_x" v="-0.3727"/>
    <tag k="local_y" v="-3.0738"/>
    <tag k="ele" v="0"/>
  </node>
  <node id="436" lat="" lon="">
    <tag k="local_x" v="-0.7004"/>
    <tag k="local_y" v="-3.0801"/>
    <tag k="ele" v="0"/>
  </node>
  <node id="437" lat="" lon="">
    <tag k="local_x" v="-0.8895"/>
    <tag k="local_y" v="-3.0738"/>
    <tag k="ele" v="0"/>
  </node>
  <node id="438" lat="" lon="">
    <tag k="local_x" v="-1.4188"/>
    <tag k="local_y" v="-3.0675"/>
    <tag k="ele" v="0"/>
  </node>
  <node id="439" lat="" lon="">
    <tag k="local_x" v="-1.7717"/>
    <tag k="local_y" v="-3.0738"/>
    <tag k="ele" v="0"/>
  </node>
  <node id="440" lat="" lon="">
    <tag k="local_x" v="-2.1625"/>
    <tag k="local_y" v="-3.0675"/>
    <tag k="ele" v="0"/>
  </node>
  <node id="441" lat="" lon="">
    <tag k="local_x" v="-2.6036"/>
    <tag k="local_y" v="-3.0675"/>
    <tag k="ele" v="0"/>
  </node>
  <node id="442" lat="" lon="">
    <tag k="local_x" v="-2.8368"/>
    <tag k="local_y" v="-3.0738"/>
    <tag k="ele" v="0"/>
  </node>
  <node id="444" lat="" lon="">
    <tag k="local_x" v="-2.9502"/>
    <tag k="local_y" v="-2.6579"/>
    <tag k="ele" v="0"/>
  </node>
  <node id="446" lat="" lon="">
    <tag k="local_x" v="-3.0699"/>
    <tag k="local_y" v="-2.5382"/>
    <tag k="ele" v="0"/>
  </node>
  <node id="447" lat="" lon="">
    <tag k="local_x" v="-3.1392"/>
    <tag k="local_y" v="-2.4373"/>
    <tag k="ele" v="0"/>
  </node>
  <node id="448" lat="" lon="">
    <tag k="local_x" v="-3.1645"/>
    <tag k="local_y" v="-2.2937"/>
    <tag k="ele" v="0"/>
  </node>
  <node id="449" lat="" lon="">
    <tag k="local_x" v="-3.0384"/>
    <tag k="local_y" v="-3.0801"/>
    <tag k="ele" v="0"/>
  </node>
  <node id="451" lat="" lon="">
    <tag k="local_x" v="-3.1708"/>
    <tag k="local_y" v="-3.0675"/>
    <tag k="ele" v="0"/>
  </node>
  <node id="452" lat="" lon="">
    <tag k="local_x" v="-3.3031"/>
    <tag k="local_y" v="-3.0171"/>
    <tag k="ele" v="0"/>
  </node>
  <node id="453" lat="" lon="">
    <tag k="local_x" v="-3.3976"/>
    <tag k="local_y" v="-2.8785"/>
    <tag k="ele" v="0"/>
  </node>
  <node id="454" lat="" lon="">
    <tag k="local_x" v="-3.4543"/>
    <tag k="local_y" v="-2.7209"/>
    <tag k="ele" v="0"/>
  </node>
  <node id="455" lat="" lon="">
    <tag k="local_x" v="-3.4795"/>
    <tag k="local_y" v="-2.5382"/>
    <tag k="ele" v="0"/>
  </node>
  <node id="456" lat="" lon="">
    <tag k="local_x" v="-3.4859"/>
    <tag k="local_y" v="-2.3932"/>
    <tag k="ele" v="0"/>
  </node>
  <node id="457" lat="" lon="">
    <tag k="local_x" v="-3.4859"/>
    <tag k="local_y" v="-2.305"/>
    <tag k="ele" v="0"/>
  </node>
  <node id="459" lat="" lon="">
    <tag k="local_x" v="-3.1682"/>
    <tag k="local_y" v="-1.9149"/>
    <tag k="ele" v="0"/>
  </node>
  <node id="461" lat="" lon="">
    <tag k="local_x" v="-3.156"/>
    <tag k="local_y" v="-1.666"/>
    <tag k="ele" v="0"/>
  </node>
  <node id="462" lat="" lon="">
    <tag k="local_x" v="-3.1694"/>
    <tag k="local_y" v="-1.4867"/>
    <tag k="ele" v="0"/>
  </node>
  <node id="463" lat="" lon="">
    <tag k="local_x" v="-3.1721"/>
    <tag k="local_y" v="-1.2278"/>
    <tag k="ele" v="0"/>
  </node>
  <node id="464" lat="" lon="">
    <tag k="local_x" v="-3.17"/>
    <tag k="local_y" v="-0.9938"/>
    <tag k="ele" v="0"/>
  </node>
  <node id="465" lat="" lon="">
    <tag k="local_x" v="-3.1686"/>
    <tag k="local_y" v="-0.8245"/>
    <tag k="ele" v="0"/>
  </node>
  <node id="466" lat="" lon="">
    <tag k="local_x" v="-3.1817"/>
    <tag k="local_y" v="-0.6153"/>
    <tag k="ele" v="0"/>
  </node>
  <node id="467" lat="" lon="">
    <tag k="local_x" v="-3.171"/>
    <tag k="local_y" v="-0.5307"/>
    <tag k="ele" v="0"/>
  </node>
  <node id="468" lat="" lon="">
    <tag k="local_x" v="-3.4981"/>
    <tag k="local_y" v="-2.0663"/>
    <tag k="ele" v="0"/>
  </node>
  <node id="470" lat="" lon="">
    <tag k="local_x" v="-3.4965"/>
    <tag k="local_y" v="-1.8871"/>
    <tag k="ele" v="0"/>
  </node>
  <node id="471" lat="" lon="">
    <tag k="local_x" v="-3.505"/>
    <tag k="local_y" v="-1.7178"/>
    <tag k="ele" v="0"/>
  </node>
  <node id="472" lat="" lon="">
    <tag k="local_x" v="-3.4936"/>
    <tag k="local_y" v="-1.5585"/>
    <tag k="ele" v="0"/>
  </node>
  <node id="473" lat="" lon="">
    <tag k="local_x" v="-3.4971"/>
    <tag k="local_y" v="-1.3793"/>
    <tag k="ele" v="0"/>
  </node>
  <node id="474" lat="" lon="">
    <tag k="local_x" v="-3.4951"/>
    <tag k="local_y" v="-1.1602"/>
    <tag k="ele" v="0"/>
  </node>
  <node id="475" lat="" lon="">
    <tag k="local_x" v="-3.4887"/>
    <tag k="local_y" v="-0.9959"/>
    <tag k="ele" v="0"/>
  </node>
  <node id="476" lat="" lon="">
    <tag k="local_x" v="-3.4915"/>
    <tag k="local_y" v="-0.742"/>
    <tag k="ele" v="0"/>
  </node>
  <node id="477" lat="" lon="">
    <tag k="local_x" v="-3.5202"/>
    <tag k="local_y" v="-0.6073"/>
    <tag k="ele" v="0"/>
  </node>
  <node id="479" lat="" lon="">
    <tag k="local_x" v="-3.1899"/>
    <tag k="local_y" v="-0.416"/>
    <tag k="ele" v="0"/>
  </node>
  <node id="481" lat="" lon="">
    <tag k="local_x" v="-3.2486"/>
    <tag k="local_y" v="-0.306"/>
    <tag k="ele" v="0"/>
  </node>
  <node id="482" lat="" lon="">
    <tag k="local_x" v="-3.3124"/>
    <tag k="local_y" v="-0.2009"/>
    <tag k="ele" v="0"/>
  </node>
  <node id="483" lat="" lon="">
    <tag k="local_x" v="-3.401"/>
    <tag k="local_y" v="-0.0806"/>
    <tag k="ele" v="0"/>
  </node>
  <node id="484" lat="" lon="">
    <tag k="local_x" v="-3.5"/>
    <tag k="local_y" v="-0.01"/>
    <tag k="ele" v="0"/>
  </node>
  <node id="485" lat="" lon="">
    <tag k="local_x" v="-3.6486"/>
    <tag k="local_y" v="0.071"/>
    <tag k="ele" v="0"/>
  </node>
  <node id="486" lat="" lon="">
    <tag k="local_x" v="-3.7775"/>
    <tag k="local_y" v="0.1368"/>
    <tag k="ele" v="0"/>
  </node>
  <node id="487" lat="" lon="">
    <tag k="local_x" v="-3.9068"/>
    <tag k="local_y" v="0.1628"/>
    <tag k="ele" v="0"/>
  </node>
  <node id="488" lat="" lon="">
    <tag k="local_x" v="-3.5541"/>
    <tag k="local_y" v="-0.5074"/>
    <tag k="ele" v="0"/>
  </node>
  <node id="490" lat="" lon="">
    <tag k="local_x" v="-3.608"/>
    <tag k="local_y" v="-0.4074"/>
    <tag k="ele" v="0"/>
  </node>
  <node id="491" lat="" lon="">
    <tag k="local_x" v="-3.6968"/>
    <tag k="local_y" v="-0.317"/>
    <tag k="ele" v="0"/>
  </node>
  <node id="492" lat="" lon="">
    <tag k="local_x" v="-3.781"/>
    <tag k="local_y" v="-0.2565"/>
    <tag k="ele" v="0"/>
  </node>
  <node id="493" lat="" lon="">
    <tag k="local_x" v="-3.885"/>
    <tag k="local_y" v="-0.1958"/>
    <tag k="ele" v="0"/>
  </node>
  <node id="494" lat="" lon="">
    <tag k="local_x" v="-3.9646"/>
    <tag k="local_y" v="-0.1951"/>
    <tag k="ele" v="0"/>
  </node>
  <node id="496" lat="" lon="">
    <tag k="local_x" v="-4.149"/>
    <tag k="local_y" v="-0.2085"/>
    <tag k="ele" v="0"/>
  </node>
  <node id="498" lat="" lon="">
    <tag k="local_x" v="-4.3032"/>
    <tag k="local_y" v="-0.1922"/>
    <tag k="ele" v="0"/>
  </node>
  <node id="499" lat="" lon="">
    <tag k="local_x" v="-4.4574"/>
    <tag k="local_y" v="-0.1809"/>
    <tag k="ele" v="0"/>
  </node>
  <node id="500" lat="" lon="">
    <tag k="local_x" v="-4.6915"/>
    <tag k="local_y" v="-0.1888"/>
    <tag k="ele" v="0"/>
  </node>
  <node id="501" lat="" lon="">
    <tag k="local_x" v="-4.1109"/>
    <tag k="local_y" v="0.1646"/>
    <tag k="ele" v="0"/>
  </node>
  <node id="503" lat="" lon="">
    <tag k="local_x" v="-4.3198"/>
    <tag k="local_y" v="0.1814"/>
    <tag k="ele" v="0"/>
  </node>
  <node id="504" lat="" lon="">
    <tag k="local_x" v="-4.4841"/>
    <tag k="local_y" v="0.1878"/>
    <tag k="ele" v="0"/>
  </node>
  <node id="505" lat="" lon="">
    <tag k="local_x" v="-4.6932"/>
    <tag k="local_y" v="0.1896"/>
    <tag k="ele" v="0"/>
  </node>
  <node id="507" lat="" lon="">
    <tag k="local_x" v="-4.9605"/>
    <tag k="local_y" v="-0.2014"/>
    <tag k="ele" v="0"/>
  </node>
  <node id="509" lat="" lon="">
    <tag k="local_x" v="-5.2194"/>
    <tag k="local_y" v="-0.1991"/>
    <tag k="ele" v="0"/>
  </node>
  <node id="510" lat="" lon="">
    <tag k="local_x" v="-5.4435"/>
    <tag k="local_y" v="-0.2071"/>
    <tag k="ele" v="0"/>
  </node>
  <node id="511" lat="" lon="">
    <tag k="local_x" v="-5.7072"/>
    <tag k="local_y" v="-0.1898"/>
    <tag k="ele" v="0"/>
  </node>
  <node id="512" lat="" lon="">
    <tag k="local_x" v="-5.9114"/>
    <tag k="local_y" v="-0.198"/>
    <tag k="ele" v="0"/>
  </node>
  <node id="513" lat="" lon="">
    <tag k="local_x" v="-6.1156"/>
    <tag k="local_y" v="-0.1962"/>
    <tag k="ele" v="0"/>
  </node>
  <node id="514" lat="" lon="">
    <tag k="local_x" v="-4.9921"/>
    <tag k="local_y" v="0.1724"/>
    <tag k="ele" v="0"/>
  </node>
  <node id="516" lat="" lon="">
    <tag k="local_x" v="-5.2809"/>
    <tag k="local_y" v="0.1699"/>
    <tag k="ele" v="0"/>
  </node>
  <node id="517" lat="" lon="">
    <tag k="local_x" v="-5.5347"/>
    <tag k="local_y" v="0.1771"/>
    <tag k="ele" v="0"/>
  </node>
  <node id="518" lat="" lon="">
    <tag k="local_x" v="-5.7588"/>
    <tag k="local_y" v="0.1791"/>
    <tag k="ele" v="0"/>
  </node>
  <node id="519" lat="" lon="">
    <tag k="local_x" v="-5.9531"/>
    <tag k="local_y" v="0.1609"/>
    <tag k="ele" v="0"/>
  </node>
  <node id="520" lat="" lon="">
    <tag k="local_x" v="-6.1672"/>
    <tag k="local_y" v="0.1578"/>
    <tag k="ele" v="0"/>
  </node>
  <node id="522" lat="" lon="">
    <tag k="local_x" v="-10.1757"/>
    <tag k="local_y" v="-1.1603"/>
    <tag k="ele" v="0"/>
  </node>
  <node id="524" lat="" lon="">
    <tag k="local_x" v="-10.1805"/>
    <tag k="local_y" v="-1.6206"/>
    <tag k="ele" v="0"/>
  </node>
  <node id="525" lat="" lon="">
    <tag k="local_x" v="-10.166"/>
    <tag k="local_y" v="-2.2666"/>
    <tag k="ele" v="0"/>
  </node>
  <node id="526" lat="" lon="">
    <tag k="local_x" v="-10.1693"/>
    <tag k="local_y" v="-2.395"/>
    <tag k="ele" v="0"/>
  </node>
  <node id="527" lat="" lon="">
    <tag k="local_x" v="-9.7941"/>
    <tag k="local_y" v="-1.1399"/>
    <tag k="ele" v="0"/>
  </node>
  <node id="529" lat="" lon="">
    <tag k="local_x" v="-9.7976"/>
    <tag k="local_y" v="-1.542"/>
    <tag k="ele" v="0"/>
  </node>
  <node id="530" lat="" lon="">
    <tag k="local_x" v="-9.7926"/>
    <tag k="local_y" v="-2.1083"/>
    <tag k="ele" v="0"/>
  </node>
  <node id="531" lat="" lon="">
    <tag k="local_x" v="-9.797"/>
    <tag k="local_y" v="-2.4021"/>
    <tag k="ele" v="0"/>
  </node>
  <node id="533" lat="" lon="">
    <tag k="local_x" v="-10.171"/>
    <tag k="local_y" v="-2.7947"/>
    <tag k="ele" v="0"/>
  </node>
  <node id="535" lat="" lon="">
    <tag k="local_x" v="-10.1713"/>
    <tag k="local_y" v="-3.2078"/>
    <tag k="ele" v="0"/>
  </node>
  <node id="536" lat="" lon="">
    <tag k="local_x" v="-10.1714"/>
    <tag k="local_y" v="-3.6483"/>
    <tag k="ele" v="0"/>
  </node>
  <node id="537" lat="" lon="">
    <tag k="local_x" v="-10.1739"/>
    <tag k="local_y" v="-3.8096"/>
    <tag k="ele" v="0"/>
  </node>
  <node id="538" lat="" lon="">
    <tag k="local_x" v="-9.8015"/>
    <tag k="local_y" v="-2.76"/>
    <tag k="ele" v="0"/>
  </node>
  <node id="540" lat="" lon="">
    <tag k="local_x" v="-9.807"/>
    <tag k="local_y" v="-3.0394"/>
    <tag k="ele" v="0"/>
  </node>
  <node id="541" lat="" lon="">
    <tag k="local_x" v="-9.8153"/>
    <tag k="local_y" v="-3.4288"/>
    <tag k="ele" v="0"/>
  </node>
  <node id="542" lat="" lon="">
    <tag k="local_x" v="-9.8199"/>
    <tag k="local_y" v="-3.8104"/>
    <tag k="ele" v="0"/>
  </node>
  <node id="544" lat="" lon="">
    <tag k="local_x" v="-10.1783"/>
    <tag k="local_y" v="-4.1959"/>
    <tag k="ele" v="0"/>
  </node>
  <node id="546" lat="" lon="">
    <tag k="local_x" v="-10.1862"/>
    <tag k="local_y" v="-4.7465"/>
    <tag k="ele" v="0"/>
  </node>
  <node id="547" lat="" lon="">
    <tag k="local_x" v="-10.1665"/>
    <tag k="local_y" v="-5.25"/>
    <tag k="ele" v="0"/>
  </node>
  <node id="548" lat="" lon="">
    <tag k="local_x" v="-10.1704"/>
    <tag k="local_y" v="-5.6315"/>
    <tag k="ele" v="0"/>
  </node>
  <node id="549" lat="" lon="">
    <tag k="local_x" v="-9.8046"/>
    <tag k="local_y" v="-4.2627"/>
    <tag k="ele" v="0"/>
  </node>
  <node id="551" lat="" lon="">
    <tag k="local_x" v="-9.8007"/>
    <tag k="local_y" v="-4.6915"/>
    <tag k="ele" v="0"/>
  </node>
  <node id="552" lat="" lon="">
    <tag k="local_x" v="-9.8007"/>
    <tag k="local_y" v="-5.0809"/>
    <tag k="ele" v="0"/>
  </node>
  <node id="553" lat="" lon="">
    <tag k="local_x" v="-9.7968"/>
    <tag k="local_y" v="-5.5175"/>
    <tag k="ele" v="0"/>
  </node>
  <node id="554" lat="" lon="">
    <tag k="local_x" v="-9.7968"/>
    <tag k="local_y" v="-5.6473"/>
    <tag k="ele" v="0"/>
  </node>
  <node id="556" lat="" lon="">
    <tag k="local_x" v="-10.1272"/>
    <tag k="local_y" v="-5.8518"/>
    <tag k="ele" v="0"/>
  </node>
  <node id="558" lat="" lon="">
    <tag k="local_x" v="-10.0878"/>
    <tag k="local_y" v="-5.9777"/>
    <tag k="ele" v="0"/>
  </node>
  <node id="559" lat="" lon="">
    <tag k="local_x" v="-10.0052"/>
    <tag k="local_y" v="-6.1311"/>
    <tag k="ele" v="0"/>
  </node>
  <node id="560" lat="" lon="">
    <tag k="local_x" v="-9.8794"/>
    <tag k="local_y" v="-6.3278"/>
    <tag k="ele" v="0"/>
  </node>
  <node id="561" lat="" lon="">
    <tag k="local_x" v="-9.6827"/>
    <tag k="local_y" v="-6.5087"/>
    <tag k="ele" v="0"/>
  </node>
  <node id="562" lat="" lon="">
    <tag k="local_x" v="-9.4939"/>
    <tag k="local_y" v="-6.6228"/>
    <tag k="ele" v="0"/>
  </node>
  <node id="563" lat="" lon="">
    <tag k="local_x" v="-9.3287"/>
    <tag k="local_y" v="-6.6896"/>
    <tag k="ele" v="0"/>
  </node>
  <node id="564" lat="" lon="">
    <tag k="local_x" v="-9.1753"/>
    <tag k="local_y" v="-6.7329"/>
    <tag k="ele" v="0"/>
  </node>
  <node id="565" lat="" lon="">
    <tag k="local_x" v="-9.0809"/>
    <tag k="local_y" v="-6.7526"/>
    <tag k="ele" v="0"/>
  </node>
  <node id="566" lat="" lon="">
    <tag k="local_x" v="-9.7496"/>
    <tag k="local_y" v="-5.8204"/>
    <tag k="ele" v="0"/>
  </node>
  <node id="568" lat="" lon="">
    <tag k="local_x" v="-9.6827"/>
    <tag k="local_y" v="-5.9502"/>
    <tag k="ele" v="0"/>
  </node>
  <node id="569" lat="" lon="">
    <tag k="local_x" v="-9.5922"/>
    <tag k="local_y" v="-6.0721"/>
    <tag k="ele" v="0"/>
  </node>
  <node id="570" lat="" lon="">
    <tag k="local_x" v="-9.4703"/>
    <tag k="local_y" v="-6.1586"/>
    <tag k="ele" v="0"/>
  </node>
  <node id="571" lat="" lon="">
    <tag k="local_x" v="-9.3405"/>
    <tag k="local_y" v="-6.2727"/>
    <tag k="ele" v="0"/>
  </node>
  <node id="572" lat="" lon="">
    <tag k="local_x" v="-9.1871"/>
    <tag k="local_y" v="-6.3514"/>
    <tag k="ele" v="0"/>
  </node>
  <node id="573" lat="" lon="">
    <tag k="local_x" v="-9.1045"/>
    <tag k="local_y" v="-6.3632"/>
    <tag k="ele" v="0"/>
  </node>
  <node id="575" lat="" lon="">
    <tag k="local_x" v="-8.9668"/>
    <tag k="local_y" v="-6.3711"/>
    <tag k="ele" v="0"/>
  </node>
  <node id="577" lat="" lon="">
    <tag k="local_x" v="-8.7583"/>
    <tag k="local_y" v="-6.3868"/>
    <tag k="ele" v="0"/>
  </node>
  <node id="578" lat="" lon="">
    <tag k="local_x" v="-8.5892"/>
    <tag k="local_y" v="-6.3711"/>
    <tag k="ele" v="0"/>
  </node>
  <node id="579" lat="" lon="">
    <tag k="local_x" v="-8.4476"/>
    <tag k="local_y" v="-6.3671"/>
    <tag k="ele" v="0"/>
  </node>
  <node id="580" lat="" lon="">
    <tag k="local_x" v="-8.3375"/>
    <tag k="local_y" v="-6.3593"/>
    <tag k="ele" v="0"/>
  </node>
  <node id="581" lat="" lon="">
    <tag k="local_x" v="-8.8999"/>
    <tag k="local_y" v="-6.7526"/>
    <tag k="ele" v="0"/>
  </node>
  <node id="583" lat="" lon="">
    <tag k="local_x" v="-8.7465"/>
    <tag k="local_y" v="-6.7486"/>
    <tag k="ele" v="0"/>
  </node>
  <node id="584" lat="" lon="">
    <tag k="local_x" v="-8.6089"/>
    <tag k="local_y" v="-6.7408"/>
    <tag k="ele" v="0"/>
  </node>
  <node id="585" lat="" lon="">
    <tag k="local_x" v="-8.4476"/>
    <tag k="local_y" v="-6.7447"/>
    <tag k="ele" v="0"/>
  </node>
  <node id="586" lat="" lon="">
    <tag k="local_x" v="-8.3532"/>
    <tag k="local_y" v="-6.7329"/>
    <tag k="ele" v="0"/>
  </node>
  <node id="588" lat="" lon="">
    <tag k="local_x" v="-8.1015"/>
    <tag k="local_y" v="-6.7329"/>
    <tag k="ele" v="0"/>
  </node>
  <node id="590" lat="" lon="">
    <tag k="local_x" v="-7.9009"/>
    <tag k="local_y" v="-6.7251"/>
    <tag k="ele" v="0"/>
  </node>
  <node id="591" lat="" lon="">
    <tag k="local_x" v="-7.7003"/>
    <tag k="local_y" v="-6.7329"/>
    <tag k="ele" v="0"/>
  </node>
  <node id="592" lat="" lon="">
    <tag k="local_x" v="-7.4288"/>
    <tag k="local_y" v="-6.7369"/>
    <tag k="ele" v="0"/>
  </node>
  <node id="593" lat="" lon="">
    <tag k="local_x" v="-7.1771"/>
    <tag k="local_y" v="-6.7369"/>
    <tag k="ele" v="0"/>
  </node>
  <node id="594" lat="" lon="">
    <tag k="local_x" v="-7.0001"/>
    <tag k="local_y" v="-6.7369"/>
    <tag k="ele" v="0"/>
  </node>
  <node id="595" lat="" lon="">
    <tag k="local_x" v="-6.9332"/>
    <tag k="local_y" v="-6.7369"/>
    <tag k="ele" v="0"/>
  </node>
  <node id="596" lat="" lon="">
    <tag k="local_x" v="-8.0779"/>
    <tag k="local_y" v="-6.3592"/>
    <tag k="ele" v="0"/>
  </node>
  <node id="598" lat="" lon="">
    <tag k="local_x" v="-7.8104"/>
    <tag k="local_y" v="-6.3592"/>
    <tag k="ele" v="0"/>
  </node>
  <node id="599" lat="" lon="">
    <tag k="local_x" v="-7.5075"/>
    <tag k="local_y" v="-6.3553"/>
    <tag k="ele" v="0"/>
  </node>
  <node id="600" lat="" lon="">
    <tag k="local_x" v="-7.2794"/>
    <tag k="local_y" v="-6.3632"/>
    <tag k="ele" v="0"/>
  </node>
  <node id="601" lat="" lon="">
    <tag k="local_x" v="-7.0237"/>
    <tag k="local_y" v="-6.3592"/>
    <tag k="ele" v="0"/>
  </node>
  <node id="602" lat="" lon="">
    <tag k="local_x" v="-6.9372"/>
    <tag k="local_y" v="-6.3592"/>
    <tag k="ele" v="0"/>
  </node>
  <node id="604" lat="" lon="">
    <tag k="local_x" v="-6.713"/>
    <tag k="local_y" v="-6.3553"/>
    <tag k="ele" v="0"/>
  </node>
  <node id="606" lat="" lon="">
    <tag k="local_x" v="-6.4612"/>
    <tag k="local_y" v="-6.3671"/>
    <tag k="ele" v="0"/>
  </node>
  <node id="607" lat="" lon="">
    <tag k="local_x" v="-6.2803"/>
    <tag k="local_y" v="-6.3671"/>
    <tag k="ele" v="0"/>
  </node>
  <node id="608" lat="" lon="">
    <tag k="local_x" v="-6.1151"/>
    <tag k="local_y" v="-6.3671"/>
    <tag k="ele" v="0"/>
  </node>
  <node id="609" lat="" lon="">
    <tag k="local_x" v="-6.713"/>
    <tag k="local_y" v="-6.7447"/>
    <tag k="ele" v="0"/>
  </node>
  <node id="611" lat="" lon="">
    <tag k="local_x" v="-6.5281"/>
    <tag k="local_y" v="-6.7447"/>
    <tag k="ele" v="0"/>
  </node>
  <node id="612" lat="" lon="">
    <tag k="local_x" v="-6.3511"/>
    <tag k="local_y" v="-6.7447"/>
    <tag k="ele" v="0"/>
  </node>
  <node id="613" lat="" lon="">
    <tag k="local_x" v="-6.0915"/>
    <tag k="local_y" v="-6.7368"/>
    <tag k="ele" v="0"/>
  </node>
  <node id="615" lat="" lon="">
    <tag k="local_x" v="-5.8358"/>
    <tag k="local_y" v="-6.7408"/>
    <tag k="ele" v="0"/>
  </node>
  <node id="617" lat="" lon="">
    <tag k="local_x" v="-5.5211"/>
    <tag k="local_y" v="-6.7526"/>
    <tag k="ele" v="0"/>
  </node>
  <node id="618" lat="" lon="">
    <tag k="local_x" v="-5.2261"/>
    <tag k="local_y" v="-6.7447"/>
    <tag k="ele" v="0"/>
  </node>
  <node id="619" lat="" lon="">
    <tag k="local_x" v="-5.0059"/>
    <tag k="local_y" v="-6.7368"/>
    <tag k="ele" v="0"/>
  </node>
  <node id="620" lat="" lon="">
    <tag k="local_x" v="-5.8594"/>
    <tag k="local_y" v="-6.375"/>
    <tag k="ele" v="0"/>
  </node>
  <node id="622" lat="" lon="">
    <tag k="local_x" v="-5.5329"/>
    <tag k="local_y" v="-6.3671"/>
    <tag k="ele" v="0"/>
  </node>
  <node id="623" lat="" lon="">
    <tag k="local_x" v="-5.234"/>
    <tag k="local_y" v="-6.3671"/>
    <tag k="ele" v="0"/>
  </node>
  <node id="624" lat="" lon="">
    <tag k="local_x" v="-5.0216"/>
    <tag k="local_y" v="-6.3671"/>
    <tag k="ele" v="0"/>
  </node>
  <node id="626" lat="" lon="">
    <tag k="local_x" v="-4.7541"/>
    <tag k="local_y" v="-6.3671"/>
    <tag k="ele" v="0"/>
  </node>
  <node id="628" lat="" lon="">
    <tag k="local_x" v="-4.5496"/>
    <tag k="local_y" v="-6.3789"/>
    <tag k="ele" v="0"/>
  </node>
  <node id="629" lat="" lon="">
    <tag k="local_x" v="-4.3686"/>
    <tag k="local_y" v="-6.371"/>
    <tag k="ele" v="0"/>
  </node>
  <node id="630" lat="" lon="">
    <tag k="local_x" v="-4.2664"/>
    <tag k="local_y" v="-6.371"/>
    <tag k="ele" v="0"/>
  </node>
  <node id="631" lat="" lon="">
    <tag k="local_x" v="-4.8328"/>
    <tag k="local_y" v="-6.7447"/>
    <tag k="ele" v="0"/>
  </node>
  <node id="633" lat="" lon="">
    <tag k="local_x" v="-4.6794"/>
    <tag k="local_y" v="-6.7486"/>
    <tag k="ele" v="0"/>
  </node>
  <node id="634" lat="" lon="">
    <tag k="local_x" v="-4.5024"/>
    <tag k="local_y" v="-6.7408"/>
    <tag k="ele" v="0"/>
  </node>
  <node id="635" lat="" lon="">
    <tag k="local_x" v="-4.3529"/>
    <tag k="local_y" v="-6.7447"/>
    <tag k="ele" v="0"/>
  </node>
  <node id="636" lat="" lon="">
    <tag k="local_x" v="-4.2743"/>
    <tag k="local_y" v="-6.7408"/>
    <tag k="ele" v="0"/>
  </node>
  <node id="638" lat="" lon="">
    <tag k="local_x" v="-4.1563"/>
    <tag k="local_y" v="-6.7172"/>
    <tag k="ele" v="0"/>
  </node>
  <node id="640" lat="" lon="">
    <tag k="local_x" v="-4.05"/>
    <tag k="local_y" v="-6.6778"/>
    <tag k="ele" v="0"/>
  </node>
  <node id="641" lat="" lon="">
    <tag k="local_x" v="-3.9202"/>
    <tag k="local_y" v="-6.6149"/>
    <tag k="ele" v="0"/>
  </node>
  <node id="642" lat="" lon="">
    <tag k="local_x" v="-3.8022"/>
    <tag k="local_y" v="-6.5205"/>
    <tag k="ele" v="0"/>
  </node>
  <node id="643" lat="" lon="">
    <tag k="local_x" v="-3.7157"/>
    <tag k="local_y" v="-6.4261"/>
    <tag k="ele" v="0"/>
  </node>
  <node id="644" lat="" lon="">
    <tag k="local_x" v="-3.6292"/>
    <tag k="local_y" v="-6.3238"/>
    <tag k="ele" v="0"/>
  </node>
  <node id="645" lat="" lon="">
    <tag k="local_x" v="-3.5544"/>
    <tag k="local_y" v="-6.2294"/>
    <tag k="ele" v="0"/>
  </node>
  <node id="646" lat="" lon="">
    <tag k="local_x" v="-4.1562"/>
    <tag k="local_y" v="-6.3042"/>
    <tag k="ele" v="0"/>
  </node>
  <node id="648" lat="" lon="">
    <tag k="local_x" v="-4.05"/>
    <tag k="local_y" v="-6.2294"/>
    <tag k="ele" v="0"/>
  </node>
  <node id="649" lat="" lon="">
    <tag k="local_x" v="-3.9753"/>
    <tag k="local_y" v="-6.1468"/>
    <tag k="ele" v="0"/>
  </node>
  <node id="650" lat="" lon="">
    <tag k="local_x" v="-3.9124"/>
    <tag k="local_y" v="-6.0485"/>
    <tag k="ele" v="0"/>
  </node>
  <node id="652" lat="" lon="">
    <tag k="local_x" v="-3.4402"/>
    <tag k="local_y" v="-6.1854"/>
    <tag k="ele" v="0"/>
  </node>
  <node id="654" lat="" lon="">
    <tag k="local_x" v="-3.3183"/>
    <tag k="local_y" v="-6.146"/>
    <tag k="ele" v="0"/>
  </node>
  <node id="655" lat="" lon="">
    <tag k="local_x" v="-3.1845"/>
    <tag k="local_y" v="-6.15"/>
    <tag k="ele" v="0"/>
  </node>
  <node id="656" lat="" lon="">
    <tag k="local_x" v="-3.8201"/>
    <tag k="local_y" v="-5.9617"/>
    <tag k="ele" v="0"/>
  </node>
  <node id="658" lat="" lon="">
    <tag k="local_x" v="-3.7249"/>
    <tag k="local_y" v="-5.876"/>
    <tag k="ele" v="0"/>
  </node>
  <node id="659" lat="" lon="">
    <tag k="local_x" v="-3.6261"/>
    <tag k="local_y" v="-5.8257"/>
    <tag k="ele" v="0"/>
  </node>
  <node id="660" lat="" lon="">
    <tag k="local_x" v="-3.5236"/>
    <tag k="local_y" v="-5.7991"/>
    <tag k="ele" v="0"/>
  </node>
  <node id="661" lat="" lon="">
    <tag k="local_x" v="-3.3702"/>
    <tag k="local_y" v="-5.7965"/>
    <tag k="ele" v="0"/>
  </node>
  <node id="662" lat="" lon="">
    <tag k="local_x" v="-3.2208"/>
    <tag k="local_y" v="-5.8017"/>
    <tag k="ele" v="0"/>
  </node>
  <node id="664" lat="" lon="">
    <tag k="local_x" v="-2.969"/>
    <tag k="local_y" v="-5.8039"/>
    <tag k="ele" v="0"/>
  </node>
  <node id="666" lat="" lon="">
    <tag k="local_x" v="-2.6425"/>
    <tag k="local_y" v="-5.7989"/>
    <tag k="ele" v="0"/>
  </node>
  <node id="667" lat="" lon="">
    <tag k="local_x" v="-2.438"/>
    <tag k="local_y" v="-5.8047"/>
    <tag k="ele" v="0"/>
  </node>
  <node id="668" lat="" lon="">
    <tag k="local_x" v="-2.261"/>
    <tag k="local_y" v="-5.8023"/>
    <tag k="ele" v="0"/>
  </node>
  <node id="669" lat="" lon="">
    <tag k="local_x" v="-2.0918"/>
    <tag k="local_y" v="-5.7998"/>
    <tag k="ele" v="0"/>
  </node>
  <node id="670" lat="" lon="">
    <tag k="local_x" v="-1.8322"/>
    <tag k="local_y" v="-5.7942"/>
    <tag k="ele" v="0"/>
  </node>
  <node id="671" lat="" lon="">
    <tag k="local_x" v="-1.5373"/>
    <tag k="local_y" v="-5.8126"/>
    <tag k="ele" v="0"/>
  </node>
  <node id="672" lat="" lon="">
    <tag k="local_x" v="-1.3563"/>
    <tag k="local_y" v="-5.8063"/>
    <tag k="ele" v="0"/>
  </node>
  <node id="673" lat="" lon="">
    <tag k="local_x" v="-1.1832"/>
    <tag k="local_y" v="-5.8078"/>
    <tag k="ele" v="0"/>
  </node>
  <node id="674" lat="" lon="">
    <tag k="local_x" v="-0.8568"/>
    <tag k="local_y" v="-5.8107"/>
    <tag k="ele" v="0"/>
  </node>
  <node id="675" lat="" lon="">
    <tag k="local_x" v="-0.424"/>
    <tag k="local_y" v="-5.8066"/>
    <tag k="ele" v="0"/>
  </node>
  <node id="676" lat="" lon="">
    <tag k="local_x" v="0.0203"/>
    <tag k="local_y" v="-5.8184"/>
    <tag k="ele" v="0"/>
  </node>
  <node id="677" lat="" lon="">
    <tag k="local_x" v="0.402"/>
    <tag k="local_y" v="-5.8099"/>
    <tag k="ele" v="0"/>
  </node>
  <node id="678" lat="" lon="">
    <tag k="local_x" v="0.8819"/>
    <tag k="local_y" v="-5.8023"/>
    <tag k="ele" v="0"/>
  </node>
  <node id="679" lat="" lon="">
    <tag k="local_x" v="1.4877"/>
    <tag k="local_y" v="-5.8076"/>
    <tag k="ele" v="0"/>
  </node>
  <node id="680" lat="" lon="">
    <tag k="local_x" v="1.94"/>
    <tag k="local_y" v="-5.8155"/>
    <tag k="ele" v="0"/>
  </node>
  <node id="681" lat="" lon="">
    <tag k="local_x" v="2.239"/>
    <tag k="local_y" v="-5.8024"/>
    <tag k="ele" v="0"/>
  </node>
  <node id="682" lat="" lon="">
    <tag k="local_x" v="2.644"/>
    <tag k="local_y" v="-5.8178"/>
    <tag k="ele" v="0"/>
  </node>
  <node id="683" lat="" lon="">
    <tag k="local_x" v="3.0296"/>
    <tag k="local_y" v="-5.8133"/>
    <tag k="ele" v="0"/>
  </node>
  <node id="684" lat="" lon="">
    <tag k="local_x" v="3.4151"/>
    <tag k="local_y" v="-5.8049"/>
    <tag k="ele" v="0"/>
  </node>
  <node id="685" lat="" lon="">
    <tag k="local_x" v="3.663"/>
    <tag k="local_y" v="-5.8031"/>
    <tag k="ele" v="0"/>
  </node>
  <node id="686" lat="" lon="">
    <tag k="local_x" v="3.9775"/>
    <tag k="local_y" v="-5.8177"/>
    <tag k="ele" v="0"/>
  </node>
  <node id="687" lat="" lon="">
    <tag k="local_x" v="4.4462"/>
    <tag k="local_y" v="-5.81"/>
    <tag k="ele" v="0"/>
  </node>
  <node id="688" lat="" lon="">
    <tag k="local_x" v="-2.8463"/>
    <tag k="local_y" v="-6.159"/>
    <tag k="ele" v="0"/>
  </node>
  <node id="690" lat="" lon="">
    <tag k="local_x" v="-2.4726"/>
    <tag k="local_y" v="-6.1623"/>
    <tag k="ele" v="0"/>
  </node>
  <node id="691" lat="" lon="">
    <tag k="local_x" v="-2.1186"/>
    <tag k="local_y" v="-6.1615"/>
    <tag k="ele" v="0"/>
  </node>
  <node id="692" lat="" lon="">
    <tag k="local_x" v="-1.6545"/>
    <tag k="local_y" v="-6.1734"/>
    <tag k="ele" v="0"/>
  </node>
  <node id="693" lat="" lon="">
    <tag k="local_x" v="-1.2729"/>
    <tag k="local_y" v="-6.165"/>
    <tag k="ele" v="0"/>
  </node>
  <node id="694" lat="" lon="">
    <tag k="local_x" v="-0.8048"/>
    <tag k="local_y" v="-6.1651"/>
    <tag k="ele" v="0"/>
  </node>
  <node id="695" lat="" lon="">
    <tag k="local_x" v="-0.3918"/>
    <tag k="local_y" v="-6.1648"/>
    <tag k="ele" v="0"/>
  </node>
  <node id="696" lat="" lon="">
    <tag k="local_x" v="0.159"/>
    <tag k="local_y" v="-6.1579"/>
    <tag k="ele" v="0"/>
  </node>
  <node id="697" lat="" lon="">
    <tag k="local_x" v="0.6702"/>
    <tag k="local_y" v="-6.1702"/>
    <tag k="ele" v="0"/>
  </node>
  <node id="698" lat="" lon="">
    <tag k="local_x" v="1.0834"/>
    <tag k="local_y" v="-6.1581"/>
    <tag k="ele" v="0"/>
  </node>
  <node id="699" lat="" lon="">
    <tag k="local_x" v="1.5003"/>
    <tag k="local_y" v="-6.1578"/>
    <tag k="ele" v="0"/>
  </node>
  <node id="700" lat="" lon="">
    <tag k="local_x" v="2.3224"/>
    <tag k="local_y" v="-6.1611"/>
    <tag k="ele" v="0"/>
  </node>
  <node id="701" lat="" lon="">
    <tag k="local_x" v="2.7787"/>
    <tag k="local_y" v="-6.1612"/>
    <tag k="ele" v="0"/>
  </node>
  <node id="702" lat="" lon="">
    <tag k="local_x" v="3.3648"/>
    <tag k="local_y" v="-6.1585"/>
    <tag k="ele" v="0"/>
  </node>
  <node id="703" lat="" lon="">
    <tag k="local_x" v="3.8525"/>
    <tag k="local_y" v="-6.1667"/>
    <tag k="ele" v="0"/>
  </node>
  <node id="704" lat="" lon="">
    <tag k="local_x" v="4.4548"/>
    <tag k="local_y" v="-6.168"/>
    <tag k="ele" v="0"/>
  </node>
  <node id="706" lat="" lon="">
    <tag k="local_x" v="4.7658"/>
    <tag k="local_y" v="-6.1669"/>
    <tag k="ele" v="0"/>
  </node>
  <node id="708" lat="" lon="">
    <tag k="local_x" v="5.1773"/>
    <tag k="local_y" v="-6.1749"/>
    <tag k="ele" v="0"/>
  </node>
  <node id="709" lat="" lon="">
    <tag k="local_x" v="5.5049"/>
    <tag k="local_y" v="-6.1645"/>
    <tag k="ele" v="0"/>
  </node>
  <node id="710" lat="" lon="">
    <tag k="local_x" v="5.7924"/>
    <tag k="local_y" v="-6.1759"/>
    <tag k="ele" v="0"/>
  </node>
  <node id="711" lat="" lon="">
    <tag k="local_x" v="4.6938"/>
    <tag k="local_y" v="-5.7945"/>
    <tag k="ele" v="0"/>
  </node>
  <node id="713" lat="" lon="">
    <tag k="local_x" v="4.8663"/>
    <tag k="local_y" v="-5.8093"/>
    <tag k="ele" v="0"/>
  </node>
  <node id="714" lat="" lon="">
    <tag k="local_x" v="5.1274"/>
    <tag k="local_y" v="-5.8072"/>
    <tag k="ele" v="0"/>
  </node>
  <node id="715" lat="" lon="">
    <tag k="local_x" v="5.3442"/>
    <tag k="local_y" v="-5.8091"/>
    <tag k="ele" v="0"/>
  </node>
  <node id="716" lat="" lon="">
    <tag k="local_x" v="5.5566"/>
    <tag k="local_y" v="-5.8154"/>
    <tag k="ele" v="0"/>
  </node>
  <node id="717" lat="" lon="">
    <tag k="local_x" v="5.8045"/>
    <tag k="local_y" v="-5.8087"/>
    <tag k="ele" v="0"/>
  </node>
  <node id="719" lat="" lon="">
    <tag k="local_x" v="5.9726"/>
    <tag k="local_y" v="-5.819"/>
    <tag k="ele" v="0"/>
  </node>
  <node id="721" lat="" lon="">
    <tag k="local_x" v="6.1452"/>
    <tag k="local_y" v="-5.8117"/>
    <tag k="ele" v="0"/>
  </node>
  <node id="722" lat="" lon="">
    <tag k="local_x" v="5.9606"/>
    <tag k="local_y" v="-6.173"/>
    <tag k="ele" v="0"/>
  </node>
  <node id="724" lat="" lon="">
    <tag k="local_x" v="6.1597"/>
    <tag k="local_y" v="-6.1747"/>
    <tag k="ele" v="0"/>
  </node>
  <node id="726" lat="" lon="">
    <tag k="local_x" v="6.2873"/>
    <tag k="local_y" v="-5.7643"/>
    <tag k="ele" v="0"/>
  </node>
  <node id="728" lat="" lon="">
    <tag k="local_x" v="6.4254"/>
    <tag k="local_y" v="-5.6593"/>
    <tag k="ele" v="0"/>
  </node>
  <node id="729" lat="" lon="">
    <tag k="local_x" v="6.5105"/>
    <tag k="local_y" v="-5.5405"/>
    <tag k="ele" v="0"/>
  </node>
  <node id="730" lat="" lon="">
    <tag k="local_x" v="6.5737"/>
    <tag k="local_y" v="-5.3994"/>
    <tag k="ele" v="0"/>
  </node>
  <node id="731" lat="" lon="">
    <tag k="local_x" v="6.57"/>
    <tag k="local_y" v="-5.3109"/>
    <tag k="ele" v="0"/>
  </node>
  <node id="732" lat="" lon="">
    <tag k="local_x" v="6.3326"/>
    <tag k="local_y" v="-6.1408"/>
    <tag k="ele" v="0"/>
  </node>
  <node id="734" lat="" lon="">
    <tag k="local_x" v="6.4747"/>
    <tag k="local_y" v="-6.0845"/>
    <tag k="ele" v="0"/>
  </node>
  <node id="735" lat="" lon="">
    <tag k="local_x" v="6.6438"/>
    <tag k="local_y" v="-5.9798"/>
    <tag k="ele" v="0"/>
  </node>
  <node id="736" lat="" lon="">
    <tag k="local_x" v="6.72"/>
    <tag k="local_y" v="-5.8743"/>
    <tag k="ele" v="0"/>
  </node>
  <node id="737" lat="" lon="">
    <tag k="local_x" v="6.8274"/>
    <tag k="local_y" v="-5.7336"/>
    <tag k="ele" v="0"/>
  </node>
  <node id="738" lat="" lon="">
    <tag k="local_x" v="6.9038"/>
    <tag k="local_y" v="-5.6015"/>
    <tag k="ele" v="0"/>
  </node>
  <node id="739" lat="" lon="">
    <tag k="local_x" v="6.9181"/>
    <tag k="local_y" v="-5.4866"/>
    <tag k="ele" v="0"/>
  </node>
  <node id="740" lat="" lon="">
    <tag k="local_x" v="6.9325"/>
    <tag k="local_y" v="-5.3583"/>
    <tag k="ele" v="0"/>
  </node>
  <node id="742" lat="" lon="">
    <tag k="local_x" v="6.5592"/>
    <tag k="local_y" v="-5.102"/>
    <tag k="ele" v="0"/>
  </node>
  <node id="744" lat="" lon="">
    <tag k="local_x" v="6.5691"/>
    <tag k="local_y" v="-4.7879"/>
    <tag k="ele" v="0"/>
  </node>
  <node id="745" lat="" lon="">
    <tag k="local_x" v="6.549"/>
    <tag k="local_y" v="-4.4202"/>
    <tag k="ele" v="0"/>
  </node>
  <node id="746" lat="" lon="">
    <tag k="local_x" v="6.5607"/>
    <tag k="local_y" v="-4.0088"/>
    <tag k="ele" v="0"/>
  </node>
  <node id="747" lat="" lon="">
    <tag k="local_x" v="6.5483"/>
    <tag k="local_y" v="-3.7032"/>
    <tag k="ele" v="0"/>
  </node>
  <node id="748" lat="" lon="">
    <tag k="local_x" v="6.5475"/>
    <tag k="local_y" v="-3.4996"/>
    <tag k="ele" v="0"/>
  </node>
  <node id="749" lat="" lon="">
    <tag k="local_x" v="6.9319"/>
    <tag k="local_y" v="-5.1039"/>
    <tag k="ele" v="0"/>
  </node>
  <node id="751" lat="" lon="">
    <tag k="local_x" v="6.9204"/>
    <tag k="local_y" v="-4.8552"/>
    <tag k="ele" v="0"/>
  </node>
  <node id="752" lat="" lon="">
    <tag k="local_x" v="6.9324"/>
    <tag k="local_y" v="-4.5561"/>
    <tag k="ele" v="0"/>
  </node>
  <node id="753" lat="" lon="">
    <tag k="local_x" v="6.9401"/>
    <tag k="local_y" v="-4.2819"/>
    <tag k="ele" v="0"/>
  </node>
  <node id="754" lat="" lon="">
    <tag k="local_x" v="6.9278"/>
    <tag k="local_y" v="-4.0034"/>
    <tag k="ele" v="0"/>
  </node>
  <node id="755" lat="" lon="">
    <tag k="local_x" v="6.9176"/>
    <tag k="local_y" v="-3.6152"/>
    <tag k="ele" v="0"/>
  </node>
  <node id="756" lat="" lon="">
    <tag k="local_x" v="6.924"/>
    <tag k="local_y" v="-3.4805"/>
    <tag k="ele" v="0"/>
  </node>
  <node id="758" lat="" lon="">
    <tag k="local_x" v="6.5232"/>
    <tag k="local_y" v="-3.3915"/>
    <tag k="ele" v="0"/>
  </node>
  <node id="760" lat="" lon="">
    <tag k="local_x" v="6.4659"/>
    <tag k="local_y" v="-3.2934"/>
    <tag k="ele" v="0"/>
  </node>
  <node id="761" lat="" lon="">
    <tag k="local_x" v="6.3634"/>
    <tag k="local_y" v="-3.1865"/>
    <tag k="ele" v="0"/>
  </node>
  <node id="762" lat="" lon="">
    <tag k="local_x" v="6.2721"/>
    <tag k="local_y" v="-3.1241"/>
    <tag k="ele" v="0"/>
  </node>
  <node id="763" lat="" lon="">
    <tag k="local_x" v="6.1565"/>
    <tag k="local_y" v="-3.0824"/>
    <tag k="ele" v="0"/>
  </node>
  <node id="764" lat="" lon="">
    <tag k="local_x" v="6.9265"/>
    <tag k="local_y" v="-3.3858"/>
    <tag k="ele" v="0"/>
  </node>
  <node id="766" lat="" lon="">
    <tag k="local_x" v="6.9085"/>
    <tag k="local_y" v="-3.2717"/>
    <tag k="ele" v="0"/>
  </node>
  <node id="767" lat="" lon="">
    <tag k="local_x" v="6.8514"/>
    <tag k="local_y" v="-3.1836"/>
    <tag k="ele" v="0"/>
  </node>
  <node id="768" lat="" lon="">
    <tag k="local_x" v="6.7637"/>
    <tag k="local_y" v="-3.0664"/>
    <tag k="ele" v="0"/>
  </node>
  <node id="769" lat="" lon="">
    <tag k="local_x" v="6.656"/>
    <tag k="local_y" v="-2.9497"/>
    <tag k="ele" v="0"/>
  </node>
  <node id="770" lat="" lon="">
    <tag k="local_x" v="6.5387"/>
    <tag k="local_y" v="-2.8432"/>
    <tag k="ele" v="0"/>
  </node>
  <node id="771" lat="" lon="">
    <tag k="local_x" v="6.3772"/>
    <tag k="local_y" v="-2.7628"/>
    <tag k="ele" v="0"/>
  </node>
  <node id="772" lat="" lon="">
    <tag k="local_x" v="6.2268"/>
    <tag k="local_y" v="-2.7269"/>
    <tag k="ele" v="0"/>
  </node>
  <node id="773" lat="" lon="">
    <tag k="local_x" v="6.1567"/>
    <tag k="local_y" v="-2.7138"/>
    <tag k="ele" v="0"/>
  </node>
  <node id="775" lat="" lon="">
    <tag k="local_x" v="5.8429"/>
    <tag k="local_y" v="-2.7121"/>
    <tag k="ele" v="0"/>
  </node>
  <node id="777" lat="" lon="">
    <tag k="local_x" v="5.8326"/>
    <tag k="local_y" v="-3.0759"/>
    <tag k="ele" v="0"/>
  </node>
  <node id="780" lat="" lon="">
    <tag k="local_x" v="5.7117"/>
    <tag k="local_y" v="-2.6458"/>
    <tag k="ele" v="0"/>
  </node>
  <node id="782" lat="" lon="">
    <tag k="local_x" v="5.6246"/>
    <tag k="local_y" v="-2.5535"/>
    <tag k="ele" v="0"/>
  </node>
  <node id="783" lat="" lon="">
    <tag k="local_x" v="5.5463"/>
    <tag k="local_y" v="-2.4161"/>
    <tag k="ele" v="0"/>
  </node>
  <node id="784" lat="" lon="">
    <tag k="local_x" v="5.5072"/>
    <tag k="local_y" v="-2.2578"/>
    <tag k="ele" v="0"/>
  </node>
  <node id="785" lat="" lon="">
    <tag k="local_x" v="5.6833"/>
    <tag k="local_y" v="-3.0799"/>
    <tag k="ele" v="0"/>
  </node>
  <node id="787" lat="" lon="">
    <tag k="local_x" v="5.5184"/>
    <tag k="local_y" v="-3.0593"/>
    <tag k="ele" v="0"/>
  </node>
  <node id="788" lat="" lon="">
    <tag k="local_x" v="5.3578"/>
    <tag k="local_y" v="-3.0137"/>
    <tag k="ele" v="0"/>
  </node>
  <node id="789" lat="" lon="">
    <tag k="local_x" v="5.2191"/>
    <tag k="local_y" v="-2.853"/>
    <tag k="ele" v="0"/>
  </node>
  <node id="790" lat="" lon="">
    <tag k="local_x" v="5.1798"/>
    <tag k="local_y" v="-2.6847"/>
    <tag k="ele" v="0"/>
  </node>
  <node id="791" lat="" lon="">
    <tag k="local_x" v="5.127"/>
    <tag k="local_y" v="-2.3823"/>
    <tag k="ele" v="0"/>
  </node>
  <node id="793" lat="" lon="">
    <tag k="local_x" v="5.4932"/>
    <tag k="local_y" v="-1.9505"/>
    <tag k="ele" v="0"/>
  </node>
  <node id="795" lat="" lon="">
    <tag k="local_x" v="5.501"/>
    <tag k="local_y" v="-1.5871"/>
    <tag k="ele" v="0"/>
  </node>
  <node id="796" lat="" lon="">
    <tag k="local_x" v="5.494"/>
    <tag k="local_y" v="-1.2182"/>
    <tag k="ele" v="0"/>
  </node>
  <node id="797" lat="" lon="">
    <tag k="local_x" v="5.4975"/>
    <tag k="local_y" v="-0.8347"/>
    <tag k="ele" v="0"/>
  </node>
  <node id="798" lat="" lon="">
    <tag k="local_x" v="5.5041"/>
    <tag k="local_y" v="-0.5062"/>
    <tag k="ele" v="0"/>
  </node>
  <node id="799" lat="" lon="">
    <tag k="local_x" v="5.501"/>
    <tag k="local_y" v="-0.1673"/>
    <tag k="ele" v="0"/>
  </node>
  <node id="800" lat="" lon="">
    <tag k="local_x" v="5.6244"/>
    <tag k="local_y" v="0.0824"/>
    <tag k="ele" v="0"/>
  </node>
  <node id="802" lat="" lon="">
    <tag k="local_x" v="5.7712"/>
    <tag k="local_y" v="0.2915"/>
    <tag k="ele" v="0"/>
  </node>
  <node id="803" lat="" lon="">
    <tag k="local_x" v="5.9043"/>
    <tag k="local_y" v="0.5359"/>
    <tag k="ele" v="0"/>
  </node>
  <node id="804" lat="" lon="">
    <tag k="local_x" v="6.0117"/>
    <tag k="local_y" v="0.7563"/>
    <tag k="ele" v="0"/>
  </node>
  <node id="805" lat="" lon="">
    <tag k="local_x" v="6.0975"/>
    <tag k="local_y" v="1.0722"/>
    <tag k="ele" v="0"/>
  </node>
  <node id="806" lat="" lon="">
    <tag k="local_x" v="6.0797"/>
    <tag k="local_y" v="1.556"/>
    <tag k="ele" v="0"/>
  </node>
  <node id="807" lat="" lon="">
    <tag k="local_x" v="6.0805"/>
    <tag k="local_y" v="1.8649"/>
    <tag k="ele" v="0"/>
  </node>
  <node id="808" lat="" lon="">
    <tag k="local_x" v="6.0864"/>
    <tag k="local_y" v="2.1735"/>
    <tag k="ele" v="0"/>
  </node>
  <node id="809" lat="" lon="">
    <tag k="local_x" v="6.0617"/>
    <tag k="local_y" v="2.4633"/>
    <tag k="ele" v="0"/>
  </node>
  <node id="810" lat="" lon="">
    <tag k="local_x" v="6.0882"/>
    <tag k="local_y" v="2.6517"/>
    <tag k="ele" v="0"/>
  </node>
  <node id="813" lat="" lon="">
    <tag k="local_x" v="6.1186"/>
    <tag k="local_y" v="2.8629"/>
    <tag k="ele" v="0"/>
  </node>
  <node id="815" lat="" lon="">
    <tag k="local_x" v="6.2575"/>
    <tag k="local_y" v="3.0401"/>
    <tag k="ele" v="0"/>
  </node>
  <node id="816" lat="" lon="">
    <tag k="local_x" v="6.3842"/>
    <tag k="local_y" v="3.173"/>
    <tag k="ele" v="0"/>
  </node>
  <node id="817" lat="" lon="">
    <tag k="local_x" v="6.6003"/>
    <tag k="local_y" v="3.3012"/>
    <tag k="ele" v="0"/>
  </node>
  <node id="818" lat="" lon="">
    <tag k="local_x" v="5.7347"/>
    <tag k="local_y" v="2.8632"/>
    <tag k="ele" v="0"/>
  </node>
  <node id="820" lat="" lon="">
    <tag k="local_x" v="5.7865"/>
    <tag k="local_y" v="2.9951"/>
    <tag k="ele" v="0"/>
  </node>
  <node id="821" lat="" lon="">
    <tag k="local_x" v="5.8799"/>
    <tag k="local_y" v="3.1597"/>
    <tag k="ele" v="0"/>
  </node>
  <node id="822" lat="" lon="">
    <tag k="local_x" v="6.0082"/>
    <tag k="local_y" v="3.3224"/>
    <tag k="ele" v="0"/>
  </node>
  <node id="823" lat="" lon="">
    <tag k="local_x" v="6.1196"/>
    <tag k="local_y" v="3.4512"/>
    <tag k="ele" v="0"/>
  </node>
  <node id="824" lat="" lon="">
    <tag k="local_x" v="6.2055"/>
    <tag k="local_y" v="3.5663"/>
    <tag k="ele" v="0"/>
  </node>
  <node id="825" lat="" lon="">
    <tag k="local_x" v="6.3554"/>
    <tag k="local_y" v="3.6681"/>
    <tag k="ele" v="0"/>
  </node>
  <node id="826" lat="" lon="">
    <tag k="local_x" v="6.6158"/>
    <tag k="local_y" v="3.6893"/>
    <tag k="ele" v="0"/>
  </node>
  <node id="827" lat="" lon="">
    <tag k="local_x" v="6.7202"/>
    <tag k="local_y" v="3.6837"/>
    <tag k="ele" v="0"/>
  </node>
  <node id="829" lat="" lon="">
    <tag k="local_x" v="6.9991"/>
    <tag k="local_y" v="3.3045"/>
    <tag k="ele" v="0"/>
  </node>
  <node id="831" lat="" lon="">
    <tag k="local_x" v="7.527"/>
    <tag k="local_y" v="3.2989"/>
    <tag k="ele" v="0"/>
  </node>
  <node id="832" lat="" lon="">
    <tag k="local_x" v="8.2142"/>
    <tag k="local_y" v="3.296"/>
    <tag k="ele" v="0"/>
  </node>
  <node id="833" lat="" lon="">
    <tag k="local_x" v="8.9412"/>
    <tag k="local_y" v="3.3036"/>
    <tag k="ele" v="0"/>
  </node>
  <node id="834" lat="" lon="">
    <tag k="local_x" v="7.1917"/>
    <tag k="local_y" v="3.6764"/>
    <tag k="ele" v="0"/>
  </node>
  <node id="836" lat="" lon="">
    <tag k="local_x" v="7.6995"/>
    <tag k="local_y" v="3.6853"/>
    <tag k="ele" v="0"/>
  </node>
  <node id="837" lat="" lon="">
    <tag k="local_x" v="8.5209"/>
    <tag k="local_y" v="3.6997"/>
    <tag k="ele" v="0"/>
  </node>
  <node id="838" lat="" lon="">
    <tag k="local_x" v="8.9396"/>
    <tag k="local_y" v="3.6771"/>
    <tag k="ele" v="0"/>
  </node>
  <node id="840" lat="" lon="">
    <tag k="local_x" v="9.155"/>
    <tag k="local_y" v="3.3175"/>
    <tag k="ele" v="0"/>
  </node>
  <node id="842" lat="" lon="">
    <tag k="local_x" v="9.4077"/>
    <tag k="local_y" v="3.3866"/>
    <tag k="ele" v="0"/>
  </node>
  <node id="843" lat="" lon="">
    <tag k="local_x" v="9.5361"/>
    <tag k="local_y" v="3.4487"/>
    <tag k="ele" v="0"/>
  </node>
  <node id="844" lat="" lon="">
    <tag k="local_x" v="9.6838"/>
    <tag k="local_y" v="3.5459"/>
    <tag k="ele" v="0"/>
  </node>
  <node id="845" lat="" lon="">
    <tag k="local_x" v="9.8851"/>
    <tag k="local_y" v="3.7087"/>
    <tag k="ele" v="0"/>
  </node>
  <node id="846" lat="" lon="">
    <tag k="local_x" v="9.9722"/>
    <tag k="local_y" v="3.8547"/>
    <tag k="ele" v="0"/>
  </node>
  <node id="847" lat="" lon="">
    <tag k="local_x" v="10.0875"/>
    <tag k="local_y" v="4.0907"/>
    <tag k="ele" v="0"/>
  </node>
  <node id="848" lat="" lon="">
    <tag k="local_x" v="10.1283"/>
    <tag k="local_y" v="4.3205"/>
    <tag k="ele" v="0"/>
  </node>
  <node id="849" lat="" lon="">
    <tag k="local_x" v="10.1647"/>
    <tag k="local_y" v="4.5204"/>
    <tag k="ele" v="0"/>
  </node>
  <node id="850" lat="" lon="">
    <tag k="local_x" v="9.1483"/>
    <tag k="local_y" v="3.7007"/>
    <tag k="ele" v="0"/>
  </node>
  <node id="852" lat="" lon="">
    <tag k="local_x" v="9.3815"/>
    <tag k="local_y" v="3.7496"/>
    <tag k="ele" v="0"/>
  </node>
  <node id="853" lat="" lon="">
    <tag k="local_x" v="9.4994"/>
    <tag k="local_y" v="3.8364"/>
    <tag k="ele" v="0"/>
  </node>
  <node id="854" lat="" lon="">
    <tag k="local_x" v="9.6217"/>
    <tag k="local_y" v="3.963"/>
    <tag k="ele" v="0"/>
  </node>
  <node id="855" lat="" lon="">
    <tag k="local_x" v="9.6793"/>
    <tag k="local_y" v="4.0836"/>
    <tag k="ele" v="0"/>
  </node>
  <node id="856" lat="" lon="">
    <tag k="local_x" v="9.7115"/>
    <tag k="local_y" v="4.2385"/>
    <tag k="ele" v="0"/>
  </node>
  <node id="857" lat="" lon="">
    <tag k="local_x" v="9.7582"/>
    <tag k="local_y" v="4.4136"/>
    <tag k="ele" v="0"/>
  </node>
  <node id="858" lat="" lon="">
    <tag k="local_x" v="9.7859"/>
    <tag k="local_y" v="4.5386"/>
    <tag k="ele" v="0"/>
  </node>
  <node id="860" lat="" lon="">
    <tag k="local_x" v="10.159"/>
    <tag k="local_y" v="4.844"/>
    <tag k="ele" v="0"/>
  </node>
  <node id="862" lat="" lon="">
    <tag k="local_x" v="10.1493"/>
    <tag k="local_y" v="5.1077"/>
    <tag k="ele" v="0"/>
  </node>
  <node id="863" lat="" lon="">
    <tag k="local_x" v="10.1458"/>
    <tag k="local_y" v="5.3068"/>
    <tag k="ele" v="0"/>
  </node>
  <node id="864" lat="" lon="">
    <tag k="local_x" v="10.1465"/>
    <tag k="local_y" v="5.5509"/>
    <tag k="ele" v="0"/>
  </node>
  <node id="865" lat="" lon="">
    <tag k="local_x" v="10.1437"/>
    <tag k="local_y" v="5.7152"/>
    <tag k="ele" v="0"/>
  </node>
  <node id="866" lat="" lon="">
    <tag k="local_x" v="9.7802"/>
    <tag k="local_y" v="5.7136"/>
    <tag k="ele" v="0"/>
  </node>
  <node id="869" lat="" lon="">
    <tag k="local_x" v="10.0906"/>
    <tag k="local_y" v="5.9084"/>
    <tag k="ele" v="0"/>
  </node>
  <node id="871" lat="" lon="">
    <tag k="local_x" v="9.9931"/>
    <tag k="local_y" v="6.071"/>
    <tag k="ele" v="0"/>
  </node>
  <node id="872" lat="" lon="">
    <tag k="local_x" v="9.8604"/>
    <tag k="local_y" v="6.2529"/>
    <tag k="ele" v="0"/>
  </node>
  <node id="873" lat="" lon="">
    <tag k="local_x" v="9.7181"/>
    <tag k="local_y" v="6.4197"/>
    <tag k="ele" v="0"/>
  </node>
  <node id="874" lat="" lon="">
    <tag k="local_x" v="9.5519"/>
    <tag k="local_y" v="6.5264"/>
    <tag k="ele" v="0"/>
  </node>
  <node id="875" lat="" lon="">
    <tag k="local_x" v="9.3409"/>
    <tag k="local_y" v="6.6322"/>
    <tag k="ele" v="0"/>
  </node>
  <node id="876" lat="" lon="">
    <tag k="local_x" v="9.0761"/>
    <tag k="local_y" v="6.6823"/>
    <tag k="ele" v="0"/>
  </node>
  <node id="877" lat="" lon="">
    <tag k="local_x" v="9.7278"/>
    <tag k="local_y" v="5.8621"/>
    <tag k="ele" v="0"/>
  </node>
  <node id="879" lat="" lon="">
    <tag k="local_x" v="9.6159"/>
    <tag k="local_y" v="5.9946"/>
    <tag k="ele" v="0"/>
  </node>
  <node id="880" lat="" lon="">
    <tag k="local_x" v="9.5041"/>
    <tag k="local_y" v="6.1221"/>
    <tag k="ele" v="0"/>
  </node>
  <node id="881" lat="" lon="">
    <tag k="local_x" v="9.378"/>
    <tag k="local_y" v="6.2145"/>
    <tag k="ele" v="0"/>
  </node>
  <node id="882" lat="" lon="">
    <tag k="local_x" v="9.2275"/>
    <tag k="local_y" v="6.2766"/>
    <tag k="ele" v="0"/>
  </node>
  <node id="883" lat="" lon="">
    <tag k="local_x" v="9.0427"/>
    <tag k="local_y" v="6.3132"/>
    <tag k="ele" v="0"/>
  </node>
  <node id="885" lat="" lon="">
    <tag k="local_x" v="6.3921"/>
    <tag k="local_y" v="6.68"/>
    <tag k="ele" v="0"/>
  </node>
  <node id="887" lat="" lon="">
    <tag k="local_x" v="6.533"/>
    <tag k="local_y" v="6.3139"/>
    <tag k="ele" v="0"/>
  </node>
  <node id="890" lat="" lon="">
    <tag k="local_x" v="6.1938"/>
    <tag k="local_y" v="6.6317"/>
    <tag k="ele" v="0"/>
  </node>
  <node id="892" lat="" lon="">
    <tag k="local_x" v="6.0207"/>
    <tag k="local_y" v="6.5639"/>
    <tag k="ele" v="0"/>
  </node>
  <node id="893" lat="" lon="">
    <tag k="local_x" v="5.8976"/>
    <tag k="local_y" v="6.4821"/>
    <tag k="ele" v="0"/>
  </node>
  <node id="894" lat="" lon="">
    <tag k="local_x" v="5.7845"/>
    <tag k="local_y" v="6.4004"/>
    <tag k="ele" v="0"/>
  </node>
  <node id="895" lat="" lon="">
    <tag k="local_x" v="5.6229"/>
    <tag k="local_y" v="6.2482"/>
    <tag k="ele" v="0"/>
  </node>
  <node id="896" lat="" lon="">
    <tag k="local_x" v="5.5164"/>
    <tag k="local_y" v="6.072"/>
    <tag k="ele" v="0"/>
  </node>
  <node id="897" lat="" lon="">
    <tag k="local_x" v="5.4437"/>
    <tag k="local_y" v="5.9562"/>
    <tag k="ele" v="0"/>
  </node>
  <node id="898" lat="" lon="">
    <tag k="local_x" v="5.3964"/>
    <tag k="local_y" v="5.816"/>
    <tag k="ele" v="0"/>
  </node>
  <node id="899" lat="" lon="">
    <tag k="local_x" v="5.3588"/>
    <tag k="local_y" v="5.6908"/>
    <tag k="ele" v="0"/>
  </node>
  <node id="900" lat="" lon="">
    <tag k="local_x" v="5.352"/>
    <tag k="local_y" v="5.5114"/>
    <tag k="ele" v="0"/>
  </node>
  <node id="901" lat="" lon="">
    <tag k="local_x" v="6.3842"/>
    <tag k="local_y" v="6.2765"/>
    <tag k="ele" v="0"/>
  </node>
  <node id="903" lat="" lon="">
    <tag k="local_x" v="6.2014"/>
    <tag k="local_y" v="6.1986"/>
    <tag k="ele" v="0"/>
  </node>
  <node id="904" lat="" lon="">
    <tag k="local_x" v="6.0488"/>
    <tag k="local_y" v="6.0963"/>
    <tag k="ele" v="0"/>
  </node>
  <node id="905" lat="" lon="">
    <tag k="local_x" v="5.9119"/>
    <tag k="local_y" v="5.9545"/>
    <tag k="ele" v="0"/>
  </node>
  <node id="906" lat="" lon="">
    <tag k="local_x" v="5.8155"/>
    <tag k="local_y" v="5.7685"/>
    <tag k="ele" v="0"/>
  </node>
  <node id="907" lat="" lon="">
    <tag k="local_x" v="5.7636"/>
    <tag k="local_y" v="5.6083"/>
    <tag k="ele" v="0"/>
  </node>
  <node id="908" lat="" lon="">
    <tag k="local_x" v="5.7561"/>
    <tag k="local_y" v="5.4637"/>
    <tag k="ele" v="0"/>
  </node>
  <node id="910" lat="" lon="">
    <tag k="local_x" v="5.7598"/>
    <tag k="local_y" v="4.6819"/>
    <tag k="ele" v="0"/>
  </node>
  <node id="912" lat="" lon="">
    <tag k="local_x" v="5.3368"/>
    <tag k="local_y" v="4.6747"/>
    <tag k="ele" v="0"/>
  </node>
  <node id="915" lat="" lon="">
    <tag k="local_x" v="5.3301"/>
    <tag k="local_y" v="4.4853"/>
    <tag k="ele" v="0"/>
  </node>
  <node id="917" lat="" lon="">
    <tag k="local_x" v="5.2625"/>
    <tag k="local_y" v="4.3695"/>
    <tag k="ele" v="0"/>
  </node>
  <node id="918" lat="" lon="">
    <tag k="local_x" v="5.1652"/>
    <tag k="local_y" v="4.2384"/>
    <tag k="ele" v="0"/>
  </node>
  <node id="919" lat="" lon="">
    <tag k="local_x" v="5.0074"/>
    <tag k="local_y" v="4.1509"/>
    <tag k="ele" v="0"/>
  </node>
  <node id="920" lat="" lon="">
    <tag k="local_x" v="4.8697"/>
    <tag k="local_y" v="4.0489"/>
    <tag k="ele" v="0"/>
  </node>
  <node id="921" lat="" lon="">
    <tag k="local_x" v="4.7452"/>
    <tag k="local_y" v="4.0517"/>
    <tag k="ele" v="0"/>
  </node>
  <node id="922" lat="" lon="">
    <tag k="local_x" v="5.7686"/>
    <tag k="local_y" v="4.4679"/>
    <tag k="ele" v="0"/>
  </node>
  <node id="924" lat="" lon="">
    <tag k="local_x" v="5.7409"/>
    <tag k="local_y" v="4.343"/>
    <tag k="ele" v="0"/>
  </node>
  <node id="925" lat="" lon="">
    <tag k="local_x" v="5.6932"/>
    <tag k="local_y" v="4.2277"/>
    <tag k="ele" v="0"/>
  </node>
  <node id="926" lat="" lon="">
    <tag k="local_x" v="5.5849"/>
    <tag k="local_y" v="4.1561"/>
    <tag k="ele" v="0"/>
  </node>
  <node id="927" lat="" lon="">
    <tag k="local_x" v="5.4916"/>
    <tag k="local_y" v="4.0798"/>
    <tag k="ele" v="0"/>
  </node>
  <node id="928" lat="" lon="">
    <tag k="local_x" v="5.3791"/>
    <tag k="local_y" v="3.9683"/>
    <tag k="ele" v="0"/>
  </node>
  <node id="929" lat="" lon="">
    <tag k="local_x" v="5.2374"/>
    <tag k="local_y" v="3.8114"/>
    <tag k="ele" v="0"/>
  </node>
  <node id="930" lat="" lon="">
    <tag k="local_x" v="5.1491"/>
    <tag k="local_y" v="3.7352"/>
    <tag k="ele" v="0"/>
  </node>
  <node id="931" lat="" lon="">
    <tag k="local_x" v="5.0501"/>
    <tag k="local_y" v="3.7035"/>
    <tag k="ele" v="0"/>
  </node>
  <node id="932" lat="" lon="">
    <tag k="local_x" v="4.6869"/>
    <tag k="local_y" v="3.6872"/>
    <tag k="ele" v="0"/>
  </node>
  <node id="950" lat="" lon="">
    <tag k="local_x" v="4.432"/>
    <tag k="local_y" v="4.0468"/>
    <tag k="ele" v="0"/>
  </node>
  <node id="952" lat="" lon="">
    <tag k="local_x" v="4.1127"/>
    <tag k="local_y" v="4.0605"/>
    <tag k="ele" v="0"/>
  </node>
  <node id="953" lat="" lon="">
    <tag k="local_x" v="3.9286"/>
    <tag k="local_y" v="4.054"/>
    <tag k="ele" v="0"/>
  </node>
  <node id="955" lat="" lon="">
    <tag k="local_x" v="3.2255"/>
    <tag k="local_y" v="4.0742"/>
    <tag k="ele" v="0"/>
  </node>
  <node id="957" lat="" lon="">
    <tag k="local_x" v="2.6773"/>
    <tag k="local_y" v="4.0798"/>
    <tag k="ele" v="0"/>
  </node>
  <node id="958" lat="" lon="">
    <tag k="local_x" v="2.2088"/>
    <tag k="local_y" v="4.0833"/>
    <tag k="ele" v="0"/>
  </node>
  <node id="959" lat="" lon="">
    <tag k="local_x" v="1.7204"/>
    <tag k="local_y" v="4.0911"/>
    <tag k="ele" v="0"/>
  </node>
  <node id="960" lat="" lon="">
    <tag k="local_x" v="1.309"/>
    <tag k="local_y" v="4.1713"/>
    <tag k="ele" v="0"/>
  </node>
  <node id="961" lat="" lon="">
    <tag k="local_x" v="0.9356"/>
    <tag k="local_y" v="4.3076"/>
    <tag k="ele" v="0"/>
  </node>
  <node id="962" lat="" lon="">
    <tag k="local_x" v="0.4941"/>
    <tag k="local_y" v="4.5362"/>
    <tag k="ele" v="0"/>
  </node>
  <node id="963" lat="" lon="">
    <tag k="local_x" v="0.0626"/>
    <tag k="local_y" v="4.7652"/>
    <tag k="ele" v="0"/>
  </node>
  <node id="964" lat="" lon="">
    <tag k="local_x" v="-0.1976"/>
    <tag k="local_y" v="4.9404"/>
    <tag k="ele" v="0"/>
  </node>
  <node id="965" lat="" lon="">
    <tag k="local_x" v="-0.5772"/>
    <tag k="local_y" v="5.1114"/>
    <tag k="ele" v="0"/>
  </node>
  <node id="966" lat="" lon="">
    <tag k="local_x" v="-1.037"/>
    <tag k="local_y" v="5.2945"/>
    <tag k="ele" v="0"/>
  </node>
  <node id="967" lat="" lon="">
    <tag k="local_x" v="-1.4856"/>
    <tag k="local_y" v="5.4431"/>
    <tag k="ele" v="0"/>
  </node>
  <node id="968" lat="" lon="">
    <tag k="local_x" v="-1.925"/>
    <tag k="local_y" v="5.4725"/>
    <tag k="ele" v="0"/>
  </node>
  <node id="973" lat="" lon="">
    <tag k="local_x" v="-2.3384"/>
    <tag k="local_y" v="5.468"/>
    <tag k="ele" v="0"/>
  </node>
  <node id="975" lat="" lon="">
    <tag k="local_x" v="-2.8475"/>
    <tag k="local_y" v="5.4949"/>
    <tag k="ele" v="0"/>
  </node>
  <node id="976" lat="" lon="">
    <tag k="local_x" v="-3.2656"/>
    <tag k="local_y" v="5.4852"/>
    <tag k="ele" v="0"/>
  </node>
  <node id="977" lat="" lon="">
    <tag k="local_x" v="-3.9366"/>
    <tag k="local_y" v="5.4418"/>
    <tag k="ele" v="0"/>
  </node>
  <node id="979" lat="" lon="">
    <tag k="local_x" v="-9.0526"/>
    <tag k="local_y" v="5.4315"/>
    <tag k="ele" v="0"/>
  </node>
  <node id="982" lat="" lon="">
    <tag k="local_x" v="-9.3"/>
    <tag k="local_y" v="5.3829"/>
    <tag k="ele" v="0"/>
  </node>
  <node id="984" lat="" lon="">
    <tag k="local_x" v="-9.5207"/>
    <tag k="local_y" v="5.2855"/>
    <tag k="ele" v="0"/>
  </node>
  <node id="985" lat="" lon="">
    <tag k="local_x" v="-9.7787"/>
    <tag k="local_y" v="5.1121"/>
    <tag k="ele" v="0"/>
  </node>
  <node id="986" lat="" lon="">
    <tag k="local_x" v="-9.9403"/>
    <tag k="local_y" v="4.8922"/>
    <tag k="ele" v="0"/>
  </node>
  <node id="987" lat="" lon="">
    <tag k="local_x" v="-10.0629"/>
    <tag k="local_y" v="4.6936"/>
    <tag k="ele" v="0"/>
  </node>
  <node id="988" lat="" lon="">
    <tag k="local_x" v="-10.1268"/>
    <tag k="local_y" v="4.5269"/>
    <tag k="ele" v="0"/>
  </node>
  <node id="989" lat="" lon="">
    <tag k="local_x" v="-10.158"/>
    <tag k="local_y" v="4.2817"/>
    <tag k="ele" v="0"/>
  </node>
  <node id="991" lat="" lon="">
    <tag k="local_x" v="-10.1792"/>
    <tag k="local_y" v="3.6084"/>
    <tag k="ele" v="0"/>
  </node>
  <node id="994" lat="" lon="">
    <tag k="local_x" v="-10.1747"/>
    <tag k="local_y" v="2.2037"/>
    <tag k="ele" v="0"/>
  </node>
  <node id="997" lat="" lon="">
    <tag k="local_x" v="-10.18"/>
    <tag k="local_y" v="0.5097"/>
    <tag k="ele" v="0"/>
  </node>
  <way id="3">
    <nd ref="1"/>
    <nd ref="2"/>
    <tag k="type" v="line_thin"/>
    <tag k="subtype" v="solid"/>
  </way>
  <way id="6">
    <nd ref="4"/>
    <nd ref="5"/>
    <nd ref="7"/>
    <nd ref="8"/>
    <tag k="type" v="line_thin"/>
    <tag k="subtype" v="solid"/>
  </way>
  <way id="12">
    <nd ref="10"/>
    <nd ref="11"/>
    <nd ref="13"/>
    <nd ref="14"/>
    <nd ref="15"/>
    <tag k="type" v="line_thin"/>
    <tag k="subtype" v="solid"/>
  </way>
  <way id="18">
    <nd ref="16"/>
    <nd ref="17"/>
    <nd ref="19"/>
    <nd ref="20"/>
    <nd ref="21"/>
    <tag k="type" v="line_thin"/>
    <tag k="subtype" v="solid"/>
  </way>
  <way id="25">
    <nd ref="23"/>
    <nd ref="24"/>
    <nd ref="26"/>
    <nd ref="27"/>
    <tag k="type" v="line_thin"/>
    <tag k="subtype" v="solid"/>
  </way>
  <way id="30">
    <nd ref="28"/>
    <nd ref="29"/>
    <nd ref="31"/>
    <nd ref="32"/>
    <tag k="type" v="line_thin"/>
    <tag k="subtype" v="solid"/>
  </way>
  <way id="36">
    <nd ref="34"/>
    <nd ref="35"/>
    <nd ref="37"/>
    <nd ref="38"/>
    <tag k="type" v="line_thin"/>
    <tag k="subtype" v="solid"/>
  </way>
  <way id="42">
    <nd ref="40"/>
    <nd ref="41"/>
    <nd ref="43"/>
    <nd ref="44"/>
    <nd ref="45"/>
    <tag k="type" v="line_thin"/>
    <tag k="subtype" v="solid"/>
  </way>
  <way id="49">
    <nd ref="47"/>
    <nd ref="48"/>
    <nd ref="50"/>
    <nd ref="51"/>
    <tag k="type" v="line_thin"/>
    <tag k="subtype" v="solid"/>
  </way>
  <way id="55">
    <nd ref="53"/>
    <nd ref="54"/>
    <nd ref="56"/>
    <nd ref="57"/>
    <tag k="type" v="line_thin"/>
    <tag k="subtype" v="solid"/>
  </way>
  <way id="60">
    <nd ref="58"/>
    <nd ref="59"/>
    <nd ref="61"/>
    <nd ref="62"/>
    <nd ref="63"/>
    <nd ref="64"/>
    <nd ref="65"/>
    <nd ref="66"/>
    <nd ref="67"/>
    <tag k="type" v="line_thin"/>
    <tag k="subtype" v="solid"/>
  </way>
  <way id="71">
    <nd ref="69"/>
    <nd ref="70"/>
    <nd ref="72"/>
    <nd ref="73"/>
    <tag k="type" v="line_thin"/>
    <tag k="subtype" v="solid"/>
  </way>
  <way id="76">
    <nd ref="74"/>
    <nd ref="75"/>
    <nd ref="77"/>
    <nd ref="78"/>
    <nd ref="79"/>
    <nd ref="80"/>
    <nd ref="81"/>
    <nd ref="82"/>
    <tag k="type" v="line_thin"/>
    <tag k="subtype" v="solid"/>
  </way>
  <way id="87">
    <nd ref="85"/>
    <nd ref="86"/>
    <nd ref="88"/>
    <nd ref="89"/>
    <nd ref="90"/>
    <nd ref="91"/>
    <nd ref="92"/>
    <nd ref="93"/>
    <nd ref="94"/>
    <nd ref="95"/>
    <tag k="type" v="line_thin"/>
    <tag k="subtype" v="solid"/>
  </way>
  <way id="137">
    <nd ref="32"/>
    <nd ref="136"/>
    <nd ref="138"/>
    <nd ref="139"/>
    <nd ref="140"/>
    <nd ref="141"/>
    <nd ref="142"/>
    <tag k="type" v="line_thin"/>
    <tag k="subtype" v="solid"/>
  </way>
  <way id="145">
    <nd ref="143"/>
    <nd ref="144"/>
    <nd ref="146"/>
    <nd ref="147"/>
    <nd ref="148"/>
    <tag k="type" v="line_thin"/>
    <tag k="subtype" v="solid"/>
  </way>
  <way id="152">
    <nd ref="150"/>
    <nd ref="151"/>
    <nd ref="153"/>
    <nd ref="154"/>
    <nd ref="155"/>
    <nd ref="156"/>
    <tag k="type" v="line_thin"/>
    <tag k="subtype" v="solid"/>
  </way>
  <way id="159">
    <nd ref="157"/>
    <nd ref="158"/>
    <nd ref="160"/>
    <nd ref="161"/>
    <nd ref="162"/>
    <nd ref="163"/>
    <nd ref="164"/>
    <tag k="type" v="line_thin"/>
    <tag k="subtype" v="solid"/>
  </way>
  <way id="169">
    <nd ref="167"/>
    <nd ref="168"/>
    <nd ref="170"/>
    <nd ref="171"/>
    <nd ref="172"/>
    <nd ref="173"/>
    <nd ref="174"/>
    <nd ref="175"/>
    <nd ref="176"/>
    <tag k="type" v="line_thin"/>
    <tag k="subtype" v="solid"/>
  </way>
  <way id="179">
    <nd ref="177"/>
    <nd ref="178"/>
    <nd ref="180"/>
    <nd ref="181"/>
    <nd ref="182"/>
    <nd ref="183"/>
    <nd ref="184"/>
    <nd ref="185"/>
    <tag k="type" v="line_thin"/>
    <tag k="subtype" v="solid"/>
  </way>
  <way id="190">
    <nd ref="188"/>
    <nd ref="189"/>
    <nd ref="191"/>
    <nd ref="192"/>
    <nd ref="193"/>
    <nd ref="194"/>
    <tag k="type" v="line_thin"/>
    <tag k="subtype" v="solid"/>
  </way>
  <way id="197">
    <nd ref="195"/>
    <nd ref="196"/>
    <nd ref="198"/>
    <nd ref="199"/>
    <nd ref="200"/>
    <nd ref="201"/>
    <nd ref="202"/>
    <tag k="type" v="line_thin"/>
    <tag k="subtype" v="solid"/>
  </way>
  <way id="206">
    <nd ref="204"/>
    <nd ref="205"/>
    <nd ref="207"/>
    <nd ref="208"/>
    <nd ref="209"/>
    <tag k="type" v="line_thin"/>
    <tag k="subtype" v="solid"/>
  </way>
  <way id="212">
    <nd ref="210"/>
    <nd ref="211"/>
    <nd ref="213"/>
    <nd ref="214"/>
    <nd ref="215"/>
    <nd ref="216"/>
    <tag k="type" v="line_thin"/>
    <tag k="subtype" v="solid"/>
  </way>
  <way id="219">
    <nd ref="209"/>
    <nd ref="218"/>
    <nd ref="220"/>
    <nd ref="221"/>
    <nd ref="222"/>
    <nd ref="223"/>
    <nd ref="224"/>
    <tag k="type" v="line_thin"/>
    <tag k="subtype" v="solid"/>
  </way>
  <way id="226">
    <nd ref="216"/>
    <nd ref="225"/>
    <nd ref="227"/>
    <nd ref="228"/>
    <nd ref="229"/>
    <nd ref="230"/>
    <tag k="type" v="line_thin"/>
    <tag k="subtype" v="solid"/>
  </way>
  <way id="233">
    <nd ref="224"/>
    <nd ref="232"/>
    <nd ref="234"/>
    <nd ref="235"/>
    <nd ref="236"/>
    <nd ref="237"/>
    <nd ref="238"/>
    <nd ref="239"/>
    <nd ref="240"/>
    <nd ref="241"/>
    <nd ref="242"/>
    <nd ref="243"/>
    <tag k="type" v="line_thin"/>
    <tag k="subtype" v="solid"/>
  </way>
  <way id="245">
    <nd ref="230"/>
    <nd ref="244"/>
    <nd ref="246"/>
    <nd ref="247"/>
    <nd ref="248"/>
    <nd ref="249"/>
    <nd ref="250"/>
    <nd ref="251"/>
    <nd ref="252"/>
    <nd ref="253"/>
    <nd ref="254"/>
    <tag k="type" v="line_thin"/>
    <tag k="subtype" v="solid"/>
  </way>
  <way id="268">
    <nd ref="243"/>
    <nd ref="267"/>
    <nd ref="269"/>
    <nd ref="270"/>
    <nd ref="271"/>
    <nd ref="272"/>
    <tag k="type" v="line_thin"/>
    <tag k="subtype" v="solid"/>
  </way>
  <way id="274">
    <nd ref="254"/>
    <nd ref="273"/>
    <nd ref="275"/>
    <nd ref="276"/>
    <nd ref="277"/>
    <nd ref="278"/>
    <nd ref="279"/>
    <tag k="type" v="line_thin"/>
    <tag k="subtype" v="solid"/>
  </way>
  <way id="282">
    <nd ref="272"/>
    <nd ref="281"/>
    <nd ref="283"/>
    <nd ref="284"/>
    <nd ref="285"/>
    <nd ref="286"/>
    <nd ref="287"/>
    <nd ref="288"/>
    <nd ref="289"/>
    <nd ref="290"/>
    <nd ref="291"/>
    <nd ref="292"/>
    <nd ref="293"/>
    <nd ref="294"/>
    <nd ref="295"/>
    <nd ref="296"/>
    <tag k="type" v="line_thin"/>
    <tag k="subtype" v="solid"/>
  </way>
  <way id="298">
    <nd ref="279"/>
    <nd ref="297"/>
    <nd ref="299"/>
    <nd ref="300"/>
    <nd ref="301"/>
    <nd ref="302"/>
    <nd ref="303"/>
    <nd ref="304"/>
    <nd ref="305"/>
    <nd ref="306"/>
    <nd ref="307"/>
    <nd ref="308"/>
    <nd ref="309"/>
    <nd ref="310"/>
    <nd ref="311"/>
    <nd ref="312"/>
    <nd ref="313"/>
    <nd ref="314"/>
    <nd ref="315"/>
    <nd ref="316"/>
    <tag k="type" v="line_thin"/>
    <tag k="subtype" v="solid"/>
  </way>
  <way id="319">
    <nd ref="296"/>
    <nd ref="318"/>
    <nd ref="320"/>
    <nd ref="321"/>
    <tag k="type" v="line_thin"/>
    <tag k="subtype" v="solid"/>
  </way>
  <way id="323">
    <nd ref="316"/>
    <nd ref="322"/>
    <nd ref="324"/>
    <nd ref="325"/>
    <tag k="type" v="line_thin"/>
    <tag k="subtype" v="solid"/>
  </way>
  <way id="328">
    <nd ref="325"/>
    <nd ref="327"/>
    <nd ref="329"/>
    <nd ref="330"/>
    <nd ref="331"/>
    <nd ref="332"/>
    <tag k="type" v="line_thin"/>
    <tag k="subtype" v="solid"/>
  </way>
  <way id="334">
    <nd ref="321"/>
    <nd ref="333"/>
    <nd ref="335"/>
    <nd ref="336"/>
    <nd ref="337"/>
    <nd ref="338"/>
    <nd ref="339"/>
    <nd ref="340"/>
    <nd ref="341"/>
    <nd ref="342"/>
    <tag k="type" v="line_thin"/>
    <tag k="subtype" v="solid"/>
  </way>
  <way id="345">
    <nd ref="332"/>
    <nd ref="344"/>
    <nd ref="346"/>
    <nd ref="347"/>
    <nd ref="348"/>
    <nd ref="349"/>
    <nd ref="350"/>
    <nd ref="351"/>
    <nd ref="352"/>
    <nd ref="353"/>
    <nd ref="354"/>
    <nd ref="355"/>
    <nd ref="356"/>
    <nd ref="357"/>
    <nd ref="358"/>
    <nd ref="359"/>
    <nd ref="360"/>
    <nd ref="361"/>
    <nd ref="362"/>
    <nd ref="363"/>
    <nd ref="364"/>
    <tag k="type" v="line_thin"/>
    <tag k="subtype" v="solid"/>
  </way>
  <way id="366">
    <nd ref="342"/>
    <nd ref="365"/>
    <nd ref="367"/>
    <nd ref="368"/>
    <nd ref="369"/>
    <nd ref="370"/>
    <nd ref="371"/>
    <nd ref="372"/>
    <nd ref="373"/>
    <nd ref="374"/>
    <nd ref="375"/>
    <nd ref="376"/>
    <nd ref="377"/>
    <nd ref="378"/>
    <nd ref="379"/>
    <nd ref="380"/>
    <nd ref="381"/>
    <nd ref="382"/>
    <nd ref="383"/>
    <nd ref="384"/>
    <nd ref="385"/>
    <tag k="type" v="line_thin"/>
    <tag k="subtype" v="solid"/>
  </way>
  <way id="388">
    <nd ref="364"/>
    <nd ref="387"/>
    <nd ref="389"/>
    <nd ref="390"/>
    <nd ref="391"/>
    <nd ref="392"/>
    <nd ref="393"/>
    <tag k="type" v="line_thin"/>
    <tag k="subtype" v="solid"/>
  </way>
  <way id="395">
    <nd ref="385"/>
    <nd ref="394"/>
    <nd ref="396"/>
    <nd ref="397"/>
    <nd ref="398"/>
    <nd ref="399"/>
    <nd ref="400"/>
    <nd ref="401"/>
    <nd ref="402"/>
    <nd ref="403"/>
    <nd ref="404"/>
    <tag k="type" v="line_thin"/>
    <tag k="subtype" v="solid"/>
  </way>
  <way id="407">
    <nd ref="393"/>
    <nd ref="406"/>
    <nd ref="408"/>
    <nd ref="409"/>
    <nd ref="410"/>
    <nd ref="411"/>
    <nd ref="412"/>
    <nd ref="413"/>
    <nd ref="414"/>
    <nd ref="415"/>
    <nd ref="416"/>
    <nd ref="417"/>
    <nd ref="418"/>
    <nd ref="419"/>
    <nd ref="420"/>
    <nd ref="421"/>
    <nd ref="422"/>
    <nd ref="423"/>
    <nd ref="424"/>
    <tag k="type" v="line_thin"/>
    <tag k="subtype" v="solid"/>
  </way>
  <way id="426">
    <nd ref="404"/>
    <nd ref="425"/>
    <nd ref="427"/>
    <nd ref="428"/>
    <nd ref="429"/>
    <nd ref="430"/>
    <nd ref="431"/>
    <nd ref="432"/>
    <nd ref="433"/>
    <nd ref="434"/>
    <nd ref="435"/>
    <nd ref="436"/>
    <nd ref="437"/>
    <nd ref="438"/>
    <nd ref="439"/>
    <nd ref="440"/>
    <nd ref="441"/>
    <nd ref="442"/>
    <tag k="type" v="line_thin"/>
    <tag k="subtype" v="solid"/>
  </way>
  <way id="445">
    <nd ref="424"/>
    <nd ref="444"/>
    <nd ref="446"/>
    <nd ref="447"/>
    <nd ref="448"/>
    <tag k="type" v="line_thin"/>
    <tag k="subtype" v="solid"/>
  </way>
  <way id="450">
    <nd ref="442"/>
    <nd ref="449"/>
    <nd ref="451"/>
    <nd ref="452"/>
    <nd ref="453"/>
    <nd ref="454"/>
    <nd ref="455"/>
    <nd ref="456"/>
    <nd ref="457"/>
    <tag k="type" v="line_thin"/>
    <tag k="subtype" v="solid"/>
  </way>
  <way id="460">
    <nd ref="448"/>
    <nd ref="459"/>
    <nd ref="461"/>
    <nd ref="462"/>
    <nd ref="463"/>
    <nd ref="464"/>
    <nd ref="465"/>
    <nd ref="466"/>
    <nd ref="467"/>
    <tag k="type" v="line_thin"/>
    <tag k="subtype" v="solid"/>
  </way>
  <way id="469">
    <nd ref="457"/>
    <nd ref="468"/>
    <nd ref="470"/>
    <nd ref="471"/>
    <nd ref="472"/>
    <nd ref="473"/>
    <nd ref="474"/>
    <nd ref="475"/>
    <nd ref="476"/>
    <nd ref="477"/>
    <tag k="type" v="line_thin"/>
    <tag k="subtype" v="solid"/>
  </way>
  <way id="480">
    <nd ref="467"/>
    <nd ref="479"/>
    <nd ref="481"/>
    <nd ref="482"/>
    <nd ref="483"/>
    <nd ref="484"/>
    <nd ref="485"/>
    <nd ref="486"/>
    <nd ref="487"/>
    <tag k="type" v="line_thin"/>
    <tag k="subtype" v="solid"/>
  </way>
  <way id="489">
    <nd ref="477"/>
    <nd ref="488"/>
    <nd ref="490"/>
    <nd ref="491"/>
    <nd ref="492"/>
    <nd ref="493"/>
    <nd ref="494"/>
    <tag k="type" v="line_thin"/>
    <tag k="subtype" v="solid"/>
  </way>
  <way id="497">
    <nd ref="494"/>
    <nd ref="496"/>
    <nd ref="498"/>
    <nd ref="499"/>
    <nd ref="500"/>
    <tag k="type" v="line_thin"/>
    <tag k="subtype" v="solid"/>
  </way>
  <way id="502">
    <nd ref="487"/>
    <nd ref="501"/>
    <nd ref="503"/>
    <nd ref="504"/>
    <nd ref="505"/>
    <tag k="type" v="line_thin"/>
    <tag k="subtype" v="solid"/>
  </way>
  <way id="508">
    <nd ref="500"/>
    <nd ref="507"/>
    <nd ref="509"/>
    <nd ref="510"/>
    <nd ref="511"/>
    <nd ref="512"/>
    <nd ref="513"/>
    <tag k="type" v="line_thin"/>
    <tag k="subtype" v="solid"/>
  </way>
  <way id="515">
    <nd ref="505"/>
    <nd ref="514"/>
    <nd ref="516"/>
    <nd ref="517"/>
    <nd ref="518"/>
    <nd ref="519"/>
    <nd ref="520"/>
    <tag k="type" v="line_thin"/>
    <tag k="subtype" v="solid"/>
  </way>
  <way id="523">
    <nd ref="156"/>
    <nd ref="522"/>
    <nd ref="524"/>
    <nd ref="525"/>
    <nd ref="526"/>
    <tag k="type" v="line_thin"/>
    <tag k="subtype" v="solid"/>
  </way>
  <way id="528">
    <nd ref="164"/>
    <nd ref="527"/>
    <nd ref="529"/>
    <nd ref="530"/>
    <nd ref="531"/>
    <tag k="type" v="line_thin"/>
    <tag k="subtype" v="solid"/>
  </way>
  <way id="534">
    <nd ref="526"/>
    <nd ref="533"/>
    <nd ref="535"/>
    <nd ref="536"/>
    <nd ref="537"/>
    <tag k="type" v="line_thin"/>
    <tag k="subtype" v="solid"/>
  </way>
  <way id="539">
    <nd ref="531"/>
    <nd ref="538"/>
    <nd ref="540"/>
    <nd ref="541"/>
    <nd ref="542"/>
    <tag k="type" v="line_thin"/>
    <tag k="subtype" v="solid"/>
  </way>
  <way id="545">
    <nd ref="537"/>
    <nd ref="544"/>
    <nd ref="546"/>
    <nd ref="547"/>
    <nd ref="548"/>
    <tag k="type" v="line_thin"/>
    <tag k="subtype" v="solid"/>
  </way>
  <way id="550">
    <nd ref="542"/>
    <nd ref="549"/>
    <nd ref="551"/>
    <nd ref="552"/>
    <nd ref="553"/>
    <nd ref="554"/>
    <tag k="type" v="line_thin"/>
    <tag k="subtype" v="solid"/>
  </way>
  <way id="557">
    <nd ref="548"/>
    <nd ref="556"/>
    <nd ref="558"/>
    <nd ref="559"/>
    <nd ref="560"/>
    <nd ref="561"/>
    <nd ref="562"/>
    <nd ref="563"/>
    <nd ref="564"/>
    <nd ref="565"/>
    <tag k="type" v="line_thin"/>
    <tag k="subtype" v="solid"/>
  </way>
  <way id="567">
    <nd ref="554"/>
    <nd ref="566"/>
    <nd ref="568"/>
    <nd ref="569"/>
    <nd ref="570"/>
    <nd ref="571"/>
    <nd ref="572"/>
    <nd ref="573"/>
    <tag k="type" v="line_thin"/>
    <tag k="subtype" v="solid"/>
  </way>
  <way id="576">
    <nd ref="573"/>
    <nd ref="575"/>
    <nd ref="577"/>
    <nd ref="578"/>
    <nd ref="579"/>
    <nd ref="580"/>
    <tag k="type" v="line_thin"/>
    <tag k="subtype" v="solid"/>
  </way>
  <way id="582">
    <nd ref="565"/>
    <nd ref="581"/>
    <nd ref="583"/>
    <nd ref="584"/>
    <nd ref="585"/>
    <nd ref="586"/>
    <tag k="type" v="line_thin"/>
    <tag k="subtype" v="solid"/>
  </way>
  <way id="589">
    <nd ref="586"/>
    <nd ref="588"/>
    <nd ref="590"/>
    <nd ref="591"/>
    <nd ref="592"/>
    <nd ref="593"/>
    <nd ref="594"/>
    <nd ref="595"/>
    <tag k="type" v="line_thin"/>
    <tag k="subtype" v="solid"/>
  </way>
  <way id="597">
    <nd ref="580"/>
    <nd ref="596"/>
    <nd ref="598"/>
    <nd ref="599"/>
    <nd ref="600"/>
    <nd ref="601"/>
    <nd ref="602"/>
    <tag k="type" v="line_thin"/>
    <tag k="subtype" v="solid"/>
  </way>
  <way id="605">
    <nd ref="602"/>
    <nd ref="604"/>
    <nd ref="606"/>
    <nd ref="607"/>
    <nd ref="608"/>
    <tag k="type" v="line_thin"/>
    <tag k="subtype" v="solid"/>
  </way>
  <way id="610">
    <nd ref="595"/>
    <nd ref="609"/>
    <nd ref="611"/>
    <nd ref="612"/>
    <nd ref="613"/>
    <tag k="type" v="line_thin"/>
    <tag k="subtype" v="solid"/>
  </way>
  <way id="616">
    <nd ref="613"/>
    <nd ref="615"/>
    <nd ref="617"/>
    <nd ref="618"/>
    <nd ref="619"/>
    <tag k="type" v="line_thin"/>
    <tag k="subtype" v="solid"/>
  </way>
  <way id="621">
    <nd ref="608"/>
    <nd ref="620"/>
    <nd ref="622"/>
    <nd ref="623"/>
    <nd ref="624"/>
    <tag k="type" v="line_thin"/>
    <tag k="subtype" v="solid"/>
  </way>
  <way id="627">
    <nd ref="624"/>
    <nd ref="626"/>
    <nd ref="628"/>
    <nd ref="629"/>
    <nd ref="630"/>
    <tag k="type" v="line_thin"/>
    <tag k="subtype" v="solid"/>
  </way>
  <way id="632">
    <nd ref="619"/>
    <nd ref="631"/>
    <nd ref="633"/>
    <nd ref="634"/>
    <nd ref="635"/>
    <nd ref="636"/>
    <tag k="type" v="line_thin"/>
    <tag k="subtype" v="solid"/>
  </way>
  <way id="639">
    <nd ref="636"/>
    <nd ref="638"/>
    <nd ref="640"/>
    <nd ref="641"/>
    <nd ref="642"/>
    <nd ref="643"/>
    <nd ref="644"/>
    <nd ref="645"/>
    <tag k="type" v="line_thin"/>
    <tag k="subtype" v="solid"/>
  </way>
  <way id="647">
    <nd ref="630"/>
    <nd ref="646"/>
    <nd ref="648"/>
    <nd ref="649"/>
    <nd ref="650"/>
    <tag k="type" v="line_thin"/>
    <tag k="subtype" v="solid"/>
  </way>
  <way id="653">
    <nd ref="645"/>
    <nd ref="652"/>
    <nd ref="654"/>
    <nd ref="655"/>
    <tag k="type" v="line_thin"/>
    <tag k="subtype" v="solid"/>
  </way>
  <way id="657">
    <nd ref="650"/>
    <nd ref="656"/>
    <nd ref="658"/>
    <nd ref="659"/>
    <nd ref="660"/>
    <nd ref="661"/>
    <nd ref="662"/>
    <tag k="type" v="line_thin"/>
    <tag k="subtype" v="solid"/>
  </way>
  <way id="665">
    <nd ref="662"/>
    <nd ref="664"/>
    <nd ref="666"/>
    <nd ref="667"/>
    <nd ref="668"/>
    <nd ref="669"/>
    <nd ref="670"/>
    <nd ref="671"/>
    <nd ref="672"/>
    <nd ref="673"/>
    <nd ref="674"/>
    <nd ref="675"/>
    <nd ref="676"/>
    <nd ref="677"/>
    <nd ref="678"/>
    <nd ref="679"/>
    <nd ref="680"/>
    <nd ref="681"/>
    <nd ref="682"/>
    <nd ref="683"/>
    <nd ref="684"/>
    <nd ref="685"/>
    <nd ref="686"/>
    <nd ref="687"/>
    <tag k="type" v="line_thin"/>
    <tag k="subtype" v="solid"/>
  </way>
  <way id="689">
    <nd ref="655"/>
    <nd ref="688"/>
    <nd ref="690"/>
    <nd ref="691"/>
    <nd ref="692"/>
    <nd ref="693"/>
    <nd ref="694"/>
    <nd ref="695"/>
    <nd ref="696"/>
    <nd ref="697"/>
    <nd ref="698"/>
    <nd ref="699"/>
    <nd ref="700"/>
    <nd ref="701"/>
    <nd ref="702"/>
    <nd ref="703"/>
    <nd ref="704"/>
    <tag k="type" v="line_thin"/>
    <tag k="subtype" v="solid"/>
  </way>
  <way id="707">
    <nd ref="704"/>
    <nd ref="706"/>
    <nd ref="708"/>
    <nd ref="709"/>
    <nd ref="710"/>
    <tag k="type" v="line_thin"/>
    <tag k="subtype" v="solid"/>
  </way>
  <way id="712">
    <nd ref="687"/>
    <nd ref="711"/>
    <nd ref="713"/>
    <nd ref="714"/>
    <nd ref="715"/>
    <nd ref="716"/>
    <nd ref="717"/>
    <tag k="type" v="line_thin"/>
    <tag k="subtype" v="solid"/>
  </way>
  <way id="720">
    <nd ref="717"/>
    <nd ref="719"/>
    <nd ref="721"/>
    <tag k="type" v="line_thin"/>
    <tag k="subtype" v="solid"/>
  </way>
  <way id="723">
    <nd ref="710"/>
    <nd ref="722"/>
    <nd ref="724"/>
    <tag k="type" v="line_thin"/>
    <tag k="subtype" v="solid"/>
  </way>
  <way id="727">
    <nd ref="721"/>
    <nd ref="726"/>
    <nd ref="728"/>
    <nd ref="729"/>
    <nd ref="730"/>
    <nd ref="731"/>
    <tag k="type" v="line_thin"/>
    <tag k="subtype" v="solid"/>
  </way>
  <way id="733">
    <nd ref="724"/>
    <nd ref="732"/>
    <nd ref="734"/>
    <nd ref="735"/>
    <nd ref="736"/>
    <nd ref="737"/>
    <nd ref="738"/>
    <nd ref="739"/>
    <nd ref="740"/>
    <tag k="type" v="line_thin"/>
    <tag k="subtype" v="solid"/>
  </way>
  <way id="743">
    <nd ref="731"/>
    <nd ref="742"/>
    <nd ref="744"/>
    <nd ref="745"/>
    <nd ref="746"/>
    <nd ref="747"/>
    <nd ref="748"/>
    <tag k="type" v="line_thin"/>
    <tag k="subtype" v="solid"/>
  </way>
  <way id="750">
    <nd ref="740"/>
    <nd ref="749"/>
    <nd ref="751"/>
    <nd ref="752"/>
    <nd ref="753"/>
    <nd ref="754"/>
    <nd ref="755"/>
    <nd ref="756"/>
    <tag k="type" v="line_thin"/>
    <tag k="subtype" v="solid"/>
  </way>
  <way id="759">
    <nd ref="748"/>
    <nd ref="758"/>
    <nd ref="760"/>
    <nd ref="761"/>
    <nd ref="762"/>
    <nd ref="763"/>
    <tag k="type" v="line_thin"/>
    <tag k="subtype" v="solid"/>
  </way>
  <way id="765">
    <nd ref="756"/>
    <nd ref="764"/>
    <nd ref="766"/>
    <nd ref="767"/>
    <nd ref="768"/>
    <nd ref="769"/>
    <nd ref="770"/>
    <nd ref="771"/>
    <nd ref="772"/>
    <nd ref="773"/>
    <tag k="type" v="line_thin"/>
    <tag k="subtype" v="solid"/>
  </way>
  <way id="776">
    <nd ref="773"/>
    <nd ref="775"/>
    <tag k="type" v="line_thin"/>
    <tag k="subtype" v="solid"/>
  </way>
  <way id="778">
    <nd ref="763"/>
    <nd ref="777"/>
    <tag k="type" v="line_thin"/>
    <tag k="subtype" v="solid"/>
  </way>
  <way id="781">
    <nd ref="775"/>
    <nd ref="780"/>
    <nd ref="782"/>
    <nd ref="783"/>
    <nd ref="784"/>
    <tag k="type" v="line_thin"/>
    <tag k="subtype" v="solid"/>
  </way>
  <way id="786">
    <nd ref="777"/>
    <nd ref="785"/>
    <nd ref="787"/>
    <nd ref="788"/>
    <nd ref="789"/>
    <nd ref="790"/>
    <nd ref="791"/>
    <tag k="type" v="line_thin"/>
    <tag k="subtype" v="solid"/>
  </way>
  <way id="794">
    <nd ref="784"/>
    <nd ref="793"/>
    <nd ref="795"/>
    <nd ref="796"/>
    <nd ref="797"/>
    <nd ref="798"/>
    <nd ref="799"/>
    <tag k="type" v="line_thin"/>
    <tag k="subtype" v="solid"/>
  </way>
  <way id="801">
    <nd ref="799"/>
    <nd ref="800"/>
    <nd ref="802"/>
    <nd ref="803"/>
    <nd ref="804"/>
    <nd ref="805"/>
    <nd ref="806"/>
    <nd ref="807"/>
    <nd ref="808"/>
    <nd ref="809"/>
    <nd ref="810"/>
    <tag k="type" v="line_thin"/>
    <tag k="subtype" v="solid"/>
  </way>
  <way id="814">
    <nd ref="810"/>
    <nd ref="813"/>
    <nd ref="815"/>
    <nd ref="816"/>
    <nd ref="817"/>
    <tag k="type" v="line_thin"/>
    <tag k="subtype" v="solid"/>
  </way>
  <way id="819">
    <nd ref="342"/>
    <nd ref="818"/>
    <nd ref="820"/>
    <nd ref="821"/>
    <nd ref="822"/>
    <nd ref="823"/>
    <nd ref="824"/>
    <nd ref="825"/>
    <nd ref="826"/>
    <nd ref="827"/>
    <tag k="type" v="line_thin"/>
    <tag k="subtype" v="solid"/>
  </way>
  <way id="830">
    <nd ref="817"/>
    <nd ref="829"/>
    <nd ref="831"/>
    <nd ref="832"/>
    <nd ref="833"/>
    <tag k="type" v="line_thin"/>
    <tag k="subtype" v="solid"/>
  </way>
  <way id="835">
    <nd ref="827"/>
    <nd ref="834"/>
    <nd ref="836"/>
    <nd ref="837"/>
    <nd ref="838"/>
    <tag k="type" v="line_thin"/>
    <tag k="subtype" v="solid"/>
  </way>
  <way id="841">
    <nd ref="833"/>
    <nd ref="840"/>
    <nd ref="842"/>
    <nd ref="843"/>
    <nd ref="844"/>
    <nd ref="845"/>
    <nd ref="846"/>
    <nd ref="847"/>
    <nd ref="848"/>
    <nd ref="849"/>
    <tag k="type" v="line_thin"/>
    <tag k="subtype" v="solid"/>
  </way>
  <way id="851">
    <nd ref="838"/>
    <nd ref="850"/>
    <nd ref="852"/>
    <nd ref="853"/>
    <nd ref="854"/>
    <nd ref="855"/>
    <nd ref="856"/>
    <nd ref="857"/>
    <nd ref="858"/>
    <tag k="type" v="line_thin"/>
    <tag k="subtype" v="solid"/>
  </way>
  <way id="861">
    <nd ref="849"/>
    <nd ref="860"/>
    <nd ref="862"/>
    <nd ref="863"/>
    <nd ref="864"/>
    <nd ref="865"/>
    <tag k="type" v="line_thin"/>
    <tag k="subtype" v="solid"/>
  </way>
  <way id="867">
    <nd ref="858"/>
    <nd ref="866"/>
    <tag k="type" v="line_thin"/>
    <tag k="subtype" v="solid"/>
  </way>
  <way id="870">
    <nd ref="865"/>
    <nd ref="869"/>
    <nd ref="871"/>
    <nd ref="872"/>
    <nd ref="873"/>
    <nd ref="874"/>
    <nd ref="875"/>
    <nd ref="876"/>
    <tag k="type" v="line_thin"/>
    <tag k="subtype" v="solid"/>
  </way>
  <way id="878">
    <nd ref="866"/>
    <nd ref="877"/>
    <nd ref="879"/>
    <nd ref="880"/>
    <nd ref="881"/>
    <nd ref="882"/>
    <nd ref="883"/>
    <tag k="type" v="line_thin"/>
    <tag k="subtype" v="solid"/>
  </way>
  <way id="886">
    <nd ref="876"/>
    <nd ref="885"/>
    <tag k="type" v="line_thin"/>
    <tag k="subtype" v="solid"/>
  </way>
  <way id="888">
    <nd ref="883"/>
    <nd ref="887"/>
    <tag k="type" v="line_thin"/>
    <tag k="subtype" v="solid"/>
  </way>
  <way id="891">
    <nd ref="885"/>
    <nd ref="890"/>
    <nd ref="892"/>
    <nd ref="893"/>
    <nd ref="894"/>
    <nd ref="895"/>
    <nd ref="896"/>
    <nd ref="897"/>
    <nd ref="898"/>
    <nd ref="899"/>
    <nd ref="900"/>
    <tag k="type" v="line_thin"/>
    <tag k="subtype" v="solid"/>
  </way>
  <way id="902">
    <nd ref="887"/>
    <nd ref="901"/>
    <nd ref="903"/>
    <nd ref="904"/>
    <nd ref="905"/>
    <nd ref="906"/>
    <nd ref="907"/>
    <nd ref="908"/>
    <tag k="type" v="line_thin"/>
    <tag k="subtype" v="solid"/>
  </way>
  <way id="911">
    <nd ref="908"/>
    <nd ref="910"/>
    <tag k="type" v="line_thin"/>
    <tag k="subtype" v="solid"/>
  </way>
  <way id="913">
    <nd ref="900"/>
    <nd ref="912"/>
    <tag k="type" v="line_thin"/>
    <tag k="subtype" v="solid"/>
  </way>
  <way id="916">
    <nd ref="912"/>
    <nd ref="915"/>
    <nd ref="917"/>
    <nd ref="918"/>
    <nd ref="919"/>
    <nd ref="920"/>
    <nd ref="921"/>
    <tag k="type" v="line_thin"/>
    <tag k="subtype" v="solid"/>
  </way>
  <way id="923">
    <nd ref="910"/>
    <nd ref="922"/>
    <nd ref="924"/>
    <nd ref="925"/>
    <nd ref="926"/>
    <nd ref="927"/>
    <nd ref="928"/>
    <nd ref="929"/>
    <nd ref="930"/>
    <nd ref="931"/>
    <nd ref="932"/>
    <tag k="type" v="line_thin"/>
    <tag k="subtype" v="solid"/>
  </way>
  <way id="951">
    <nd ref="921"/>
    <nd ref="950"/>
    <nd ref="952"/>
    <nd ref="953"/>
    <tag k="type" v="line_thin"/>
    <tag k="subtype" v="solid"/>
  </way>
  <way id="956">
    <nd ref="953"/>
    <nd ref="955"/>
    <nd ref="957"/>
    <nd ref="958"/>
    <nd ref="959"/>
    <nd ref="960"/>
    <nd ref="961"/>
    <nd ref="962"/>
    <nd ref="963"/>
    <nd ref="964"/>
    <nd ref="965"/>
    <nd ref="966"/>
    <nd ref="967"/>
    <nd ref="968"/>
    <tag k="type" v="line_thin"/>
    <tag k="subtype" v="solid"/>
  </way>
  <way id="974">
    <nd ref="968"/>
    <nd ref="973"/>
    <nd ref="975"/>
    <nd ref="976"/>
    <nd ref="977"/>
    <tag k="type" v="line_thin"/>
    <tag k="subtype" v="solid"/>
  </way>
  <way id="980">
    <nd ref="977"/>
    <nd ref="979"/>
    <tag k="type" v="line_thin"/>
    <tag k="subtype" v="solid"/>
  </way>
  <way id="983">
    <nd ref="979"/>
    <nd ref="982"/>
    <nd ref="984"/>
    <nd ref="985"/>
    <nd ref="986"/>
    <nd ref="987"/>
    <nd ref="988"/>
    <nd ref="989"/>
    <tag k="type" v="line_thin"/>
    <tag k="subtype" v="solid"/>
  </way>
  <way id="992">
    <nd ref="989"/>
    <nd ref="991"/>
    <tag k="type" v="line_thin"/>
    <tag k="subtype" v="solid"/>
  </way>
  <way id="995">
    <nd ref="991"/>
    <nd ref="994"/>
    <tag k="type" v="line_thin"/>
    <tag k="subtype" v="solid"/>
  </way>
  <way id="998">
    <nd ref="994"/>
    <nd ref="997"/>
    <tag k="type" v="line_thin"/>
    <tag k="subtype" v="solid"/>
  </way>
  <relation id="9">
    <member type="way" role="left" ref="3"/>
    <member type="way" role="right" ref="6"/>
    <tag k="type" v="lanelet"/>
    <tag k="subtype" v="road"/>
    <tag k="speed_limit" v="0.2"/>
    <tag k="location" v="urban"/>
    <tag k="one_way" v="yes"/>
  </relation>
  <relation id="22">
    <member type="way" role="left" ref="18"/>
    <member type="way" role="right" ref="12"/>
    <tag k="type" v="lanelet"/>
    <tag k="subtype" v="road"/>
    <tag k="speed_limit" v="0.2"/>
    <tag k="location" v="urban"/>
    <tag k="one_way" v="yes"/>
    <tag k="turn_direction" v="straight"/>
  </relation>
  <relation id="33">
    <member type="way" role="left" ref="25"/>
    <member type="way" role="right" ref="30"/>
    <tag k="type" v="lanelet"/>
    <tag k="subtype" v="road"/>
    <tag k="speed_limit" v="0.2"/>
    <tag k="location" v="urban"/>
    <tag k="one_way" v="yes"/>
  </relation>
  <relation id="39">
    <member type="way" role="left" ref="6"/>
    <member type="way" role="right" ref="36"/>
    <tag k="type" v="lanelet"/>
    <tag k="subtype" v="road"/>
    <tag k="speed_limit" v="0.2"/>
    <tag k="location" v="urban"/>
    <tag k="one_way" v="yes"/>
  </relation>
  <relation id="46">
    <member type="way" role="left" ref="42"/>
    <member type="way" role="right" ref="18"/>
    <tag k="type" v="lanelet"/>
    <tag k="subtype" v="road"/>
    <tag k="speed_limit" v="0.2"/>
    <tag k="location" v="urban"/>
    <tag k="one_way" v="yes"/>
    <tag k="turn_direction" v="straight"/>
  </relation>
  <relation id="52">
    <member type="way" role="left" ref="49"/>
    <member type="way" role="right" ref="30"/>
    <tag k="type" v="lanelet"/>
    <tag k="subtype" v="road"/>
    <tag k="speed_limit" v="0.2"/>
    <tag k="location" v="urban"/>
    <tag k="one_way" v="yes"/>
  </relation>
  <relation id="68">
    <member type="way" role="left" ref="60"/>
    <member type="way" role="right" ref="55"/>
    <tag k="type" v="lanelet"/>
    <tag k="subtype" v="road"/>
    <tag k="speed_limit" v="0.2"/>
    <tag k="location" v="urban"/>
    <tag k="one_way" v="yes"/>
    <tag k="turn_direction" v="right"/>
  </relation>
  <relation id="84">
    <member type="way" role="left" ref="71"/>
    <member type="way" role="right" ref="76"/>
    <tag k="type" v="lanelet"/>
    <tag k="subtype" v="road"/>
    <tag k="speed_limit" v="0.2"/>
    <tag k="location" v="urban"/>
    <tag k="one_way" v="yes"/>
    <tag k="turn_direction" v="right"/>
  </relation>
  <relation id="96">
    <member type="way" role="left" ref="76"/>
    <member type="way" role="right" ref="87"/>
    <tag k="type" v="lanelet"/>
    <tag k="subtype" v="road"/>
    <tag k="speed_limit" v="0.2"/>
    <tag k="location" v="urban"/>
    <tag k="one_way" v="yes"/>
    <tag k="turn_direction" v="left"/>
  </relation>
  <relation id="149">
    <member type="way" role="left" ref="145"/>
    <member type="way" role="right" ref="137"/>
    <tag k="type" v="lanelet"/>
    <tag k="subtype" v="road"/>
    <tag k="speed_limit" v="0.2"/>
    <tag k="location" v="urban"/>
    <tag k="one_way" v="yes"/>
    <tag k="turn_direction" v="right"/>
  </relation>
  <relation id="165">
    <member type="way" role="left" ref="159"/>
    <member type="way" role="right" ref="152"/>
    <tag k="type" v="lanelet"/>
    <tag k="subtype" v="road"/>
    <tag k="speed_limit" v="0.2"/>
    <tag k="location" v="urban"/>
    <tag k="one_way" v="yes"/>
    <tag k="turn_direction" v="straight"/>
  </relation>
  <relation id="186">
    <member type="way" role="left" ref="169"/>
    <member type="way" role="right" ref="179"/>
    <tag k="type" v="lanelet"/>
    <tag k="subtype" v="road"/>
    <tag k="speed_limit" v="0.2"/>
    <tag k="location" v="urban"/>
    <tag k="one_way" v="yes"/>
  </relation>
  <relation id="203">
    <member type="way" role="left" ref="197"/>
    <member type="way" role="right" ref="190"/>
    <tag k="type" v="lanelet"/>
    <tag k="subtype" v="road"/>
    <tag k="speed_limit" v="0.2"/>
    <tag k="location" v="urban"/>
    <tag k="one_way" v="yes"/>
    <tag k="turn_direction" v="straight"/>
  </relation>
  <relation id="217">
    <member type="way" role="left" ref="212"/>
    <member type="way" role="right" ref="206"/>
    <tag k="type" v="lanelet"/>
    <tag k="subtype" v="road"/>
    <tag k="speed_limit" v="0.2"/>
    <tag k="location" v="urban"/>
    <tag k="one_way" v="yes"/>
  </relation>
  <relation id="231">
    <member type="way" role="left" ref="226"/>
    <member type="way" role="right" ref="219"/>
    <tag k="type" v="lanelet"/>
    <tag k="subtype" v="road"/>
    <tag k="speed_limit" v="0.2"/>
    <tag k="location" v="urban"/>
    <tag k="one_way" v="yes"/>
    <tag k="turn_direction" v="right"/>
  </relation>
  <relation id="255">
    <member type="way" role="left" ref="245"/>
    <member type="way" role="right" ref="233"/>
    <tag k="type" v="lanelet"/>
    <tag k="subtype" v="road"/>
    <tag k="speed_limit" v="0.2"/>
    <tag k="location" v="urban"/>
    <tag k="one_way" v="yes"/>
  </relation>
  <relation id="280">
    <member type="way" role="left" ref="268"/>
    <member type="way" role="right" ref="274"/>
    <tag k="type" v="lanelet"/>
    <tag k="subtype" v="road"/>
    <tag k="speed_limit" v="0.2"/>
    <tag k="location" v="urban"/>
    <tag k="one_way" v="yes"/>
  </relation>
  <relation id="317">
    <member type="way" role="left" ref="298"/>
    <member type="way" role="right" ref="282"/>
    <tag k="type" v="lanelet"/>
    <tag k="subtype" v="road"/>
    <tag k="speed_limit" v="0.2"/>
    <tag k="location" v="urban"/>
    <tag k="one_way" v="yes"/>
  </relation>
  <relation id="326">
    <member type="way" role="left" ref="323"/>
    <member type="way" role="right" ref="319"/>
    <tag k="type" v="lanelet"/>
    <tag k="subtype" v="road"/>
    <tag k="speed_limit" v="0.2"/>
    <tag k="location" v="urban"/>
    <tag k="one_way" v="yes"/>
  </relation>
  <relation id="343">
    <member type="way" role="left" ref="334"/>
    <member type="way" role="right" ref="328"/>
    <tag k="type" v="lanelet"/>
    <tag k="subtype" v="road"/>
    <tag k="speed_limit" v="0.2"/>
    <tag k="location" v="urban"/>
    <tag k="one_way" v="yes"/>
    <tag k="turn_direction" v="right"/>
  </relation>
  <relation id="386">
    <member type="way" role="left" ref="366"/>
    <member type="way" role="right" ref="345"/>
    <tag k="type" v="lanelet"/>
    <tag k="subtype" v="road"/>
    <tag k="speed_limit" v="0.2"/>
    <tag k="location" v="urban"/>
    <tag k="one_way" v="yes"/>
  </relation>
  <relation id="405">
    <member type="way" role="left" ref="395"/>
    <member type="way" role="right" ref="388"/>
    <tag k="type" v="lanelet"/>
    <tag k="subtype" v="road"/>
    <tag k="speed_limit" v="0.2"/>
    <tag k="location" v="urban"/>
    <tag k="one_way" v="yes"/>
    <tag k="turn_direction" v="right"/>
  </relation>
  <relation id="443">
    <member type="way" role="left" ref="426"/>
    <member type="way" role="right" ref="407"/>
    <tag k="type" v="lanelet"/>
    <tag k="subtype" v="road"/>
    <tag k="speed_limit" v="0.2"/>
    <tag k="location" v="urban"/>
    <tag k="one_way" v="yes"/>
  </relation>
  <relation id="458">
    <member type="way" role="left" ref="450"/>
    <member type="way" role="right" ref="445"/>
    <tag k="type" v="lanelet"/>
    <tag k="subtype" v="road"/>
    <tag k="speed_limit" v="0.2"/>
    <tag k="location" v="urban"/>
    <tag k="one_way" v="yes"/>
    <tag k="turn_direction" v="right"/>
  </relation>
  <relation id="478">
    <member type="way" role="left" ref="469"/>
    <member type="way" role="right" ref="460"/>
    <tag k="type" v="lanelet"/>
    <tag k="subtype" v="road"/>
    <tag k="speed_limit" v="0.2"/>
    <tag k="location" v="urban"/>
    <tag k="one_way" v="yes"/>
  </relation>
  <relation id="495">
    <member type="way" role="left" ref="489"/>
    <member type="way" role="right" ref="480"/>
    <tag k="type" v="lanelet"/>
    <tag k="subtype" v="road"/>
    <tag k="speed_limit" v="0.2"/>
    <tag k="location" v="urban"/>
    <tag k="one_way" v="yes"/>
    <tag k="turn_direction" v="left"/>
  </relation>
  <relation id="506">
    <member type="way" role="left" ref="502"/>
    <member type="way" role="right" ref="497"/>
    <tag k="type" v="lanelet"/>
    <tag k="subtype" v="road"/>
    <tag k="speed_limit" v="0.2"/>
    <tag k="location" v="urban"/>
    <tag k="one_way" v="yes"/>
  </relation>
  <relation id="521">
    <member type="way" role="left" ref="515"/>
    <member type="way" role="right" ref="508"/>
    <tag k="type" v="lanelet"/>
    <tag k="subtype" v="road"/>
    <tag k="speed_limit" v="0.2"/>
    <tag k="location" v="urban"/>
    <tag k="one_way" v="yes"/>
    <tag k="turn_direction" v="straight"/>
  </relation>
  <relation id="532">
    <member type="way" role="left" ref="528"/>
    <member type="way" role="right" ref="523"/>
    <tag k="type" v="lanelet"/>
    <tag k="subtype" v="road"/>
    <tag k="speed_limit" v="0.2"/>
    <tag k="location" v="urban"/>
    <tag k="one_way" v="yes"/>
  </relation>
  <relation id="543">
    <member type="way" role="left" ref="539"/>
    <member type="way" role="right" ref="534"/>
    <tag k="type" v="lanelet"/>
    <tag k="subtype" v="road"/>
    <tag k="speed_limit" v="0.2"/>
    <tag k="location" v="urban"/>
    <tag k="one_way" v="yes"/>
    <tag k="turn_direction" v="straight"/>
  </relation>
  <relation id="555">
    <member type="way" role="left" ref="550"/>
    <member type="way" role="right" ref="545"/>
    <tag k="type" v="lanelet"/>
    <tag k="subtype" v="road"/>
    <tag k="speed_limit" v="0.2"/>
    <tag k="location" v="urban"/>
    <tag k="one_way" v="yes"/>
  </relation>
  <relation id="574">
    <member type="way" role="left" ref="567"/>
    <member type="way" role="right" ref="557"/>
    <tag k="type" v="lanelet"/>
    <tag k="subtype" v="road"/>
    <tag k="speed_limit" v="0.2"/>
    <tag k="location" v="urban"/>
    <tag k="one_way" v="yes"/>
    <tag k="turn_direction" v="left"/>
  </relation>
  <relation id="587">
    <member type="way" role="left" ref="582"/>
    <member type="way" role="right" ref="576"/>
    <tag k="type" v="lanelet"/>
    <tag k="subtype" v="road"/>
    <tag k="speed_limit" v="0.2"/>
    <tag k="location" v="urban"/>
    <tag k="one_way" v="yes"/>
  </relation>
  <relation id="603">
    <member type="way" role="left" ref="597"/>
    <member type="way" role="right" ref="589"/>
    <tag k="type" v="lanelet"/>
    <tag k="subtype" v="road"/>
    <tag k="speed_limit" v="0.2"/>
    <tag k="location" v="urban"/>
    <tag k="one_way" v="yes"/>
    <tag k="turn_direction" v="straight"/>
  </relation>
  <relation id="614">
    <member type="way" role="left" ref="610"/>
    <member type="way" role="right" ref="605"/>
    <tag k="type" v="lanelet"/>
    <tag k="subtype" v="road"/>
    <tag k="speed_limit" v="0.2"/>
    <tag k="location" v="urban"/>
    <tag k="one_way" v="yes"/>
  </relation>
  <relation id="625">
    <member type="way" role="left" ref="621"/>
    <member type="way" role="right" ref="616"/>
    <tag k="type" v="lanelet"/>
    <tag k="subtype" v="road"/>
    <tag k="speed_limit" v="0.2"/>
    <tag k="location" v="urban"/>
    <tag k="one_way" v="yes"/>
    <tag k="turn_direction" v="straight"/>
  </relation>
  <relation id="637">
    <member type="way" role="left" ref="632"/>
    <member type="way" role="right" ref="627"/>
    <tag k="type" v="lanelet"/>
    <tag k="subtype" v="road"/>
    <tag k="speed_limit" v="0.2"/>
    <tag k="location" v="urban"/>
    <tag k="one_way" v="yes"/>
  </relation>
  <relation id="651">
    <member type="way" role="left" ref="647"/>
    <member type="way" role="right" ref="639"/>
    <tag k="type" v="lanelet"/>
    <tag k="subtype" v="road"/>
    <tag k="speed_limit" v="0.2"/>
    <tag k="location" v="urban"/>
    <tag k="one_way" v="yes"/>
    <tag k="turn_direction" v="left"/>
  </relation>
  <relation id="663">
    <member type="way" role="left" ref="657"/>
    <member type="way" role="right" ref="653"/>
    <tag k="type" v="lanelet"/>
    <tag k="subtype" v="road"/>
    <tag k="speed_limit" v="0.2"/>
    <tag k="location" v="urban"/>
    <tag k="one_way" v="yes"/>
    <tag k="turn_direction" v="right"/>
  </relation>
  <relation id="705">
    <member type="way" role="left" ref="689"/>
    <member type="way" role="right" ref="665"/>
    <tag k="type" v="lanelet"/>
    <tag k="subtype" v="road"/>
    <tag k="speed_limit" v="0.2"/>
    <tag k="location" v="urban"/>
    <tag k="one_way" v="yes"/>
  </relation>
  <relation id="718">
    <member type="way" role="left" ref="712"/>
    <member type="way" role="right" ref="707"/>
    <tag k="type" v="lanelet"/>
    <tag k="subtype" v="road"/>
    <tag k="speed_limit" v="0.2"/>
    <tag k="location" v="urban"/>
    <tag k="one_way" v="yes"/>
    <tag k="turn_direction" v="straight"/>
  </relation>
  <relation id="725">
    <member type="way" role="left" ref="723"/>
    <member type="way" role="right" ref="720"/>
    <tag k="type" v="lanelet"/>
    <tag k="subtype" v="road"/>
    <tag k="speed_limit" v="0.2"/>
    <tag k="location" v="urban"/>
    <tag k="one_way" v="yes"/>
  </relation>
  <relation id="741">
    <member type="way" role="left" ref="733"/>
    <member type="way" role="right" ref="727"/>
    <tag k="type" v="lanelet"/>
    <tag k="subtype" v="road"/>
    <tag k="speed_limit" v="0.2"/>
    <tag k="location" v="urban"/>
    <tag k="one_way" v="yes"/>
    <tag k="turn_direction" v="left"/>
  </relation>
  <relation id="757">
    <member type="way" role="left" ref="750"/>
    <member type="way" role="right" ref="743"/>
    <tag k="type" v="lanelet"/>
    <tag k="subtype" v="road"/>
    <tag k="speed_limit" v="0.2"/>
    <tag k="location" v="urban"/>
    <tag k="one_way" v="yes"/>
  </relation>
  <relation id="774">
    <member type="way" role="left" ref="765"/>
    <member type="way" role="right" ref="759"/>
    <tag k="type" v="lanelet"/>
    <tag k="subtype" v="road"/>
    <tag k="speed_limit" v="0.2"/>
    <tag k="location" v="urban"/>
    <tag k="one_way" v="yes"/>
    <tag k="turn_direction" v="left"/>
  </relation>
  <relation id="779">
    <member type="way" role="left" ref="778"/>
    <member type="way" role="right" ref="776"/>
    <tag k="type" v="lanelet"/>
    <tag k="subtype" v="road"/>
    <tag k="speed_limit" v="0.2"/>
    <tag k="location" v="urban"/>
    <tag k="one_way" v="yes"/>
  </relation>
  <relation id="792">
    <member type="way" role="left" ref="786"/>
    <member type="way" role="right" ref="781"/>
    <tag k="type" v="lanelet"/>
    <tag k="subtype" v="road"/>
    <tag k="speed_limit" v="0.2"/>
    <tag k="location" v="urban"/>
    <tag k="one_way" v="yes"/>
    <tag k="turn_direction" v="right"/>
  </relation>
  <relation id="811">
    <member type="way" role="left" ref="801"/>
    <member type="way" role="right" ref="366"/>
    <tag k="type" v="lanelet"/>
    <tag k="subtype" v="road"/>
    <tag k="speed_limit" v="0.2"/>
    <tag k="location" v="urban"/>
    <tag k="one_way" v="yes"/>
  </relation>
  <relation id="828">
    <member type="way" role="left" ref="819"/>
    <member type="way" role="right" ref="814"/>
    <tag k="type" v="lanelet"/>
    <tag k="subtype" v="road"/>
    <tag k="speed_limit" v="0.2"/>
    <tag k="location" v="urban"/>
    <tag k="one_way" v="yes"/>
    <tag k="turn_direction" v="right"/>
  </relation>
  <relation id="839">
    <member type="way" role="left" ref="835"/>
    <member type="way" role="right" ref="830"/>
    <tag k="type" v="lanelet"/>
    <tag k="subtype" v="road"/>
    <tag k="speed_limit" v="0.2"/>
    <tag k="location" v="urban"/>
    <tag k="one_way" v="yes"/>
  </relation>
  <relation id="859">
    <member type="way" role="left" ref="851"/>
    <member type="way" role="right" ref="841"/>
    <tag k="type" v="lanelet"/>
    <tag k="subtype" v="road"/>
    <tag k="speed_limit" v="0.2"/>
    <tag k="location" v="urban"/>
    <tag k="one_way" v="yes"/>
    <tag k="turn_direction" v="left"/>
  </relation>
  <relation id="868">
    <member type="way" role="left" ref="867"/>
    <member type="way" role="right" ref="861"/>
    <tag k="type" v="lanelet"/>
    <tag k="subtype" v="road"/>
    <tag k="speed_limit" v="0.2"/>
    <tag k="location" v="urban"/>
    <tag k="one_way" v="yes"/>
  </relation>
  <relation id="884">
    <member type="way" role="left" ref="878"/>
    <member type="way" role="right" ref="870"/>
    <tag k="type" v="lanelet"/>
    <tag k="subtype" v="road"/>
    <tag k="speed_limit" v="0.2"/>
    <tag k="location" v="urban"/>
    <tag k="one_way" v="yes"/>
    <tag k="turn_direction" v="left"/>
  </relation>
  <relation id="889">
    <member type="way" role="left" ref="888"/>
    <member type="way" role="right" ref="886"/>
    <tag k="type" v="lanelet"/>
    <tag k="subtype" v="road"/>
    <tag k="speed_limit" v="0.2"/>
    <tag k="location" v="urban"/>
    <tag k="one_way" v="yes"/>
  </relation>
  <relation id="909">
    <member type="way" role="left" ref="902"/>
    <member type="way" role="right" ref="891"/>
    <tag k="type" v="lanelet"/>
    <tag k="subtype" v="road"/>
    <tag k="speed_limit" v="0.2"/>
    <tag k="location" v="urban"/>
    <tag k="one_way" v="yes"/>
    <tag k="turn_direction" v="left"/>
  </relation>
  <relation id="914">
    <member type="way" role="left" ref="913"/>
    <member type="way" role="right" ref="911"/>
    <tag k="type" v="lanelet"/>
    <tag k="subtype" v="road"/>
    <tag k="speed_limit" v="0.2"/>
    <tag k="location" v="urban"/>
    <tag k="one_way" v="yes"/>
  </relation>
  <relation id="933">
    <member type="way" role="left" ref="923"/>
    <member type="way" role="right" ref="916"/>
    <tag k="type" v="lanelet"/>
    <tag k="subtype" v="road"/>
    <tag k="speed_limit" v="0.2"/>
    <tag k="location" v="urban"/>
    <tag k="one_way" v="yes"/>
    <tag k="turn_direction" v="right"/>
  </relation>
  <relation id="954">
    <member type="way" role="left" ref="951"/>
    <member type="way" role="right" ref="319"/>
    <tag k="type" v="lanelet"/>
    <tag k="subtype" v="road"/>
    <tag k="speed_limit" v="0.2"/>
    <tag k="location" v="urban"/>
    <tag k="one_way" v="yes"/>
  </relation>
  <relation id="972">
    <member type="way" role="left" ref="956"/>
    <member type="way" role="right" ref="282"/>
    <tag k="type" v="lanelet"/>
    <tag k="subtype" v="road"/>
    <tag k="speed_limit" v="0.2"/>
    <tag k="location" v="urban"/>
    <tag k="one_way" v="yes"/>
  </relation>
  <relation id="978">
    <member type="way" role="left" ref="974"/>
    <member type="way" role="right" ref="268"/>
    <tag k="type" v="lanelet"/>
    <tag k="subtype" v="road"/>
    <tag k="speed_limit" v="0.2"/>
    <tag k="location" v="urban"/>
    <tag k="one_way" v="yes"/>
  </relation>
  <relation id="981">
    <member type="way" role="left" ref="980"/>
    <member type="way" role="right" ref="233"/>
    <tag k="type" v="lanelet"/>
    <tag k="subtype" v="road"/>
    <tag k="speed_limit" v="0.2"/>
    <tag k="location" v="urban"/>
    <tag k="one_way" v="yes"/>
  </relation>
  <relation id="990">
    <member type="way" role="left" ref="983"/>
    <member type="way" role="right" ref="219"/>
    <tag k="type" v="lanelet"/>
    <tag k="subtype" v="road"/>
    <tag k="speed_limit" v="0.2"/>
    <tag k="location" v="urban"/>
    <tag k="one_way" v="yes"/>
    <tag k="turn_direction" v="left"/>
  </relation>
  <relation id="993">
    <member type="way" role="left" ref="992"/>
    <member type="way" role="right" ref="206"/>
    <tag k="type" v="lanelet"/>
    <tag k="subtype" v="road"/>
    <tag k="speed_limit" v="0.2"/>
    <tag k="location" v="urban"/>
    <tag k="one_way" v="yes"/>
  </relation>
  <relation id="996">
    <member type="way" role="left" ref="995"/>
    <member type="way" role="right" ref="197"/>
    <tag k="type" v="lanelet"/>
    <tag k="subtype" v="road"/>
    <tag k="speed_limit" v="0.2"/>
    <tag k="location" v="urban"/>
    <tag k="one_way" v="yes"/>
    <tag k="turn_direction" v="straight"/>
  </relation>
  <relation id="999">
    <member type="way" role="left" ref="998"/>
    <member type="way" role="right" ref="169"/>
    <tag k="type" v="lanelet"/>
    <tag k="subtype" v="road"/>
    <tag k="speed_limit" v="0.2"/>
    <tag k="location" v="urban"/>
    <tag k="one_way" v="yes"/>
  </relation>
</osm>
